file,label,window,mean,rms,std,peak
97.mat,Normal,1,0.012355663384615384,0.07611598997362352,0.07510646784392695,0.21779446153846155
97.mat,Normal,2,0.012144961846153844,0.07163239830724047,0.07059532837945168,0.27286892307692306
97.mat,Normal,3,0.012646473230769232,0.07743405196923601,0.07639436575558292,0.21237046153846154
97.mat,Normal,4,0.013299647999999999,0.08011180626975699,0.07900013206874514,0.22676492307692306
97.mat,Normal,5,0.010028767384615382,0.07545042627652634,0.07478095111761292,0.18858830769230767
97.mat,Normal,6,0.01265857292307692,0.07093194793257071,0.06979327882439731,0.21925476923076925
97.mat,Normal,7,0.010301219076923078,0.07494391160038294,0.07423257217350918,0.2492953846153846
97.mat,Normal,8,0.011757145846153847,0.07207034155484783,0.07110487784522727,0.24741784615384615
97.mat,Normal,9,0.010519013538461538,0.07653778424405515,0.07581149498042629,0.2207150769230769
97.mat,Normal,10,0.011070384,0.06846361864569356,0.06756266480946044,0.22467876923076924
97.mat,Normal,11,0.010014790153846154,0.07357634584788364,0.0728915814515079,0.19588984615384614
97.mat,Normal,12,0.012669212307692307,0.07088679429531912,0.06974545623171093,0.208824
97.mat,Normal,13,0.008983604307692307,0.07270482211640622,0.07214766810244863,0.20548615384615385
97.mat,Normal,14,0.013032203076923075,0.07068623779830206,0.06947449817767627,0.18358153846153846
97.mat,Normal,15,0.010909750153846154,0.07599177954372191,0.07520457372927718,0.23677846153846152
97.mat,Normal,16,0.011546235692307692,0.07122868114977679,0.07028662361839733,0.21967199999999998
97.mat,Normal,17,0.011808882461538462,0.07221003292071927,0.07123790528518459,0.1940123076923077
97.mat,Normal,18,0.013653251076923077,0.07343578158820972,0.07215540695264451,0.206112
97.mat,Normal,19,0.010908498461538461,0.07564976635023696,0.07485914646962025,0.21049292307692305
97.mat,Normal,20,0.01158336923076923,0.07382599856677935,0.07291161513535258,0.2482523076923077
97.mat,Normal,21,0.011381846769230769,0.07278962817397844,0.07189425243945295,0.23823876923076923
97.mat,Normal,22,0.014056504615384614,0.0750197056367976,0.07369105041882246,0.21967199999999998
97.mat,Normal,23,0.013735654153846153,0.07320256950827848,0.07190235036200328,0.21716861538461538
97.mat,Normal,24,0.011694769846153846,0.07310141192229007,0.0721598834760549,0.20861538461538462
97.mat,Normal,25,0.013301316923076923,0.0739949047113595,0.07278956581375547,0.20632061538461538
97.mat,Normal,26,0.009870219692307693,0.0735130154184256,0.0728473897894445,0.21842030769230766
97.mat,Normal,27,0.009586711384615384,0.071527438866051,0.07088208148442558,0.2073636923076923
97.mat,Normal,28,0.011156542153846153,0.07909035722444949,0.07829952856218537,0.20047938461538461
97.mat,Normal,29,0.007037639999999999,0.07391221320361387,0.07357640167803038,0.28663753846153844
97.mat,Normal,30,0.010874494153846155,0.07190752704419441,0.07108050240754855,0.23156307692307693
97.mat,Normal,31,0.00850212,0.06819027163271066,0.06765816359352701,0.21696000000000001
97.mat,Normal,32,0.009324064615384615,0.07349138021995787,0.07289749505766673,0.20527753846153846
97.mat,Normal,33,0.010725751384615385,0.07311825192480123,0.07232729098876937,0.2207150769230769
97.mat,Normal,34,0.00996347076923077,0.07424925809400618,0.07357772473881635,0.20861538461538462
97.mat,Normal,35,0.011223507692307691,0.07098679507373885,0.07009392234653233,0.22780799999999998
97.mat,Normal,36,0.013629886153846154,0.07384769308204284,0.07257897751396605,0.21320492307692307
97.mat,Normal,37,0.010422841846153844,0.07038292484169621,0.06960689963733424,0.19046584615384615
97.mat,Normal,38,0.013739200615384615,0.07151496925830085,0.07018279842287518,0.23093723076923076
97.mat,Normal,39,0.013682874461538461,0.07674763034836439,0.07551806214779987,0.24011630769230768
97.mat,Normal,40,0.012733883076923077,0.0720523992520092,0.07091823785003534,0.225096
97.mat,Normal,41,0.013149444923076922,0.07057574885599192,0.06933994826071775,0.20632061538461538
97.mat,Normal,42,0.014472066461538462,0.07500038691722019,0.07359087803570186,0.2526332307692308
97.mat,Normal,43,0.01073805969230769,0.07265612607635892,0.07185824051887299,0.19526400000000002
97.mat,Normal,44,0.015401656615384616,0.07455009752425752,0.07294179881506958,0.24866953846153847
97.mat,Normal,45,0.012041071384615382,0.07096069618179,0.06993163091559429,0.2221753846153846
97.mat,Normal,46,0.01445537723076923,0.07571687323360868,0.0743242017205064,0.22467876923076924
97.mat,Normal,47,0.013674947076923075,0.07486679016700744,0.07360728287577306,0.25367630769230765
97.mat,Normal,48,0.012780404307692308,0.07449140838702226,0.0733868597857549,0.19004861538461537
97.mat,Normal,49,0.012100944,0.0747966907207737,0.07381132770170133,0.2436627692307692
97.mat,Normal,50,0.014544038769230766,0.07694146523555047,0.0755543513563086,0.31125415384615385
97.mat,Normal,51,0.010476247384615384,0.07172041764464807,0.07095115607133605,0.19818461538461538
97.mat,Normal,52,0.015802823999999997,0.07411452054410975,0.07241017130975655,0.2330233846153846
97.mat,Normal,53,0.011122120615384616,0.0685619982381311,0.06765386933075097,0.2526332307692308
97.mat,Normal,54,0.013317797538461537,0.07575546691258,0.07457564639926062,0.22864246153846152
97.mat,Normal,55,0.01502948676923077,0.06827286437156238,0.06659803703527056,0.20047938461538461
97.mat,Normal,56,0.013275031384615383,0.0736322497134082,0.07242569806080698,0.20527753846153846
97.mat,Normal,57,0.011633228307692308,0.06670208360023354,0.0656797986884373,0.18170399999999998
97.mat,Normal,58,0.013681831384615383,0.07828223746453211,0.077077339033054,0.27140861538461536
97.mat,Normal,59,0.010256575384615385,0.07052275922738752,0.06977293336548043,0.25805723076923076
97.mat,Normal,60,0.015846424615384613,0.07760372296838805,0.07596860302429716,0.2601433846153846
97.mat,Normal,61,0.012840694153846154,0.07004656374277203,0.06885955028765149,0.26452430769230767
97.mat,Normal,62,0.013690176,0.07535677044677506,0.07410277952450216,0.2261390769230769
97.mat,Normal,63,0.012834018461538463,0.07010792939097604,0.06892321621644606,0.2330233846153846
97.mat,Normal,64,0.012057343384615385,0.07180329131887245,0.07078370656251576,0.2140393846153846
97.mat,Normal,65,0.010619148923076922,0.06902663910559913,0.06820491611580606,0.214248
97.mat,Normal,66,0.013407919384615382,0.07562392317744009,0.07442583862156352,0.2205064615384615
97.mat,Normal,67,0.008538210461538461,0.07119260221921972,0.07067874908951433,0.19735015384615384
97.mat,Normal,68,0.01313922276923077,0.07599569412354108,0.07485122811510406,0.2261390769230769
97.mat,Normal,69,0.011427116307692308,0.06892023970428975,0.06796631852459886,0.19046584615384615
97.mat,Normal,70,0.011789064,0.07395287772100675,0.07300716467047656,0.2157083076923077
97.mat,Normal,71,0.011269194461538462,0.07237049754899924,0.07148772042580274,0.2369870769230769
97.mat,Normal,72,0.014819619692307691,0.07570228799142696,0.07423755976129813,0.21091015384615383
97.mat,Normal,73,0.010860934153846152,0.06732272324931429,0.06644086976409612,0.20861538461538462
97.mat,Normal,74,0.014233827692307691,0.07347973549042013,0.07208793017536154,0.2303113846153846
97.mat,Normal,75,0.008495652923076925,0.07183833658226302,0.07133421678491413,0.22593046153846155
97.mat,Normal,76,0.015188034461538462,0.07239995645717086,0.0707889631524248,0.18545907692307692
97.mat,Normal,77,0.011856029538461538,0.07138654591114739,0.07039512412594698,0.22780799999999998
97.mat,Normal,78,0.012551344615384614,0.07305758633854538,0.07197134617304214,0.192552
97.mat,Normal,79,0.011413556307692307,0.07093783532514154,0.07001362162485265,0.24616615384615384
97.mat,Normal,80,0.011994967384615383,0.07117422769388687,0.07015619320675308,0.24595753846153845
97.mat,Normal,81,0.010529652923076924,0.06932484283095877,0.06852050965117432,0.21612553846153845
97.mat,Normal,82,0.014463513230769233,0.07477573685833609,0.0733635986558081,0.200688
97.mat,Normal,83,0.010225283076923077,0.06994509708570035,0.06919364271611113,0.18712800000000002
97.mat,Normal,84,0.014245510153846154,0.0721990715397182,0.07077973842600731,0.19380369230769232
97.mat,Normal,85,0.013584199384615385,0.07243995773035468,0.07115488038816865,0.2125790769230769
97.mat,Normal,86,0.013686838153846153,0.07283687057178548,0.07153936102623122,0.22572184615384616
97.mat,Normal,87,0.012563027076923076,0.07576651862316597,0.07471770670288973,0.23281476923076924
97.mat,Normal,88,0.014957097230769233,0.07597173961232047,0.07448483377273216,0.22864246153846152
97.mat,Normal,89,0.013494912,0.0725739888057954,0.07130828283794227,0.2075723076923077
97.mat,Normal,90,0.01496252123076923,0.0719114106811413,0.07033757135820473,0.2209236923076923
97.mat,Normal,91,0.01003898953846154,0.06992431443835297,0.06919991646469174,0.18379015384615385
97.mat,Normal,92,0.014340847384615385,0.0768449455987287,0.07549493864069792,0.254928
97.mat,Normal,93,0.012720948923076921,0.07342896333925582,0.07231867058771367,0.20715507692307691
97.mat,Normal,94,0.011950323692307691,0.07280537645571068,0.07181791283869798,0.2628553846153846
97.mat,Normal,95,0.010863020307692308,0.07544405141811494,0.07465788427335612,0.23510953846153848
97.mat,Normal,96,0.013875635076923075,0.07994401459641498,0.0787306307672171,0.20465169230769228
97.mat,Normal,97,0.011331779076923077,0.07018246167067481,0.06926159620675477,0.200688
97.mat,Normal,98,0.015713536615384615,0.07832709607527115,0.07673472972925442,0.24574892307692306
97.mat,Normal,99,0.011068297846153844,0.07104577985201627,0.07017831301456302,0.21862892307692305
97.mat,Normal,100,0.015112932923076923,0.07405184078921305,0.07249327129281403,0.2641070769230769
97.mat,Normal,101,0.013361815384615384,0.06900403907736066,0.06769800069881955,0.19380369230769232
97.mat,Normal,102,0.015306736615384614,0.06943361957839211,0.06772541134569889,0.1785747692307692
97.mat,Normal,103,0.011919031384615385,0.074351220799627,0.07338964998722532,0.1913003076923077
97.mat,Normal,104,0.015047427692307692,0.07071086332761745,0.06909125206841865,0.21007569230769232
97.mat,Normal,105,0.010907038153846154,0.06893349688039503,0.06806514167229784,0.20798953846153845
97.mat,Normal,106,0.014341890461538461,0.0702408867423101,0.06876112526955377,0.2127876923076923
97.mat,Normal,107,0.011316550153846153,0.06851670905979204,0.06757569913067621,0.20506892307692307
97.mat,Normal,108,0.011938432615384615,0.06968142303404687,0.06865110736716283,0.19818461538461538
97.mat,Normal,109,0.01111064676923077,0.0713997078259966,0.07052993553100033,0.21800307692307694
97.mat,Normal,110,0.01268986523076923,0.07247948869180518,0.07135995796979164,0.23761292307692305
97.mat,Normal,111,0.009971398153846154,0.07346137437718606,0.07278148627393206,0.21237046153846154
97.mat,Normal,112,0.015385175999999999,0.0716326783879837,0.06996096749249063,0.2207150769230769
97.mat,Normal,113,0.010125356307692308,0.06970536369697272,0.0689660415550256,0.20527753846153846
97.mat,Normal,114,0.011501800615384614,0.06868650878001188,0.06771665283363162,0.2355267692307692
97.mat,Normal,115,0.01353058523076923,0.07291577584066046,0.07164937982814877,0.22530461538461538
97.mat,Normal,116,0.013403747076923076,0.07501137205032408,0.07380410219743898,0.24866953846153847
97.mat,Normal,117,0.009729821538461537,0.07153597663892768,0.07087119673403926,0.2194633846153846
97.mat,Normal,118,0.011902342153846153,0.06975879237262093,0.06873589574988613,0.19547261538461536
97.mat,Normal,119,0.010229664,0.07906215707278934,0.07839756791794958,0.24199384615384617
97.mat,Normal,120,0.011631559384615384,0.07360684493515933,0.07268200910535397,0.21341353846153846
97.mat,Normal,121,0.01225824,0.07612029494850617,0.07512679185982836,0.235944
97.mat,Normal,122,0.013323430153846154,0.06550782645126707,0.06413861189100453,0.19839323076923077
97.mat,Normal,123,0.015005913230769231,0.07619665571307291,0.07470443701660025,0.2371956923076923
97.mat,Normal,124,0.01259682276923077,0.07021293685373316,0.06907370380793916,0.20944984615384615
97.mat,Normal,125,0.014186680615384613,0.07471288952353299,0.0733536226376906,0.2205064615384615
97.mat,Normal,126,0.014596818461538461,0.07111191744928277,0.0695976845456406,0.20944984615384615
97.mat,Normal,127,0.014505236307692307,0.07776798125494448,0.0764032527326383,0.21132738461538458
97.mat,Normal,128,0.013941348923076923,0.07408846669302871,0.0727649619468673,0.20298276923076922
97.mat,Normal,129,0.013976187692307693,0.07298690335853623,0.0716362634386921,0.19818461538461538
97.mat,Normal,130,0.015005704615384615,0.06848978488129254,0.06682573951765557,0.20527753846153846
97.mat,Normal,131,0.012691116923076923,0.08020401557500648,0.07919355823298176,0.19547261538461536
97.mat,Normal,132,0.014200657846153845,0.0709404309971503,0.06950457586949159,0.24595753846153845
97.mat,Normal,133,0.013353053538461538,0.07634607538224746,0.07516927023372509,0.2205064615384615
97.mat,Normal,134,0.01529526276923077,0.07257386227550457,0.07094378353600891,0.19839323076923077
97.mat,Normal,135,0.010938956307692309,0.07739677609147087,0.07661984197485451,0.19463815384615382
97.mat,Normal,136,0.015019473230769229,0.07365244314031913,0.07210476963702296,0.1940123076923077
97.mat,Normal,137,0.012907242461538463,0.0734623918606379,0.0723196108253147,0.1942209230769231
97.mat,Normal,138,0.01375213476923077,0.07609752318863865,0.07484458447165239,0.22676492307692306
97.mat,Normal,139,0.011420023384615384,0.07160025921175386,0.07068366278769925,0.19359507692307693
97.mat,Normal,140,0.013128374769230768,0.07499479146733817,0.07383674236549283,0.2507556923076923
97.mat,Normal,141,0.011718551999999998,0.07753858727873321,0.07664794880624676,0.21487384615384614
97.mat,Normal,142,0.015526199999999997,0.07676411863178181,0.07517756994525875,0.2561796923076923
97.mat,Normal,143,0.012348779076923076,0.07456486670087967,0.07353520926351743,0.2075723076923077
97.mat,Normal,144,0.01726062830769231,0.0751246225523014,0.07311483860372969,0.20506892307692307
97.mat,Normal,145,0.01496523323076923,0.08124314656500342,0.07985293143104583,0.26535876923076923
97.mat,Normal,146,0.014784572307692308,0.0721079660852783,0.07057602421951992,0.19588984615384614
97.mat,Normal,147,0.01352703876923077,0.07715242148330727,0.07595732593287906,0.2090326153846154
97.mat,Normal,148,0.01580949969230769,0.07961870613087987,0.07803331394625203,0.238656
97.mat,Normal,149,0.010787501538461537,0.07641687069894368,0.07565162217677006,0.20715507692307691
97.mat,Normal,150,0.014665035692307692,0.07290904535697228,0.07141894442659022,0.23531815384615382
97.mat,Normal,151,0.011785726153846153,0.07574526452111155,0.07482273555811567,0.20486030769230767
97.mat,Normal,152,0.014650015384615385,0.07646642416369244,0.07504992387479324,0.24574892307692306
97.mat,Normal,153,0.013383928615384613,0.07553122346433815,0.07433596823098544,0.23135446153846154
97.mat,Normal,154,0.01203084923076923,0.07161368479223248,0.07059588172342442,0.22551323076923077
97.mat,Normal,155,0.01323935815384615,0.079283976802889,0.07817076418556511,0.23844738461538462
97.mat,Normal,156,0.014401763076923077,0.07356059814768441,0.07213702807935247,0.22634769230769228
97.mat,Normal,157,0.010629788307692307,0.0743754912699397,0.07361196439559621,0.20339999999999997
97.mat,Normal,158,0.014292031384615385,0.07323557307886079,0.0718274808349167,0.23615261538461538
97.mat,Normal,159,0.013278577846153845,0.07748562029984156,0.07633937859083509,0.23677846153846152
97.mat,Normal,160,0.012741810461538461,0.07162431711125347,0.07048183502020663,0.22822523076923076
97.mat,Normal,161,0.012773728615384616,0.07642694101331346,0.07535190223154954,0.21842030769230766
97.mat,Normal,162,0.01202313046153846,0.073521512034918,0.07253176590849983,0.24428861538461538
97.mat,Normal,163,0.010893060923076923,0.08068014860150187,0.07994140105156126,0.25847446153846154
97.mat,Normal,164,0.012312897230769232,0.06879058128847265,0.06767966190659111,0.2355267692307692
97.mat,Normal,165,0.011075182153846154,0.0760230604840356,0.07521200745637936,0.2453316923076923
97.mat,Normal,166,0.01154268923076923,0.07667803350095567,0.07580426865880023,0.23052
97.mat,Normal,167,0.010371105230769232,0.07701691068269903,0.0763154290258474,0.21508246153846153
97.mat,Normal,168,0.011224133538461536,0.07288068466861736,0.07201120068487415,0.2090326153846154
97.mat,Normal,169,0.01279751076923077,0.07327335121932968,0.07214712549383145,0.20027076923076922
97.mat,Normal,170,0.012206712,0.07402510818084432,0.07301173072414295,0.22426153846153846
97.mat,Normal,171,0.011768828307692308,0.08016773288676404,0.07929918080577888,0.2436627692307692
97.mat,Normal,172,0.014668790769230769,0.07512509179122008,0.07367907432919996,0.20986707692307693
97.mat,Normal,173,0.011031790153846152,0.07269346777347145,0.07185151260018285,0.21862892307692305
97.mat,Normal,174,0.014565526153846153,0.07247766419859407,0.07099899475024832,0.21007569230769232
97.mat,Normal,175,0.012433059692307692,0.07140977261681307,0.0703190916598932,0.25951753846153847
97.mat,Normal,176,0.013643654769230767,0.07289849534496287,0.07161034358315578,0.23093723076923076
97.mat,Normal,177,0.013146732923076923,0.07801194692183011,0.07689621106389913,0.2290596923076923
97.mat,Normal,178,0.012328126153846153,0.0673943773864031,0.06625722155988566,0.21696000000000001
97.mat,Normal,179,0.009624679384615384,0.07810285908898833,0.07750756185442635,0.233232
97.mat,Normal,180,0.013031368615384613,0.07579846553913966,0.07466987886757358,0.21070153846153844
97.mat,Normal,181,0.0057375489230769225,0.06675979636604991,0.06651278781701868,0.21320492307692307
97.mat,Normal,182,0.009344926153846153,0.07538657261276596,0.07480513141141452,0.25534523076923077
97.mat,Normal,183,0.009326359384615384,0.07472751179565718,0.07414324001417176,0.2090326153846154
97.mat,Normal,184,0.007838723076923076,0.071104170657753,0.0706707683943664,0.19672430769230767
97.mat,Normal,185,0.009191593846153845,0.07428048159580808,0.07370959604198445,0.27328615384615385
97.mat,Normal,186,0.011186791384615386,0.07617925309204669,0.07535339607595135,0.21237046153846154
97.mat,Normal,187,0.009373923692307691,0.07968517048590987,0.07913188958933884,0.22718215384615387
97.mat,Normal,188,0.011594634461538461,0.07417387665474595,0.07326205313596372,0.20944984615384615
97.mat,Normal,189,0.009132764307692307,0.07277254647124745,0.07219720310379074,0.22196676923076922
97.mat,Normal,190,0.010678604307692307,0.07664455925448196,0.07589700832940344,0.25847446153846154
97.mat,Normal,191,0.011321556923076922,0.07484097784586309,0.0739796885216645,0.19755876923076923
97.mat,Normal,192,0.01040636123076923,0.07503232072049512,0.07430717864808209,0.21654276923076923
97.mat,Normal,193,0.010101365538461539,0.07384638712368538,0.07315224743970337,0.23093723076923076
97.mat,Normal,194,0.012873238153846155,0.0728439566338468,0.07169743201473894,0.18128676923076922
97.mat,Normal,195,0.01202813723076923,0.07458589147423965,0.07360964014152518,0.20402584615384614
97.mat,Normal,196,0.012136199999999998,0.07829940779398166,0.07735315061746507,0.22447015384615385
97.mat,Normal,197,0.011376631384615385,0.07012398481804678,0.06919498179131374,0.208824
97.mat,Normal,198,0.013547065846153845,0.07531093167124424,0.07408247725441414,0.241368
97.mat,Normal,199,0.01315173969230769,0.07726781400474401,0.0761403101132212,0.2572227692307692
97.mat,Normal,200,0.015212651076923076,0.07647350483641295,0.074945127854829,0.22697353846153845
97.mat,Normal,201,0.013206396923076923,0.07709332439879871,0.07595374742018038,0.21007569230769232
97.mat,Normal,202,0.016353568615384614,0.07946154769552169,0.0777605192608021,0.2561796923076923
97.mat,Normal,203,0.011518072615384614,0.0722498640674193,0.07132584987917981,0.21716861538461538
97.mat,Normal,204,0.01564406769230769,0.07785132949754116,0.07626331130086876,0.25972615384615383
97.mat,Normal,205,0.010834022769230768,0.07349667947854756,0.07269378133656375,0.21967199999999998
97.mat,Normal,206,0.01654361723076923,0.08051601725457123,0.07879808223212167,0.24512307692307692
97.mat,Normal,207,0.013230596307692306,0.07674279829270893,0.07559370616088543,0.23615261538461538
97.mat,Normal,208,0.014717398153846154,0.0754428815444053,0.07399342245973176,0.22426153846153846
97.mat,Normal,209,0.013300899692307692,0.07463671365138357,0.07344198453237627,0.2154996923076923
97.mat,Normal,210,0.016077987692307696,0.07907276918639575,0.0774209347565051,0.22655630769230767
97.mat,Normal,211,0.013108556307692308,0.07282875959022048,0.0716393325972415,0.24053353846153847
97.mat,Normal,212,0.016255310769230768,0.07797142429283106,0.07625816597616557,0.24866953846153847
97.mat,Normal,213,0.013469460923076923,0.06983194700124683,0.06852061328116271,0.22280123076923075
97.mat,Normal,214,0.01373440246153846,0.07212339405434609,0.07080360272572979,0.20235692307692305
97.mat,Normal,215,0.015155907692307692,0.07576151456192316,0.07423008521306401,0.23260615384615385
97.mat,Normal,216,0.013798238769230768,0.07702526148258376,0.07577928155721522,0.2225926153846154
97.mat,Normal,217,0.012028345846153844,0.07024124114549275,0.06920369104220221,0.23677846153846152
97.mat,Normal,218,0.015837871384615385,0.07670044737058701,0.07504745469936053,0.21111876923076925
97.mat,Normal,219,0.012045869538461536,0.06943494178174706,0.0683820748975707,0.24011630769230768
97.mat,Normal,220,0.014067978461538462,0.0753165128796211,0.07399100684780428,0.20506892307692307
97.mat,Normal,221,0.013610276307692308,0.06981988081085595,0.06848047995794421,0.2008966153846154
97.mat,Normal,222,0.014810857846153845,0.08016316887795864,0.07878307010022612,0.2605606153846154
97.mat,Normal,223,0.013005291692307692,0.06978323784469435,0.068560649589157,0.23135446153846154
97.mat,Normal,224,0.015318001846153846,0.07986236785330003,0.07837956760902064,0.22342707692307692
97.mat,Normal,225,0.012301840615384613,0.0731180915167688,0.07207579361011748,0.23448369230769228
97.mat,Normal,226,0.015219535384615386,0.07554447612527206,0.07399549726651101,0.21341353846153846
97.mat,Normal,227,0.011317801846153846,0.07305585729984741,0.07217385708957826,0.24741784615384615
97.mat,Normal,228,0.014279723076923075,0.07078952150783017,0.06933430510327439,0.22342707692307692
97.mat,Normal,229,0.012967115076923075,0.07219327916474999,0.07101917686893702,0.2261390769230769
97.mat,Normal,230,0.014997360000000001,0.07502879787563703,0.0735146223801333,0.22801661538461537
97.mat,Normal,231,0.012342103384615385,0.07136765969025466,0.0702923561541898,0.22989415384615383
97.mat,Normal,232,0.016319147076923078,0.07820818265943379,0.07648663460744703,0.2290596923076923
97.mat,Normal,233,0.011882732307692307,0.06520347850631553,0.06411157681906814,0.2438713846153846
97.mat,Normal,234,0.014038980923076923,0.07515498409053688,0.07383209768312379,0.21216184615384615
97.mat,Normal,235,0.01112316369230769,0.066982445546502,0.06605242797100068,0.21529107692307692
97.mat,Normal,236,0.012739515692307694,0.07668168262449228,0.07561603791556926,0.24303692307692307
97.mat,Normal,237,0.010263251076923077,0.07047238002873508,0.06972102999989672,0.20965846153846154
97.mat,Normal,238,0.013924033846153845,0.07432190348683976,0.07300593550772627,0.19755876923076923
97.mat,Normal,239,0.011256051692307692,0.0727530725116802,0.07187705378067395,0.22467876923076924
97.mat,Normal,240,0.013513061538461537,0.07507730822203101,0.07385119753750509,0.21654276923076923
97.mat,Normal,241,0.010128485538461539,0.07098478691128221,0.0702584781612676,0.20339999999999997
97.mat,Normal,242,0.012317695384615383,0.07666849966897793,0.07567253941757138,0.19818461538461538
97.mat,Normal,243,0.011655967384615383,0.07644923637075379,0.07555543769974578,0.2021483076923077
98.mat,Normal,1,0.006293508923076921,0.06543262027612652,0.06512925258004205,0.19881046153846152
98.mat,Normal,2,0.010542169846153845,0.06836770807820391,0.06755002711177364,0.20423446153846153
98.mat,Normal,3,0.007624683692307692,0.062333106417802285,0.06186501720912492,0.20444307692307692
98.mat,Normal,4,0.011359524923076923,0.06463599177059573,0.06362996641277217,0.18232984615384615
98.mat,Normal,5,0.008311236923076922,0.06518883490467171,0.06465684447169555,0.20486030769230767
98.mat,Normal,6,0.013199721230769231,0.06223350677997966,0.060817569217815295,0.1635544615384615
98.mat,Normal,7,0.008539044923076921,0.06718648628887584,0.06664164352450332,0.21132738461538458
98.mat,Normal,8,0.014147252307692308,0.06382274113759677,0.06223501858647735,0.19693292307692306
98.mat,Normal,9,0.011489492307692308,0.06658255202363898,0.06558374646581323,0.21153599999999997
98.mat,Normal,10,0.012764966769230768,0.06201263285732414,0.06068461301909828,0.16793538461538463
98.mat,Normal,11,0.01167286523076923,0.06216975774510251,0.0610640892455544,0.22780799999999998
98.mat,Normal,12,0.015410209846153844,0.07075176206428724,0.06905314813749637,0.21237046153846154
98.mat,Normal,13,0.008624368615384615,0.0632455669919595,0.06265478441524164,0.20548615384615385
98.mat,Normal,14,0.013141726153846154,0.06518559326899623,0.06384713465401812,0.21153599999999997
98.mat,Normal,15,0.010738476923076924,0.06661437948423438,0.06574314160003407,0.2008966153846154
98.mat,Normal,16,0.011164678153846154,0.06982212754458407,0.0689237220162492,0.21049292307692305
98.mat,Normal,17,0.009412726153846154,0.06559504522225176,0.0649161809109405,0.1940123076923077
98.mat,Normal,18,0.011607359999999999,0.06664363942161544,0.0656250247176235,0.18483323076923078
98.mat,Normal,19,0.00898402153846154,0.0627624524569536,0.0621161234737634,0.19672430769230767
98.mat,Normal,20,0.011261267076923076,0.06766038466984771,0.06671665097630404,0.22342707692307692
98.mat,Normal,21,0.010065066461538461,0.0673005805128368,0.06654368921610555,0.1908830769230769
98.mat,Normal,22,0.01212493476923077,0.06733693285407338,0.06623630789103425,0.19693292307692306
98.mat,Normal,23,0.007277339076923076,0.06197903111120213,0.06155030977536059,0.20360861538461536
98.mat,Normal,24,0.010675892307692308,0.06429234918277969,0.06339977513268505,0.18963138461538462
98.mat,Normal,25,0.008462065846153844,0.07046069929449908,0.06995072256013643,0.22113230769230768
98.mat,Normal,26,0.010559276307692309,0.06369419901753753,0.06281283843565333,0.23844738461538462
98.mat,Normal,27,0.010926856615384615,0.0656521650682124,0.06473647026715804,0.1883796923076923
98.mat,Normal,28,0.010826721230769231,0.06668627003287707,0.06580152519728559,0.18358153846153846
98.mat,Normal,29,0.006405535384615385,0.07020229225417292,0.0699094482468339,0.22300984615384614
98.mat,Normal,30,0.011472385846153845,0.06713711602429497,0.06614965389974926,0.17148184615384612
98.mat,Normal,31,0.00790235076923077,0.06624047989123824,0.06576742376390896,0.19067446153846154
98.mat,Normal,32,0.01059119446153846,0.06342670636598009,0.06253617897116946,0.1867107692307692
98.mat,Normal,33,0.00966097846153846,0.06412706961297589,0.06339516189988906,0.20193969230769232
98.mat,Normal,34,0.011432957538461538,0.06266214238767386,0.0616103203249005,0.25138153846153843
98.mat,Normal,35,0.008011873846153846,0.06248833660497238,0.06197259143467899,0.22342707692307692
98.mat,Normal,36,0.011622797538461536,0.0644407277132425,0.0633838935818256,0.22718215384615387
98.mat,Normal,37,0.009079567384615383,0.06482804659626515,0.0641890729142878,0.2238443076923077
98.mat,Normal,38,0.011165721230769228,0.07328106260218446,0.07242541546654757,0.22718215384615387
98.mat,Normal,39,0.00832437969230769,0.06594939811794849,0.06542192151609401,0.21716861538461538
98.mat,Normal,40,0.010753705846153845,0.06949465819087539,0.06865759482854755,0.23218892307692307
98.mat,Normal,41,0.008837573538461537,0.06026821954303118,0.05961673909934432,0.1883796923076923
98.mat,Normal,42,0.013490948307692307,0.0657650743764545,0.0643664456180374,0.19004861538461537
98.mat,Normal,43,0.01060350276923077,0.06510541839120003,0.06423613650365441,0.18149538461538461
98.mat,Normal,44,0.01234314646153846,0.06437148450330468,0.06317701126666413,0.23239753846153846
98.mat,Normal,45,0.011022193846153848,0.071513384578577,0.07065886651157986,0.20652923076923077
98.mat,Normal,46,0.0130854,0.06787657028105819,0.06660331147893046,0.1858763076923077
98.mat,Normal,47,0.011496793846153847,0.06741115690287301,0.06642354858213163,0.21216184615384615
98.mat,Normal,48,0.013770492923076923,0.07034322350884778,0.06898219058765244,0.20423446153846153
98.mat,Normal,49,0.012614555076923077,0.060019142129979254,0.058678534595113435,0.18107815384615383
98.mat,Normal,50,0.013551864,0.06388676755908083,0.06243289238272986,0.19442953846153843
98.mat,Normal,51,0.013092075692307692,0.07093639665249994,0.06971778771667737,0.20027076923076922
98.mat,Normal,52,0.015721464,0.06431438098291858,0.062363251766667065,0.20277415384615383
98.mat,Normal,53,0.01191924,0.0669909655392621,0.0659220841729462,0.20673784615384616
98.mat,Normal,54,0.012998198769230768,0.06351649856424604,0.062172280146520584,0.20444307692307692
98.mat,Normal,55,0.011441927999999999,0.05904028013675782,0.05792095443161875,0.200688
98.mat,Normal,56,0.01064230523076923,0.06986478275855254,0.06904946929032027,0.2056947692307692
98.mat,Normal,57,0.009507228923076923,0.060979272173777584,0.06023358060955578,0.1992276923076923
98.mat,Normal,58,0.012559897846153845,0.06531690790897766,0.06409795179944558,0.2194633846153846
98.mat,Normal,59,0.00864272676923077,0.06752717107894925,0.06697180084123543,0.22154953846153846
98.mat,Normal,60,0.009781349538461537,0.06808509870791798,0.06737882358184485,0.1869193846153846
98.mat,Normal,61,0.008725755692307692,0.061486716439272504,0.06086441888395602,0.165432
98.mat,Normal,62,0.011781553846153845,0.0646853111164187,0.06360333688728964,0.1846246153846154
98.mat,Normal,63,0.009471972923076923,0.05831034510324681,0.0575358851066379,0.20006215384615383
98.mat,Normal,64,0.011695604307692307,0.06648189856973259,0.06544505846367701,0.20402584615384614
98.mat,Normal,65,0.007814940923076923,0.06523799847715718,0.06476822634343463,0.1710646153846154
98.mat,Normal,66,0.008768939076923077,0.06828480017339698,0.06771941850153447,0.19609846153846153
98.mat,Normal,67,0.007176995076923077,0.06531328549163856,0.06491776338859885,0.2059033846153846
98.mat,Normal,68,0.008393848615384612,0.06587974822464257,0.06534282310678274,0.19380369230769232
98.mat,Normal,69,0.007056623999999999,0.07436699449249969,0.07403143877819816,0.26911384615384615
98.mat,Normal,70,0.010249691076923077,0.060486374306579924,0.05961162059182199,0.17648861538461538
98.mat,Normal,71,0.009494086153846155,0.06707731241706061,0.06640201931567517,0.24053353846153847
98.mat,Normal,72,0.009153834461538462,0.06509902659557484,0.06445223485917391,0.17273353846153844
98.mat,Normal,73,0.010774776,0.06808869222716073,0.06723075346413158,0.20506892307692307
98.mat,Normal,74,0.012924766153846154,0.07100020640118544,0.06981389352327606,0.22321846153846153
98.mat,Normal,75,0.008023556307692309,0.06707286565568177,0.06659122953844919,0.24449723076923074
98.mat,Normal,76,0.010771438153846154,0.06699815607929986,0.06612661369013305,0.21696000000000001
98.mat,Normal,77,0.011153830153846155,0.06568474349265517,0.06473080874355779,0.1867107692307692
98.mat,Normal,78,0.011038465846153846,0.06496792168283937,0.06402330137966056,0.18358153846153846
98.mat,Normal,79,0.010711774153846153,0.05942792924948105,0.0584545692769891,0.17481969230769231
98.mat,Normal,80,0.012133696615384614,0.07201246402164119,0.07098287385640263,0.25138153846153843
98.mat,Normal,81,0.008383835076923076,0.06640000459535451,0.06586859585315337,0.21320492307692307
98.mat,Normal,82,0.011780928000000001,0.06782340324887287,0.06679239300787206,0.17815753846153848
98.mat,Normal,83,0.009967643076923077,0.06730304584676983,0.06656084488453756,0.21445661538461538
98.mat,Normal,84,0.008489811692307694,0.06662817776637518,0.06608507524318065,0.18900553846153845
98.mat,Normal,85,0.00976945846153846,0.06393507271346324,0.06318426389730364,0.24324553846153843
98.mat,Normal,86,0.01071594646153846,0.06868406965950002,0.06784297986103274,0.21779446153846155
98.mat,Normal,87,0.008251155692307693,0.060793125344228295,0.06023057793895349,0.18149538461538461
98.mat,Normal,88,0.009344508923076924,0.06484060175394635,0.06416372642545323,0.1800350769230769
98.mat,Normal,89,0.009351184615384617,0.06251883463302121,0.061815532272722906,0.18399876923076922
98.mat,Normal,90,0.010069447384615383,0.06399210461644718,0.0631949023467145,0.2090326153846154
98.mat,Normal,91,0.008177305846153846,0.06594989865446461,0.06544097188789766,0.200688
98.mat,Normal,92,0.010539875076923074,0.06504570921644992,0.06418609912460652,0.19985353846153847
98.mat,Normal,93,0.01008133846153846,0.06384681633866036,0.06304587672010385,0.18796246153846152
98.mat,Normal,94,0.010125773538461537,0.06789206205074005,0.0671327103560502,0.2157083076923077
98.mat,Normal,95,0.010234044923076922,0.07096685040640299,0.07022505379931883,0.20110523076923076
98.mat,Normal,96,0.010401771692307694,0.0633111766138257,0.06245084651058091,0.18504184615384617
98.mat,Normal,97,0.011213911384615383,0.06886333112961278,0.0679441429832233,0.20256553846153844
98.mat,Normal,98,0.011121911999999998,0.06897552112126386,0.06807294313759449,0.20944984615384615
98.mat,Normal,99,0.009809095384615383,0.0660032195056994,0.06527025840957776,0.1802436923076923
98.mat,Normal,100,0.009371211692307693,0.07264795238194321,0.07204099788805707,0.2415766153846154
98.mat,Normal,101,0.010650649846153845,0.05913122467447901,0.058164124590320616,0.22154953846153846
98.mat,Normal,102,0.011894832,0.06542286759700171,0.06433245352313707,0.20652923076923077
98.mat,Normal,103,0.010123895999999999,0.061946803596720015,0.06111393626360347,0.18149538461538461
98.mat,Normal,104,0.01236171323076923,0.06610259314362107,0.06493643712363133,0.1881710769230769
98.mat,Normal,105,0.011940727384615383,0.06694148358181805,0.06586790761562958,0.1942209230769231
98.mat,Normal,106,0.012040862769230769,0.06865970886769847,0.06759565996104829,0.20548615384615385
98.mat,Normal,107,0.012485213538461538,0.06552261396395696,0.0643220987186266,0.22405292307692307
98.mat,Normal,108,0.014641879384615383,0.06754642592526316,0.06594038992425992,0.22968553846153844
98.mat,Normal,109,0.013073300307692307,0.06578984780967187,0.06447784808664661,0.21967199999999998
98.mat,Normal,110,0.014590142769230768,0.06604456933669699,0.06441283158535446,0.19171753846153847
98.mat,Normal,111,0.014610587076923077,0.06583342364672222,0.06419166935293436,0.20152246153846154
98.mat,Normal,112,0.01264417846153846,0.06948074047788882,0.0683205536305767,0.19442953846153843
98.mat,Normal,113,0.011863956923076924,0.07000759761427487,0.06899500162946298,0.208824
98.mat,Normal,114,0.013219539692307693,0.062065222644226425,0.060641039174810465,0.206112
98.mat,Normal,115,0.011073304615384616,0.06011287547408019,0.05908417489190464,0.19046584615384615
98.mat,Normal,116,0.012411780923076921,0.06647475006260513,0.06530574316400792,0.2290596923076923
98.mat,Normal,117,0.011886696,0.06833963273349318,0.06729793355187304,0.2127876923076923
98.mat,Normal,118,0.011581908923076922,0.06995434092592871,0.06898890635514246,0.19630707692307692
98.mat,Normal,119,0.011099590153846154,0.06575940454453338,0.06481588065025606,0.17648861538461538
98.mat,Normal,120,0.011079354461538462,0.06544168287170209,0.06449699033130162,0.18525046153846153
98.mat,Normal,121,0.010027724307692307,0.0667504002678671,0.06599288356428584,0.19693292307692306
98.mat,Normal,122,0.010130571692307692,0.06682351542341218,0.0660511448101395,0.22572184615384616
98.mat,Normal,123,0.011764864615384613,0.05954454402753698,0.05837071769328317,0.19338646153846153
98.mat,Normal,124,0.011687468307692309,0.06672290879983359,0.06569132091279334,0.20715507692307691
98.mat,Normal,125,0.01273784676923077,0.06925214136379026,0.06807059822826583,0.19964492307692308
98.mat,Normal,126,0.012895768615384615,0.07294063880335316,0.07179161469739827,0.22280123076923075
98.mat,Normal,127,0.011138392615384613,0.06594996662419296,0.06500257154665276,0.235944
98.mat,Normal,128,0.010276811076923076,0.06434680515889561,0.06352085081487895,0.21111876923076925
98.mat,Normal,129,0.013798864615384616,0.06604789137321637,0.06459036530454426,0.19296923076923078
98.mat,Normal,130,0.012014368615384616,0.06625738019471264,0.06515900073696926,0.20110523076923076
98.mat,Normal,131,0.010213809230769233,0.06097578176636686,0.06011425840029178,0.17085599999999998
98.mat,Normal,132,0.01360151446153846,0.0697516384068629,0.06841264404183127,0.20193969230769232
98.mat,Normal,133,0.011473428923076923,0.07651828089217796,0.07565320706646447,0.25534523076923077
98.mat,Normal,134,0.011349928615384617,0.0634180791298025,0.06239416543988361,0.19735015384615384
98.mat,Normal,135,0.012971287384615384,0.06456254187679861,0.06324608697128298,0.19046584615384615
98.mat,Normal,136,0.011876891076923076,0.06057663676370843,0.05940091228212894,0.21028430769230766
98.mat,Normal,137,0.01189524923076923,0.06452684548973432,0.06342094949300216,0.19526400000000002
98.mat,Normal,138,0.01050128123076923,0.06547598819109908,0.06462838480198342,0.18253846153846154
98.mat,Normal,139,0.011781971076923078,0.06415749717245271,0.06306639042291723,0.20819815384615384
98.mat,Normal,140,0.010844244923076923,0.06523653850878357,0.06432890725526372,0.1787833846153846
98.mat,Normal,141,0.012987767999999998,0.06645293645591815,0.06517139438428851,0.19067446153846154
98.mat,Normal,142,0.011899212923076923,0.06450799073855641,0.06340102208116963,0.1794092307692308
98.mat,Normal,143,0.012361295999999999,0.06530290420244098,0.06412228675330885,0.18775384615384613
98.mat,Normal,144,0.011618625230769229,0.06691394314294148,0.06589752146085417,0.23239753846153846
98.mat,Normal,145,0.011556666461538459,0.06017319707195203,0.05905300251601715,0.19192615384615386
98.mat,Normal,146,0.008831523692307691,0.06627162449897762,0.06568053290744297,0.19192615384615386
98.mat,Normal,147,0.010301219076923076,0.061007810294883336,0.06013183684626397,0.168144
98.mat,Normal,148,0.011596512,0.06468666982491403,0.06363871590840987,0.2275993846153846
98.mat,Normal,149,0.008854888615384615,0.06796328018167583,0.0673839624885781,0.23239753846153846
98.mat,Normal,150,0.009139648615384615,0.06613709852614094,0.0655025390702053,0.18712800000000002
98.mat,Normal,151,0.01026804923076923,0.06556846917121859,0.06475948821949987,0.20110523076923076
98.mat,Normal,152,0.010770812307692307,0.06920754434697704,0.06836427280949646,0.18942276923076923
98.mat,Normal,153,0.00917782523076923,0.06133888748393174,0.060648385318983505,0.20339999999999997
98.mat,Normal,154,0.008919559384615385,0.07198120927427243,0.0714264373252014,0.2342750769230769
98.mat,Normal,155,0.010134744,0.06784523615371825,0.06708399982714405,0.23281476923076924
98.mat,Normal,156,0.00880085723076923,0.06710494956473187,0.06652532726780698,0.19985353846153847
98.mat,Normal,157,0.013395819692307692,0.07390395347985433,0.07267975202712,0.3079163076923077
98.mat,Normal,158,0.009372463384615384,0.06168709830990095,0.06097093592851785,0.20110523076923076
98.mat,Normal,159,0.011989960615384614,0.06716943910257976,0.06609065284740874,0.22447015384615385
98.mat,Normal,160,0.011348051076923077,0.06528439291161701,0.06429054125292409,0.2559710769230769
98.mat,Normal,161,0.01222423569230769,0.06383969010345213,0.06265839204961866,0.17231630769230769
98.mat,Normal,162,0.01185227446153846,0.0643584676015377,0.06325769472646424,0.19609846153846153
98.mat,Normal,163,0.014433681230769229,0.07162385288795028,0.07015443783997763,0.21883753846153844
98.mat,Normal,164,0.011640112615384616,0.07065840864108265,0.06969303042622976,0.23135446153846154
98.mat,Normal,165,0.011377048615384617,0.07081926473466076,0.06989943506467802,0.2572227692307692
98.mat,Normal,166,0.013609441846153847,0.06442655416393674,0.06297272404839123,0.238656
98.mat,Normal,167,0.013054107692307694,0.062026188019318945,0.06063693818594025,0.1910916923076923
98.mat,Normal,168,0.012964611692307691,0.06774502778006898,0.0664929141532389,0.18379015384615385
98.mat,Normal,169,0.015481973538461539,0.06605882263599733,0.0642189733911134,0.18963138461538462
98.mat,Normal,170,0.014881787076923076,0.07482075910463674,0.07332583723621032,0.20798953846153845
98.mat,Normal,171,0.01463624676923077,0.0653861802595578,0.06372701820613896,0.18379015384615385
98.mat,Normal,172,0.01241407569230769,0.07349471709791353,0.07243869246478706,0.20506892307692307
98.mat,Normal,173,0.01446163569230769,0.067995153240512,0.06643946084446864,0.23093723076923076
98.mat,Normal,174,0.01001937969230769,0.0637809139993581,0.06298902302127639,0.1858763076923077
98.mat,Normal,175,0.011227888615384615,0.06047251537094034,0.059421036952657866,0.19985353846153847
98.mat,Normal,176,0.011182827692307693,0.06773923134852292,0.06680978841826149,0.2021483076923077
98.mat,Normal,177,0.011210782153846154,0.06810051332445169,0.06717140968114951,0.19338646153846153
98.mat,Normal,178,0.011816184,0.07223582502075976,0.07126283892820974,0.2292683076923077
98.mat,Normal,179,0.014544664615384615,0.06638150651446628,0.06476848877622597,0.2225926153846154
98.mat,Normal,180,0.010903283076923077,0.06740498956419126,0.066517298774779,0.19442953846153843
98.mat,Normal,181,0.014100731076923076,0.07396199960465481,0.07260541831444299,0.29039261538461536
98.mat,Normal,182,0.013861240615384613,0.06468915101739024,0.06318664627872833,0.17085599999999998
98.mat,Normal,183,0.012602664,0.06273038703177405,0.06145139800898975,0.16772676923076923
98.mat,Normal,184,0.013056193846153846,0.06556273653498447,0.064249577618903,0.18963138461538462
98.mat,Normal,185,0.014689860923076923,0.06466239984751901,0.06297169157725623,0.19860184615384616
98.mat,Normal,186,0.010051089230769231,0.06478301457125293,0.0639985514071552,0.2154996923076923
98.mat,Normal,187,0.013594421538461536,0.061341484579841135,0.05981613021162018,0.184416
98.mat,Normal,188,0.011970559384615385,0.06279067223307887,0.061639064135508556,0.24554030769230767
98.mat,Normal,189,0.01324123569230769,0.06893588487735748,0.06765224239568886,0.24908676923076922
98.mat,Normal,190,0.011804710153846154,0.07013804852892995,0.069137505520739,0.23364923076923078
98.mat,Normal,191,0.015781753846153847,0.06558171341777863,0.06365451578914925,0.22321846153846153
98.mat,Normal,192,0.014693407384615383,0.06731157666022325,0.06568829524287292,0.1923433846153846
98.mat,Normal,193,0.016133062153846155,0.0632050958331916,0.06111144283048038,0.21862892307692305
98.mat,Normal,194,0.014234870769230768,0.06637657843906358,0.06483223441668858,0.1860849230769231
98.mat,Normal,195,0.017299430769230767,0.06462535891651862,0.06226689899255819,0.1873366153846154
98.mat,Normal,196,0.015530580923076923,0.0673415004788792,0.06552616838285791,0.20173107692307693
98.mat,Normal,197,0.01685508,0.06433397538308167,0.06208676724379003,0.20277415384615383
98.mat,Normal,198,0.014641462153846152,0.06844423300241172,0.06685985804117382,0.22968553846153844
98.mat,Normal,199,0.016952920615384615,0.07119498749054885,0.06914712377523649,0.1860849230769231
98.mat,Normal,200,0.017987652923076924,0.06846583964627398,0.06606069588483172,0.19609846153846153
98.mat,Normal,201,0.016541739692307694,0.06533809967241953,0.06320947806108639,0.20110523076923076
98.mat,Normal,202,0.014312684307692308,0.06704798437050091,0.06550251350944689,0.20506892307692307
98.mat,Normal,203,0.01727731753846154,0.06997767389497984,0.06781127592390009,0.20694646153846152
98.mat,Normal,204,0.015518481230769229,0.06486028376955479,0.06297644917711251,0.23156307692307693
98.mat,Normal,205,0.016118041846153848,0.06471589718166498,0.06267659910264331,0.20277415384615383
98.mat,Normal,206,0.015550399384615384,0.06932745714917946,0.06756094577305936,0.22447015384615385
98.mat,Normal,207,0.01948905784615385,0.0707068561999893,0.06796790520499535,0.21800307692307694
98.mat,Normal,208,0.013989539076923074,0.06906368476014792,0.06763198466010244,0.22008923076923076
98.mat,Normal,209,0.016448905846153845,0.07361363754475335,0.07175235974540967,0.2424110769230769
98.mat,Normal,210,0.014880744,0.06510604573804205,0.06338265259241276,0.18796246153846152
98.mat,Normal,211,0.015613609846153845,0.06656456593490237,0.06470746962811985,0.19735015384615384
98.mat,Normal,212,0.013954700307692306,0.06669251851707109,0.06521624311068802,0.1940123076923077
98.mat,Normal,213,0.01619648123076923,0.061346988810985235,0.05917032222251699,0.17252492307692308
98.mat,Normal,214,0.013215784615384616,0.06604084086581898,0.06470498975553732,0.20486030769230767
98.mat,Normal,215,0.01680542953846154,0.06530138837016014,0.06310189269030121,0.19714153846153845
98.mat,Normal,216,0.013388726769230768,0.07190475081423599,0.07064725886512693,0.20527753846153846
98.mat,Normal,217,0.012920385230769231,0.06578269885672815,0.06450137296494937,0.17085599999999998
98.mat,Normal,218,0.015480721846153844,0.06462404504958794,0.06274244535952664,0.20861538461538462
98.mat,Normal,219,0.015443171076923076,0.06374164849941041,0.0618425922848588,0.20047938461538461
98.mat,Normal,220,0.01354185046153846,0.06665569557346532,0.06526561145396415,0.22697353846153845
98.mat,Normal,221,0.01632936923076923,0.06521106469068341,0.06313346702516585,0.19881046153846152
98.mat,Normal,222,0.015646153846153844,0.07129899734010521,0.06956108748091001,0.2641070769230769
98.mat,Normal,223,0.01652108676923077,0.06508663395607918,0.06295493317998349,0.18754523076923074
98.mat,Normal,224,0.015710824615384613,0.06924584511465229,0.06744002561941269,0.1908830769230769
98.mat,Normal,225,0.020124291692307693,0.07397673558848558,0.07118686881870578,0.26306399999999996
98.mat,Normal,226,0.015715622769230768,0.06313412314349985,0.06114684543027415,0.19317784615384614
98.mat,Normal,227,0.01918385353846154,0.06968563901323287,0.06699304477404695,0.22321846153846153
98.mat,Normal,228,0.01816914830769231,0.06457095722884607,0.061962009063800935,0.214248
98.mat,Normal,229,0.018687766153846153,0.07067451605196565,0.06815903913171541,0.22342707692307692
98.mat,Normal,230,0.016149751384615385,0.07000013490323027,0.06811170543075215,0.20778092307692309
98.mat,Normal,231,0.02043450276923077,0.06485380741943497,0.06155036501412042,0.18796246153846152
98.mat,Normal,232,0.016747434461538462,0.07022129544006268,0.06819496881909282,0.2705741538461538
98.mat,Normal,233,0.018839846769230766,0.0694476043878939,0.06684332374238526,0.23072861538461537
98.mat,Normal,234,0.01791359446153846,0.06587142442758832,0.06338886092671975,0.214248
98.mat,Normal,235,0.017596081846153844,0.062168185819307935,0.059626011368591934,0.19588984615384614
98.mat,Normal,236,0.014559893538461538,0.06479898802967865,0.06314204898337639,0.19067446153846154
98.mat,Normal,237,0.018114073846153846,0.06365226929326588,0.061020420474448736,0.17711446153846155
98.mat,Normal,238,0.015534544615384614,0.07239190142807068,0.07070548292716858,0.22321846153846153
98.mat,Normal,239,0.016951460307692307,0.0629544577876266,0.06062929777566941,0.19505538461538463
98.mat,Normal,240,0.015026983384615384,0.06224787345006752,0.06040684993785154,0.21654276923076923
98.mat,Normal,241,0.01812012369230769,0.06537027538659226,0.06280870975823641,0.19442953846153843
98.mat,Normal,242,0.01370227569230769,0.06472146174411769,0.06325436942336303,0.19964492307692308
98.mat,Normal,243,0.017000276307692307,0.06881337601266109,0.06668036685353491,0.200688
98.mat,Normal,244,0.01694040369230769,0.06619440907818093,0.06399001887756567,0.20673784615384616
98.mat,Normal,245,0.01623319753846154,0.06643126308834706,0.06441735801156757,0.22405292307692307
98.mat,Normal,246,0.014626650461538462,0.07106307575111634,0.06954151157031946,0.23093723076923076
98.mat,Normal,247,0.017449425230769228,0.06794259496568099,0.06566364115540939,0.23615261538461538
98.mat,Normal,248,0.012820875692307691,0.06802777810347908,0.06680871006222604,0.2221753846153846
98.mat,Normal,249,0.015024688615384616,0.06362178411409378,0.06182224636707313,0.20861538461538462
98.mat,Normal,250,0.012705511384615384,0.06862925419946524,0.06744289816155756,0.19985353846153847
98.mat,Normal,251,0.015295471384615383,0.07144700948670707,0.06979057042119674,0.21633415384615384
98.mat,Normal,252,0.011991420923076923,0.06796097263638663,0.06689469056606276,0.2056947692307692
98.mat,Normal,253,0.013094161846153845,0.06528677139559577,0.06396018640378959,0.2138307692307692
98.mat,Normal,254,0.00940605046153846,0.06391569647496281,0.06321979492686262,0.18712800000000002
98.mat,Normal,255,0.011613827076923076,0.06799359181770764,0.06699438445795565,0.21633415384615384
98.mat,Normal,256,0.010723247999999998,0.0653290653425475,0.06444298822107286,0.20506892307692307
98.mat,Normal,257,0.009005091692307692,0.06380810566176197,0.06316947579136391,0.18253846153846154
98.mat,Normal,258,0.008577847384615384,0.06948262894594079,0.06895111499813136,0.19609846153846153
98.mat,Normal,259,0.013017391384615384,0.06983785390319443,0.06861394435057404,0.23823876923076923
98.mat,Normal,260,0.006480011076923076,0.06622971529074478,0.06591194613980128,0.19964492307692308
98.mat,Normal,261,0.00977488246153846,0.06130126284257592,0.06051691085108101,0.17815753846153848
98.mat,Normal,262,0.009142151999999999,0.06005960367481742,0.059359725828081765,0.21341353846153846
98.mat,Normal,263,0.008561158153846152,0.06473241665004907,0.06416379303330176,0.22843384615384613
98.mat,Normal,264,0.006001238769230769,0.06779337116281167,0.0675272264116736,0.22676492307692306
98.mat,Normal,265,0.009521206153846155,0.06655172915824771,0.06586713358974047,0.173568
98.mat,Normal,266,0.004729519384615384,0.0626310008626792,0.06245217302425489,0.20339999999999997
98.mat,Normal,267,0.00784080923076923,0.06580212818383314,0.06533331297376778,0.19672430769230767
98.mat,Normal,268,0.00549764123076923,0.0637574483861421,0.06351998241190972,0.1846246153846154
98.mat,Normal,269,0.006928534153846154,0.06370996627000859,0.06333210257527079,0.20152246153846154
98.mat,Normal,270,0.006833822769230769,0.060195444165498574,0.05980627362275968,0.2238443076923077
98.mat,Normal,271,0.009665776615384616,0.06862998060004398,0.06794591230960033,0.22697353846153845
98.mat,Normal,272,0.007113158769230768,0.06363219858241952,0.06323337464311223,0.19797599999999999
98.mat,Normal,273,0.010893478153846153,0.07136051241399065,0.07052414384945761,0.20944984615384615
98.mat,Normal,274,0.008851342153846153,0.07242501452411829,0.07188210118586053,0.22676492307692306
98.mat,Normal,275,0.009940105846153846,0.06275479565649598,0.061962558643553656,0.1856676923076923
98.mat,Normal,276,0.006863237538461539,0.06780808512928635,0.06745985754054924,0.22467876923076924
98.mat,Normal,277,0.013271693538461537,0.0670200552208404,0.06569284551932315,0.19985353846153847
98.mat,Normal,278,0.009022615384615384,0.06245198669808093,0.06179678838061554,0.19046584615384615
98.mat,Normal,279,0.010618105846153846,0.0670084552858509,0.06616183875948245,0.22467876923076924
98.mat,Normal,280,0.011107308923076924,0.06674875691495276,0.06581811481787359,0.23010276923076922
98.mat,Normal,281,0.014289110769230768,0.06239394706255695,0.06073570567195061,0.1775316923076923
98.mat,Normal,282,0.009464045538461537,0.06897269281211867,0.06832030588193244,0.19651569230769228
98.mat,Normal,283,0.013123785230769229,0.06536168928746813,0.06403059181147844,0.1940123076923077
98.mat,Normal,284,0.010003733538461538,0.06391910191975238,0.06313142565726797,0.20861538461538462
98.mat,Normal,285,0.010510043076923076,0.07016704575887998,0.06937545174663715,0.21195323076923075
98.mat,Normal,286,0.008370483692307692,0.06558874062240007,0.06505242423760457,0.1785747692307692
98.mat,Normal,287,0.00991048246153846,0.06721127324157114,0.06647659428800994,0.18754523076923074
98.mat,Normal,288,0.00784894523076923,0.06291334350218108,0.062421813890560854,0.20339999999999997
98.mat,Normal,289,0.011711250461538463,0.06777256505662844,0.06675303129433187,0.23844738461538462
98.mat,Normal,290,0.009894836307692306,0.06852903328342731,0.06781091812684047,0.20277415384615383
98.mat,Normal,291,0.011594008615384616,0.06513876734916622,0.06409865814504381,0.19296923076923078
98.mat,Normal,292,0.008818380923076923,0.058694218925660374,0.0580279888776861,0.20944984615384615
98.mat,Normal,293,0.012915378461538462,0.06433382960237746,0.0630240797672046,0.18212123076923076
98.mat,Normal,294,0.009050152615384615,0.062310278741586074,0.06164953831532237,0.18754523076923074
98.mat,Normal,295,0.011104805538461538,0.0695631736548323,0.06867108869739368,0.21320492307692307
98.mat,Normal,296,0.010277436923076923,0.06360448286203227,0.06276865882300442,0.19296923076923078
98.mat,Normal,297,0.012528396923076923,0.06363950739129562,0.0623941196872318,0.19192615384615386
98.mat,Normal,298,0.008926652307692308,0.07314995342997478,0.0726032407361066,0.21362215384615382
98.mat,Normal,299,0.013509932307692306,0.0666111562614925,0.06522674196627133,0.21091015384615383
98.mat,Normal,300,0.010448501538461538,0.06561491879321131,0.06477766886698287,0.17523692307692307
98.mat,Normal,301,0.012122848615384615,0.06067896504696688,0.0594556417896527,0.17586276923076924
98.mat,Normal,302,0.01079146523076923,0.0682758357692409,0.06741760918455543,0.1994363076923077
98.mat,Normal,303,0.014407604307692307,0.07137861064875431,0.06990941993937173,0.20527753846153846
98.mat,Normal,304,0.0078093083076923074,0.07124515808870051,0.07081586866542934,0.23093723076923076
98.mat,Normal,305,0.011916319384615385,0.06567174501015209,0.0645815718684694,0.18358153846153846
98.mat,Normal,306,0.009696443076923078,0.06447197287427722,0.06373864038365996,0.19588984615384614
98.mat,Normal,307,0.011211825230769232,0.06581636257272343,0.06485436421166177,0.19067446153846154
98.mat,Normal,308,0.010947718153846153,0.06396610426133795,0.06302229733670697,0.2140393846153846
98.mat,Normal,309,0.010741606153846152,0.06562977335511878,0.06474476849815679,0.21842030769230766
98.mat,Normal,310,0.010147678153846155,0.06619892865368958,0.06541653294834752,0.22405292307692307
98.mat,Normal,311,0.013950527999999998,0.07436666209194331,0.07304644549338793,0.19609846153846153
98.mat,Normal,312,0.010464356307692307,0.0693858479262943,0.0685922236081941,0.20423446153846153
98.mat,Normal,313,0.011914650461538463,0.06099075581357939,0.05981566182105678,0.1656406153846154
98.mat,Normal,314,0.009591092307692306,0.06572049733666256,0.06501688025831136,0.24282830769230768
98.mat,Normal,315,0.011230183384615384,0.06705581522049316,0.06610873872668296,0.20193969230769232
98.mat,Normal,316,0.008767896,0.06747665921447725,0.06690458533224672,0.20965846153846154
98.mat,Normal,317,0.013071005538461538,0.07006438302914958,0.06883434159973416,0.20861538461538462
98.mat,Normal,318,0.011216206153846154,0.06007004381427957,0.05901361608445877,0.21883753846153844
98.mat,Normal,319,0.011829535384615385,0.06659118657470038,0.06553203966008297,0.1883796923076923
98.mat,Normal,320,0.009661812923076923,0.06608929655591922,0.06537923592621514,0.18170399999999998
98.mat,Normal,321,0.012844032,0.06338805495315829,0.06207315323654495,0.18858830769230767
98.mat,Normal,322,0.009849358153846154,0.061017474810077466,0.06021729299923488,0.18358153846153846
98.mat,Normal,323,0.010618731692307693,0.06727192492897119,0.06642856630167412,0.2209236923076923
98.mat,Normal,324,0.010728046153846153,0.07112522869832388,0.0703115010727962,0.214248
98.mat,Normal,325,0.012855714461538461,0.06190315775607601,0.060553542801862745,0.16793538461538463
98.mat,Normal,326,0.011609863384615384,0.06776387166936419,0.0667619156092201,0.22488738461538463
98.mat,Normal,327,0.01491370523076923,0.06293754494994722,0.06114504035992088,0.1883796923076923
98.mat,Normal,328,0.011100007384615385,0.0672650628919338,0.0663428859932796,0.20486030769230767
98.mat,Normal,329,0.014327287384615386,0.06658567663034841,0.06502600378710018,0.1923433846153846
98.mat,Normal,330,0.012629784,0.06223460188640928,0.06093959491228344,0.17315076923076922
98.mat,Normal,331,0.013365570461538462,0.06875452026191244,0.06744290609607045,0.2415766153846154
98.mat,Normal,332,0.01265857292307692,0.064990755714405,0.06374604975902907,0.18316430769230768
98.mat,Normal,333,0.01694332430769231,0.06576280948034689,0.06354266969645488,0.1712732307692308
98.mat,Normal,334,0.012016246153846152,0.07084993960090931,0.06982351874420734,0.206112
98.mat,Normal,335,0.014268249230769229,0.06372522459062417,0.06210733703045192,0.2238443076923077
98.mat,Normal,336,0.01342836369230769,0.06691931094854442,0.06555816674049915,0.19609846153846153
98.mat,Normal,337,0.013934881846153846,0.06375181947698498,0.062210236734478154,0.20673784615384616
98.mat,Normal,338,0.012405313846153848,0.06735204894099546,0.06619974837511598,0.23281476923076924
98.mat,Normal,339,0.015032824615384617,0.0693539491422128,0.06770512865140813,0.23156307692307693
98.mat,Normal,340,0.012385704,0.06683729169233092,0.0656796612140327,0.22300984615384614
98.mat,Normal,341,0.013394567999999997,0.06492803178519843,0.06353136909899798,0.20965846153846154
98.mat,Normal,342,0.013389352615384615,0.07281901673314668,0.07157747155720988,0.22780799999999998
98.mat,Normal,343,0.014918711999999999,0.06464878315203369,0.06290387265741061,0.22113230769230768
98.mat,Normal,344,0.014567820923076923,0.06585165701682809,0.06422008506234733,0.20444307692307692
98.mat,Normal,345,0.01709039815384615,0.06799191162399301,0.06580895332116966,0.21967199999999998
98.mat,Normal,346,0.014232576,0.06224646884903602,0.060597497180809666,0.20360861538461536
98.mat,Normal,347,0.016415318769230768,0.07211876963089552,0.07022573775175821,0.22280123076923075
98.mat,Normal,348,0.014758286769230768,0.0715920628395188,0.07005438197040038,0.2127876923076923
98.mat,Normal,349,0.017741695384615383,0.06494028346523402,0.06246977398249864,0.19359507692307693
98.mat,Normal,350,0.013228301538461537,0.07106345698092922,0.06982139325799733,0.24282830769230768
98.mat,Normal,351,0.015728139692307692,0.06157606381639583,0.05953349693189631,0.18545907692307692
98.mat,Normal,352,0.015974723076923075,0.0667482926873204,0.06480850869513825,0.2138307692307692
98.mat,Normal,353,0.015324051692307692,0.060064624717919624,0.0580769539682997,0.18650215384615382
98.mat,Normal,354,0.013388100923076922,0.06200830787265382,0.06054575954518474,0.20256553846153844
98.mat,Normal,355,0.01853255630769231,0.07239960841331743,0.06998748213147775,0.22447015384615385
98.mat,Normal,356,0.012763923692307692,0.06721675747883324,0.06599374771859248,0.21779446153846155
98.mat,Normal,357,0.013427112,0.06704051451645635,0.06568213798264069,0.19839323076923077
98.mat,Normal,358,0.013461533538461537,0.06574373030088643,0.06435079788680609,0.18379015384615385
98.mat,Normal,359,0.014613299076923077,0.06243961234960804,0.06070549135340002,0.2438713846153846
98.mat,Normal,360,0.013351801846153845,0.06640825263621182,0.06505217448829806,0.2261390769230769
98.mat,Normal,361,0.01621588246153846,0.06845846728700107,0.066510201467737,0.19630707692307692
98.mat,Normal,362,0.012029180307692308,0.06373117577611308,0.06258563402995011,0.20027076923076922
98.mat,Normal,363,0.013993294153846154,0.06945711337732739,0.06803292083568693,0.208824
98.mat,Normal,364,0.014030219076923076,0.06744337348730747,0.06596788294315646,0.18545907692307692
98.mat,Normal,365,0.013361398153846153,0.05652972066700246,0.05492797427598912,0.17628
98.mat,Normal,366,0.013371828923076923,0.0732261806223627,0.07199491454117332,0.22488738461538463
98.mat,Normal,367,0.015059318769230768,0.06416442465017955,0.062372191791657136,0.19046584615384615
98.mat,Normal,368,0.01413995076923077,0.07148416912247298,0.07007173629484323,0.235944
98.mat,Normal,369,0.01623361476923077,0.06908750877205588,0.06715321004876171,0.2438713846153846
98.mat,Normal,370,0.01431789969230769,0.06945535580058901,0.06796355050898555,0.20798953846153845
98.mat,Normal,371,0.014874068307692308,0.06477966529122524,0.06304892645573971,0.21883753846153844
98.mat,Normal,372,0.013222877538461538,0.06498720083577095,0.0636277595242177,0.19067446153846154
98.mat,Normal,373,0.016083203076923076,0.06273405626708697,0.06063738446295723,0.1992276923076923
98.mat,Normal,374,0.014821914461538462,0.06437408871709709,0.06264450614261018,0.20444307692307692
98.mat,Normal,375,0.013880016,0.06752126699838762,0.06607924525073886,0.20381723076923075
98.mat,Normal,376,0.015982650461538458,0.06548036793323483,0.06349986983369411,0.1869193846153846
98.mat,Normal,377,0.01643826646153846,0.07086284252105261,0.068929861786478,0.21174461538461536
98.mat,Normal,378,0.013659509538461538,0.06827116969588416,0.0668907348652479,0.19755876923076923
98.mat,Normal,379,0.016361913230769232,0.06396301158176973,0.06183489828598725,0.2238443076923077
98.mat,Normal,380,0.01595240123076923,0.07302574908416666,0.07126205809739304,0.2209236923076923
98.mat,Normal,381,0.01444578092307692,0.0684798625779852,0.06693886010548884,0.22697353846153845
98.mat,Normal,382,0.015087481846153848,0.060702589734243084,0.05879772352724051,0.16647507692307692
98.mat,Normal,383,0.016951460307692307,0.07125315585460688,0.06920737108630577,0.24011630769230768
98.mat,Normal,384,0.013505968615384613,0.06428530144687211,0.06285052739536451,0.18754523076923074
98.mat,Normal,385,0.01742063630769231,0.07306740906330166,0.07096032481506107,0.23656984615384613
98.mat,Normal,386,0.015626544,0.06579791140433583,0.06391538365518032,0.20047938461538461
98.mat,Normal,387,0.013413343384615384,0.06274853478330128,0.06129813077653809,0.21842030769230766
98.mat,Normal,388,0.015275652923076923,0.07020961539367532,0.06852769163996043,0.19964492307692308
98.mat,Normal,389,0.015294636923076923,0.06764239661642278,0.0658905752092414,0.20298276923076922
98.mat,Normal,390,0.012971287384615383,0.0719755868095813,0.07079711011170789,0.23615261538461538
98.mat,Normal,391,0.014979836307692307,0.06865103906976354,0.06699678850178525,0.18775384615384613
98.mat,Normal,392,0.015176560615384617,0.06199416789257236,0.060107810312637455,0.1710646153846154
98.mat,Normal,393,0.012900983999999999,0.06327231259104556,0.061943120299600064,0.17502830769230768
98.mat,Normal,394,0.014729289230769231,0.06783135855258833,0.06621284801189377,0.19213476923076922
98.mat,Normal,395,0.01626824492307692,0.064749458187666,0.06267245441754367,0.1990190769230769
98.mat,Normal,396,0.014080704000000001,0.06799059592331903,0.06651657619625675,0.18983999999999998
98.mat,Normal,397,0.015392268923076923,0.06742608046396907,0.0656456730038874,0.2238443076923077
98.mat,Normal,398,0.013940723076923076,0.06333606950592947,0.06178279647727572,0.21174461538461536
98.mat,Normal,399,0.01665084553846154,0.06999356800443035,0.06798418128392157,0.20444307692307692
98.mat,Normal,400,0.013129835076923075,0.060783248307654726,0.059348215690809204,0.17461107692307692
98.mat,Normal,401,0.016099683692307694,0.06593589737666417,0.06394014973296222,0.21508246153846153
98.mat,Normal,402,0.014460383999999998,0.06884498793990958,0.06730920931803343,0.20506892307692307
98.mat,Normal,403,0.01665334892307692,0.06218659596396494,0.05991526255664471,0.18963138461538462
98.mat,Normal,404,0.016209415384615383,0.07033035087484252,0.06843692794878695,0.21737723076923077
98.mat,Normal,405,0.01598139876923077,0.06338182642141116,0.06133392873355434,0.1802436923076923
98.mat,Normal,406,0.015452350153846155,0.06288594522778256,0.06095791156129448,0.17648861538461538
98.mat,Normal,407,0.016304752615384614,0.06711090680718486,0.06510014481269423,0.20527753846153846
98.mat,Normal,408,0.015932582769230767,0.06361266099071565,0.06158509109046869,0.19192615384615386
98.mat,Normal,409,0.013024692923076923,0.06399237053101299,0.06265285995417935,0.1783661538461538
98.mat,Normal,410,0.015895866461538462,0.06351794428238351,0.0614967533720026,0.21612553846153845
98.mat,Normal,411,0.014431595076923076,0.0630850729300215,0.061412177050824864,0.18274707692307693
98.mat,Normal,412,0.013787182153846153,0.06784563770993628,0.06642999446428244,0.23218892307692307
98.mat,Normal,413,0.015130247999999999,0.06265912287065892,0.06080494448956291,0.19651569230769228
98.mat,Normal,414,0.01642303753846154,0.07118834924476646,0.06926806555841676,0.20193969230769232
98.mat,Normal,415,0.014975246769230769,0.06952638757025954,0.06789448101849357,0.2056947692307692
98.mat,Normal,416,0.01687990523076923,0.06951649427610722,0.06743598279731894,0.19839323076923077
98.mat,Normal,417,0.01576172676923077,0.06027136317376877,0.05817392189010851,0.1704387692307692
98.mat,Normal,418,0.014665452923076923,0.064077425872186,0.062376606167428704,0.18379015384615385
98.mat,Normal,419,0.015007164923076922,0.057793919622024,0.05581148758318971,0.16167692307692308
98.mat,Normal,420,0.017079758769230766,0.06587738850741486,0.06362477628205666,0.2275993846153846
98.mat,Normal,421,0.014964815999999997,0.0674280668169014,0.06574647121139403,0.19651569230769228
98.mat,Normal,422,0.015013006153846152,0.0641603454446248,0.06237915977149871,0.17023015384615386
98.mat,Normal,423,0.015300686769230768,0.07553910476395793,0.07397327445050746,0.25847446153846154
98.mat,Normal,424,0.01447707323076923,0.06284796602626855,0.06115783829003401,0.2073636923076923
98.mat,Normal,425,0.015375996923076922,0.06882034072947538,0.06708068288816549,0.20819815384615384
98.mat,Normal,426,0.014245092923076921,0.06879572201235021,0.06730474496507265,0.21111876923076925
98.mat,Normal,427,0.013545188307692307,0.06418725500305397,0.0627417849485989,0.2075723076923077
98.mat,Normal,428,0.01381805723076923,0.06807094586340735,0.06665369430951386,0.19693292307692306
98.mat,Normal,429,0.015361393846153848,0.06957077707125134,0.06785367050794745,0.19004861538461537
98.mat,Normal,430,0.013769867076923077,0.06637727113882695,0.06493329565424212,0.2021483076923077
98.mat,Normal,431,0.012187519384615386,0.06203476153144533,0.06082578408465372,0.1942209230769231
98.mat,Normal,432,0.014943745846153846,0.0688880438233577,0.06724765454567476,0.20298276923076922
98.mat,Normal,433,0.012526102153846154,0.062340440127810585,0.06106903667293718,0.17294215384615383
98.mat,Normal,434,0.013890864,0.06383996312912579,0.06231039070381156,0.20277415384615383
98.mat,Normal,435,0.013940723076923076,0.07123977595761295,0.06986244998984384,0.26076923076923075
98.mat,Normal,436,0.013766320615384617,0.06881390093642795,0.06742285501818324,0.21299630769230768
98.mat,Normal,437,0.009957003692307693,0.0733256146348673,0.07264643032560124,0.19860184615384616
98.mat,Normal,438,0.01220796369230769,0.06873297049149214,0.06764012755067533,0.19755876923076923
98.mat,Normal,439,0.008645021538461539,0.06270272974288275,0.062103912274578406,0.2154996923076923
98.mat,Normal,440,0.010390089230769232,0.06714142273479008,0.06633262163240979,0.2056947692307692
98.mat,Normal,441,0.011368495384615384,0.06407097125912757,0.06305431524311347,0.21132738461538458
98.mat,Normal,442,0.010284947076923075,0.06739449491404152,0.06660508845684135,0.18337292307692307
98.mat,Normal,443,0.009649921846153845,0.06782780658002183,0.06713784591286776,0.20819815384615384
98.mat,Normal,444,0.010044204923076921,0.06475633073963552,0.06397262163085317,0.18316430769230768
98.mat,Normal,445,0.009690810461538461,0.06313675702657379,0.062388606976203215,0.2236356923076923
98.mat,Normal,446,0.011017395692307691,0.06436277902551549,0.06341280876957317,0.17982646153846152
98.mat,Normal,447,0.011264604923076923,0.06468981402057929,0.0637014969521449,0.21716861538461538
98.mat,Normal,448,0.011054112,0.06074976211621888,0.05973558575144835,0.17732307692307692
98.mat,Normal,449,0.009354522461538462,0.06236619535291089,0.06166064573383915,0.17419384615384614
98.mat,Normal,450,0.012015411692307694,0.06533671521119486,0.06422239668879647,0.19651569230769228
98.mat,Normal,451,0.012734508923076922,0.06700258084331982,0.06578129006148849,0.20778092307692309
98.mat,Normal,452,0.010971083076923077,0.06314223571661666,0.0621818081709758,0.19735015384615384
98.mat,Normal,453,0.010067361230769229,0.0632838020348941,0.06247789879502089,0.1858763076923077
98.mat,Normal,454,0.012125351999999999,0.0649302443630078,0.0637880276534398,0.18879692307692306
98.mat,Normal,455,0.011792819076923077,0.060575346081401873,0.059416344309462264,0.20193969230769232
98.mat,Normal,456,0.010822340307692305,0.06626963303532536,0.06537997562634285,0.2154996923076923
98.mat,Normal,457,0.012407191384615384,0.05931826867711709,0.058006194503657765,0.20131384615384615
98.mat,Normal,458,0.012967532307692308,0.06848630454957741,0.0672474313019198,0.22718215384615387
98.mat,Normal,459,0.010001647384615385,0.06748391537476293,0.06673863861289037,0.21007569230769232
98.mat,Normal,460,0.01278749723076923,0.06423976938683064,0.0629541728993897,0.1927606153846154
98.mat,Normal,461,0.009598811076923078,0.06783544957085003,0.06715289304556339,0.214248
98.mat,Normal,462,0.011486363076923077,0.06364504742478252,0.06259996425692202,0.19672430769230767
98.mat,Normal,463,0.012114295384615385,0.0640991177227845,0.06294394919429246,0.1696043076923077
98.mat,Normal,464,0.01241324123076923,0.06914913045449407,0.06802583101116347,0.20652923076923077
98.mat,Normal,465,0.010821505846153845,0.0694219483729383,0.06857333247784132,0.21967199999999998
98.mat,Normal,466,0.01439842523076923,0.06676752674151121,0.06519653348186821,0.1927606153846154
98.mat,Normal,467,0.011627387076923075,0.07057814325869602,0.06961377863331669,0.20798953846153845
98.mat,Normal,468,0.012501694153846152,0.06549992647509997,0.0642957853325332,0.19505538461538463
98.mat,Normal,469,0.014086127999999998,0.07010313073205367,0.06867335681618472,0.22405292307692307
98.mat,Normal,470,0.012432851076923076,0.06639665232757895,0.0652222328229297,0.24720923076923076
98.mat,Normal,471,0.01127336676923077,0.06190111504046609,0.06086591201107087,0.19839323076923077
98.mat,Normal,472,0.01303116,0.06628428014070283,0.06499072751420444,0.20798953846153845
98.mat,Normal,473,0.01143191446153846,0.06604706837507779,0.06505018503191415,0.22008923076923076
98.mat,Normal,474,0.015519941538461538,0.0666335783893543,0.0648009659157405,0.20965846153846154
98.mat,Normal,475,0.013441923692307692,0.06826910970150911,0.066932697740991,0.20277415384615383
98.mat,Normal,476,0.01700736923076923,0.06907798450040505,0.06695160442055503,0.24679199999999998
98.mat,Normal,477,0.015638017846153845,0.06329002646078798,0.06132764341836898,0.1666836923076923
98.mat,Normal,478,0.017053681846153843,0.06203367271899843,0.05964351168817923,0.19755876923076923
98.mat,Normal,479,0.016837347692307696,0.06439744857688019,0.06215734152857786,0.18858830769230767
98.mat,Normal,480,0.017681614153846153,0.07220097359667191,0.07000243645203943,0.23677846153846152
98.mat,Normal,481,0.014622269538461538,0.08089654342212241,0.07956406205814229,0.34588430769230766
98.mat,Normal,482,0.01735596553846154,0.07243216040562427,0.0703220329715646,0.19630707692307692
98.mat,Normal,483,0.013043259692307692,0.06279682113834714,0.0614273076219411,0.18170399999999998
99.mat,Normal,1,0.006293508923076921,0.06543262027612652,0.06512925258004205,0.19881046153846152
99.mat,Normal,2,0.010542169846153845,0.06836770807820391,0.06755002711177364,0.20423446153846153
99.mat,Normal,3,0.007624683692307692,0.062333106417802285,0.06186501720912492,0.20444307692307692
99.mat,Normal,4,0.011359524923076923,0.06463599177059573,0.06362996641277217,0.18232984615384615
99.mat,Normal,5,0.008311236923076922,0.06518883490467171,0.06465684447169555,0.20486030769230767
99.mat,Normal,6,0.013199721230769231,0.06223350677997966,0.060817569217815295,0.1635544615384615
99.mat,Normal,7,0.008539044923076921,0.06718648628887584,0.06664164352450332,0.21132738461538458
99.mat,Normal,8,0.014147252307692308,0.06382274113759677,0.06223501858647735,0.19693292307692306
99.mat,Normal,9,0.011489492307692308,0.06658255202363898,0.06558374646581323,0.21153599999999997
99.mat,Normal,10,0.012764966769230768,0.06201263285732414,0.06068461301909828,0.16793538461538463
99.mat,Normal,11,0.01167286523076923,0.06216975774510251,0.0610640892455544,0.22780799999999998
99.mat,Normal,12,0.015410209846153844,0.07075176206428724,0.06905314813749637,0.21237046153846154
99.mat,Normal,13,0.008624368615384615,0.0632455669919595,0.06265478441524164,0.20548615384615385
99.mat,Normal,14,0.013141726153846154,0.06518559326899623,0.06384713465401812,0.21153599999999997
99.mat,Normal,15,0.010738476923076924,0.06661437948423438,0.06574314160003407,0.2008966153846154
99.mat,Normal,16,0.011164678153846154,0.06982212754458407,0.0689237220162492,0.21049292307692305
99.mat,Normal,17,0.009412726153846154,0.06559504522225176,0.0649161809109405,0.1940123076923077
99.mat,Normal,18,0.011607359999999999,0.06664363942161544,0.0656250247176235,0.18483323076923078
99.mat,Normal,19,0.00898402153846154,0.0627624524569536,0.0621161234737634,0.19672430769230767
99.mat,Normal,20,0.011261267076923076,0.06766038466984771,0.06671665097630404,0.22342707692307692
99.mat,Normal,21,0.010065066461538461,0.0673005805128368,0.06654368921610555,0.1908830769230769
99.mat,Normal,22,0.01212493476923077,0.06733693285407338,0.06623630789103425,0.19693292307692306
99.mat,Normal,23,0.007277339076923076,0.06197903111120213,0.06155030977536059,0.20360861538461536
99.mat,Normal,24,0.010675892307692308,0.06429234918277969,0.06339977513268505,0.18963138461538462
99.mat,Normal,25,0.008462065846153844,0.07046069929449908,0.06995072256013643,0.22113230769230768
99.mat,Normal,26,0.010559276307692309,0.06369419901753753,0.06281283843565333,0.23844738461538462
99.mat,Normal,27,0.010926856615384615,0.0656521650682124,0.06473647026715804,0.1883796923076923
99.mat,Normal,28,0.010826721230769231,0.06668627003287707,0.06580152519728559,0.18358153846153846
99.mat,Normal,29,0.006405535384615385,0.07020229225417292,0.0699094482468339,0.22300984615384614
99.mat,Normal,30,0.011472385846153845,0.06713711602429497,0.06614965389974926,0.17148184615384612
99.mat,Normal,31,0.00790235076923077,0.06624047989123824,0.06576742376390896,0.19067446153846154
99.mat,Normal,32,0.01059119446153846,0.06342670636598009,0.06253617897116946,0.1867107692307692
99.mat,Normal,33,0.00966097846153846,0.06412706961297589,0.06339516189988906,0.20193969230769232
99.mat,Normal,34,0.011432957538461538,0.06266214238767386,0.0616103203249005,0.25138153846153843
99.mat,Normal,35,0.008011873846153846,0.06248833660497238,0.06197259143467899,0.22342707692307692
99.mat,Normal,36,0.011622797538461536,0.0644407277132425,0.0633838935818256,0.22718215384615387
99.mat,Normal,37,0.009079567384615383,0.06482804659626515,0.0641890729142878,0.2238443076923077
99.mat,Normal,38,0.011165721230769228,0.07328106260218446,0.07242541546654757,0.22718215384615387
99.mat,Normal,39,0.00832437969230769,0.06594939811794849,0.06542192151609401,0.21716861538461538
99.mat,Normal,40,0.010753705846153845,0.06949465819087539,0.06865759482854755,0.23218892307692307
99.mat,Normal,41,0.008837573538461537,0.06026821954303118,0.05961673909934432,0.1883796923076923
99.mat,Normal,42,0.013490948307692307,0.0657650743764545,0.0643664456180374,0.19004861538461537
99.mat,Normal,43,0.01060350276923077,0.06510541839120003,0.06423613650365441,0.18149538461538461
99.mat,Normal,44,0.01234314646153846,0.06437148450330468,0.06317701126666413,0.23239753846153846
99.mat,Normal,45,0.011022193846153848,0.071513384578577,0.07065886651157986,0.20652923076923077
99.mat,Normal,46,0.0130854,0.06787657028105819,0.06660331147893046,0.1858763076923077
99.mat,Normal,47,0.011496793846153847,0.06741115690287301,0.06642354858213163,0.21216184615384615
99.mat,Normal,48,0.013770492923076923,0.07034322350884778,0.06898219058765244,0.20423446153846153
99.mat,Normal,49,0.012614555076923077,0.060019142129979254,0.058678534595113435,0.18107815384615383
99.mat,Normal,50,0.013551864,0.06388676755908083,0.06243289238272986,0.19442953846153843
99.mat,Normal,51,0.013092075692307692,0.07093639665249994,0.06971778771667737,0.20027076923076922
99.mat,Normal,52,0.015721464,0.06431438098291858,0.062363251766667065,0.20277415384615383
99.mat,Normal,53,0.01191924,0.0669909655392621,0.0659220841729462,0.20673784615384616
99.mat,Normal,54,0.012998198769230768,0.06351649856424604,0.062172280146520584,0.20444307692307692
99.mat,Normal,55,0.011441927999999999,0.05904028013675782,0.05792095443161875,0.200688
99.mat,Normal,56,0.01064230523076923,0.06986478275855254,0.06904946929032027,0.2056947692307692
99.mat,Normal,57,0.009507228923076923,0.060979272173777584,0.06023358060955578,0.1992276923076923
99.mat,Normal,58,0.012559897846153845,0.06531690790897766,0.06409795179944558,0.2194633846153846
99.mat,Normal,59,0.00864272676923077,0.06752717107894925,0.06697180084123543,0.22154953846153846
99.mat,Normal,60,0.009781349538461537,0.06808509870791798,0.06737882358184485,0.1869193846153846
99.mat,Normal,61,0.008725755692307692,0.061486716439272504,0.06086441888395602,0.165432
99.mat,Normal,62,0.011781553846153845,0.0646853111164187,0.06360333688728964,0.1846246153846154
99.mat,Normal,63,0.009471972923076923,0.05831034510324681,0.0575358851066379,0.20006215384615383
99.mat,Normal,64,0.011695604307692307,0.06648189856973259,0.06544505846367701,0.20402584615384614
99.mat,Normal,65,0.007814940923076923,0.06523799847715718,0.06476822634343463,0.1710646153846154
99.mat,Normal,66,0.008768939076923077,0.06828480017339698,0.06771941850153447,0.19609846153846153
99.mat,Normal,67,0.007176995076923077,0.06531328549163856,0.06491776338859885,0.2059033846153846
99.mat,Normal,68,0.008393848615384612,0.06587974822464257,0.06534282310678274,0.19380369230769232
99.mat,Normal,69,0.007056623999999999,0.07436699449249969,0.07403143877819816,0.26911384615384615
99.mat,Normal,70,0.010249691076923077,0.060486374306579924,0.05961162059182199,0.17648861538461538
99.mat,Normal,71,0.009494086153846155,0.06707731241706061,0.06640201931567517,0.24053353846153847
99.mat,Normal,72,0.009153834461538462,0.06509902659557484,0.06445223485917391,0.17273353846153844
99.mat,Normal,73,0.010774776,0.06808869222716073,0.06723075346413158,0.20506892307692307
99.mat,Normal,74,0.012924766153846154,0.07100020640118544,0.06981389352327606,0.22321846153846153
99.mat,Normal,75,0.008023556307692309,0.06707286565568177,0.06659122953844919,0.24449723076923074
99.mat,Normal,76,0.010771438153846154,0.06699815607929986,0.06612661369013305,0.21696000000000001
99.mat,Normal,77,0.011153830153846155,0.06568474349265517,0.06473080874355779,0.1867107692307692
99.mat,Normal,78,0.011038465846153846,0.06496792168283937,0.06402330137966056,0.18358153846153846
99.mat,Normal,79,0.010711774153846153,0.05942792924948105,0.0584545692769891,0.17481969230769231
99.mat,Normal,80,0.012133696615384614,0.07201246402164119,0.07098287385640263,0.25138153846153843
99.mat,Normal,81,0.008383835076923076,0.06640000459535451,0.06586859585315337,0.21320492307692307
99.mat,Normal,82,0.011780928000000001,0.06782340324887287,0.06679239300787206,0.17815753846153848
99.mat,Normal,83,0.009967643076923077,0.06730304584676983,0.06656084488453756,0.21445661538461538
99.mat,Normal,84,0.008489811692307694,0.06662817776637518,0.06608507524318065,0.18900553846153845
99.mat,Normal,85,0.00976945846153846,0.06393507271346324,0.06318426389730364,0.24324553846153843
99.mat,Normal,86,0.01071594646153846,0.06868406965950002,0.06784297986103274,0.21779446153846155
99.mat,Normal,87,0.008251155692307693,0.060793125344228295,0.06023057793895349,0.18149538461538461
99.mat,Normal,88,0.009344508923076924,0.06484060175394635,0.06416372642545323,0.1800350769230769
99.mat,Normal,89,0.009351184615384617,0.06251883463302121,0.061815532272722906,0.18399876923076922
99.mat,Normal,90,0.010069447384615383,0.06399210461644718,0.0631949023467145,0.2090326153846154
99.mat,Normal,91,0.008177305846153846,0.06594989865446461,0.06544097188789766,0.200688
99.mat,Normal,92,0.010539875076923074,0.06504570921644992,0.06418609912460652,0.19985353846153847
99.mat,Normal,93,0.01008133846153846,0.06384681633866036,0.06304587672010385,0.18796246153846152
99.mat,Normal,94,0.010125773538461537,0.06789206205074005,0.0671327103560502,0.2157083076923077
99.mat,Normal,95,0.010234044923076922,0.07096685040640299,0.07022505379931883,0.20110523076923076
99.mat,Normal,96,0.010401771692307694,0.0633111766138257,0.06245084651058091,0.18504184615384617
99.mat,Normal,97,0.011213911384615383,0.06886333112961278,0.0679441429832233,0.20256553846153844
99.mat,Normal,98,0.011121911999999998,0.06897552112126386,0.06807294313759449,0.20944984615384615
99.mat,Normal,99,0.009809095384615383,0.0660032195056994,0.06527025840957776,0.1802436923076923
99.mat,Normal,100,0.009371211692307693,0.07264795238194321,0.07204099788805707,0.2415766153846154
99.mat,Normal,101,0.010650649846153845,0.05913122467447901,0.058164124590320616,0.22154953846153846
99.mat,Normal,102,0.011894832,0.06542286759700171,0.06433245352313707,0.20652923076923077
99.mat,Normal,103,0.010123895999999999,0.061946803596720015,0.06111393626360347,0.18149538461538461
99.mat,Normal,104,0.01236171323076923,0.06610259314362107,0.06493643712363133,0.1881710769230769
99.mat,Normal,105,0.011940727384615383,0.06694148358181805,0.06586790761562958,0.1942209230769231
99.mat,Normal,106,0.012040862769230769,0.06865970886769847,0.06759565996104829,0.20548615384615385
99.mat,Normal,107,0.012485213538461538,0.06552261396395696,0.0643220987186266,0.22405292307692307
99.mat,Normal,108,0.014641879384615383,0.06754642592526316,0.06594038992425992,0.22968553846153844
99.mat,Normal,109,0.013073300307692307,0.06578984780967187,0.06447784808664661,0.21967199999999998
99.mat,Normal,110,0.014590142769230768,0.06604456933669699,0.06441283158535446,0.19171753846153847
99.mat,Normal,111,0.014610587076923077,0.06583342364672222,0.06419166935293436,0.20152246153846154
99.mat,Normal,112,0.01264417846153846,0.06948074047788882,0.0683205536305767,0.19442953846153843
99.mat,Normal,113,0.011863956923076924,0.07000759761427487,0.06899500162946298,0.208824
99.mat,Normal,114,0.013219539692307693,0.062065222644226425,0.060641039174810465,0.206112
99.mat,Normal,115,0.011073304615384616,0.06011287547408019,0.05908417489190464,0.19046584615384615
99.mat,Normal,116,0.012411780923076921,0.06647475006260513,0.06530574316400792,0.2290596923076923
99.mat,Normal,117,0.011886696,0.06833963273349318,0.06729793355187304,0.2127876923076923
99.mat,Normal,118,0.011581908923076922,0.06995434092592871,0.06898890635514246,0.19630707692307692
99.mat,Normal,119,0.011099590153846154,0.06575940454453338,0.06481588065025606,0.17648861538461538
99.mat,Normal,120,0.011079354461538462,0.06544168287170209,0.06449699033130162,0.18525046153846153
99.mat,Normal,121,0.010027724307692307,0.0667504002678671,0.06599288356428584,0.19693292307692306
99.mat,Normal,122,0.010130571692307692,0.06682351542341218,0.0660511448101395,0.22572184615384616
99.mat,Normal,123,0.011764864615384613,0.05954454402753698,0.05837071769328317,0.19338646153846153
99.mat,Normal,124,0.011687468307692309,0.06672290879983359,0.06569132091279334,0.20715507692307691
99.mat,Normal,125,0.01273784676923077,0.06925214136379026,0.06807059822826583,0.19964492307692308
99.mat,Normal,126,0.012895768615384615,0.07294063880335316,0.07179161469739827,0.22280123076923075
99.mat,Normal,127,0.011138392615384613,0.06594996662419296,0.06500257154665276,0.235944
99.mat,Normal,128,0.010276811076923076,0.06434680515889561,0.06352085081487895,0.21111876923076925
99.mat,Normal,129,0.013798864615384616,0.06604789137321637,0.06459036530454426,0.19296923076923078
99.mat,Normal,130,0.012014368615384616,0.06625738019471264,0.06515900073696926,0.20110523076923076
99.mat,Normal,131,0.010213809230769233,0.06097578176636686,0.06011425840029178,0.17085599999999998
99.mat,Normal,132,0.01360151446153846,0.0697516384068629,0.06841264404183127,0.20193969230769232
99.mat,Normal,133,0.011473428923076923,0.07651828089217796,0.07565320706646447,0.25534523076923077
99.mat,Normal,134,0.011349928615384617,0.0634180791298025,0.06239416543988361,0.19735015384615384
99.mat,Normal,135,0.012971287384615384,0.06456254187679861,0.06324608697128298,0.19046584615384615
99.mat,Normal,136,0.011876891076923076,0.06057663676370843,0.05940091228212894,0.21028430769230766
99.mat,Normal,137,0.01189524923076923,0.06452684548973432,0.06342094949300216,0.19526400000000002
99.mat,Normal,138,0.01050128123076923,0.06547598819109908,0.06462838480198342,0.18253846153846154
99.mat,Normal,139,0.011781971076923078,0.06415749717245271,0.06306639042291723,0.20819815384615384
99.mat,Normal,140,0.010844244923076923,0.06523653850878357,0.06432890725526372,0.1787833846153846
99.mat,Normal,141,0.012987767999999998,0.06645293645591815,0.06517139438428851,0.19067446153846154
99.mat,Normal,142,0.011899212923076923,0.06450799073855641,0.06340102208116963,0.1794092307692308
99.mat,Normal,143,0.012361295999999999,0.06530290420244098,0.06412228675330885,0.18775384615384613
99.mat,Normal,144,0.011618625230769229,0.06691394314294148,0.06589752146085417,0.23239753846153846
99.mat,Normal,145,0.011556666461538459,0.06017319707195203,0.05905300251601715,0.19192615384615386
99.mat,Normal,146,0.008831523692307691,0.06627162449897762,0.06568053290744297,0.19192615384615386
99.mat,Normal,147,0.010301219076923076,0.061007810294883336,0.06013183684626397,0.168144
99.mat,Normal,148,0.011596512,0.06468666982491403,0.06363871590840987,0.2275993846153846
99.mat,Normal,149,0.008854888615384615,0.06796328018167583,0.0673839624885781,0.23239753846153846
99.mat,Normal,150,0.009139648615384615,0.06613709852614094,0.0655025390702053,0.18712800000000002
99.mat,Normal,151,0.01026804923076923,0.06556846917121859,0.06475948821949987,0.20110523076923076
99.mat,Normal,152,0.010770812307692307,0.06920754434697704,0.06836427280949646,0.18942276923076923
99.mat,Normal,153,0.00917782523076923,0.06133888748393174,0.060648385318983505,0.20339999999999997
99.mat,Normal,154,0.008919559384615385,0.07198120927427243,0.0714264373252014,0.2342750769230769
99.mat,Normal,155,0.010134744,0.06784523615371825,0.06708399982714405,0.23281476923076924
99.mat,Normal,156,0.00880085723076923,0.06710494956473187,0.06652532726780698,0.19985353846153847
99.mat,Normal,157,0.013395819692307692,0.07390395347985433,0.07267975202712,0.3079163076923077
99.mat,Normal,158,0.009372463384615384,0.06168709830990095,0.06097093592851785,0.20110523076923076
99.mat,Normal,159,0.011989960615384614,0.06716943910257976,0.06609065284740874,0.22447015384615385
99.mat,Normal,160,0.011348051076923077,0.06528439291161701,0.06429054125292409,0.2559710769230769
99.mat,Normal,161,0.01222423569230769,0.06383969010345213,0.06265839204961866,0.17231630769230769
99.mat,Normal,162,0.01185227446153846,0.0643584676015377,0.06325769472646424,0.19609846153846153
99.mat,Normal,163,0.014433681230769229,0.07162385288795028,0.07015443783997763,0.21883753846153844
99.mat,Normal,164,0.011640112615384616,0.07065840864108265,0.06969303042622976,0.23135446153846154
99.mat,Normal,165,0.011377048615384617,0.07081926473466076,0.06989943506467802,0.2572227692307692
99.mat,Normal,166,0.013609441846153847,0.06442655416393674,0.06297272404839123,0.238656
99.mat,Normal,167,0.013054107692307694,0.062026188019318945,0.06063693818594025,0.1910916923076923
99.mat,Normal,168,0.012964611692307691,0.06774502778006898,0.0664929141532389,0.18379015384615385
99.mat,Normal,169,0.015481973538461539,0.06605882263599733,0.0642189733911134,0.18963138461538462
99.mat,Normal,170,0.014881787076923076,0.07482075910463674,0.07332583723621032,0.20798953846153845
99.mat,Normal,171,0.01463624676923077,0.0653861802595578,0.06372701820613896,0.18379015384615385
99.mat,Normal,172,0.01241407569230769,0.07349471709791353,0.07243869246478706,0.20506892307692307
99.mat,Normal,173,0.01446163569230769,0.067995153240512,0.06643946084446864,0.23093723076923076
99.mat,Normal,174,0.01001937969230769,0.0637809139993581,0.06298902302127639,0.1858763076923077
99.mat,Normal,175,0.011227888615384615,0.06047251537094034,0.059421036952657866,0.19985353846153847
99.mat,Normal,176,0.011182827692307693,0.06773923134852292,0.06680978841826149,0.2021483076923077
99.mat,Normal,177,0.011210782153846154,0.06810051332445169,0.06717140968114951,0.19338646153846153
99.mat,Normal,178,0.011816184,0.07223582502075976,0.07126283892820974,0.2292683076923077
99.mat,Normal,179,0.014544664615384615,0.06638150651446628,0.06476848877622597,0.2225926153846154
99.mat,Normal,180,0.010903283076923077,0.06740498956419126,0.066517298774779,0.19442953846153843
99.mat,Normal,181,0.014100731076923076,0.07396199960465481,0.07260541831444299,0.29039261538461536
99.mat,Normal,182,0.013861240615384613,0.06468915101739024,0.06318664627872833,0.17085599999999998
99.mat,Normal,183,0.012602664,0.06273038703177405,0.06145139800898975,0.16772676923076923
99.mat,Normal,184,0.013056193846153846,0.06556273653498447,0.064249577618903,0.18963138461538462
99.mat,Normal,185,0.014689860923076923,0.06466239984751901,0.06297169157725623,0.19860184615384616
99.mat,Normal,186,0.010051089230769231,0.06478301457125293,0.0639985514071552,0.2154996923076923
99.mat,Normal,187,0.013594421538461536,0.061341484579841135,0.05981613021162018,0.184416
99.mat,Normal,188,0.011970559384615385,0.06279067223307887,0.061639064135508556,0.24554030769230767
99.mat,Normal,189,0.01324123569230769,0.06893588487735748,0.06765224239568886,0.24908676923076922
99.mat,Normal,190,0.011804710153846154,0.07013804852892995,0.069137505520739,0.23364923076923078
99.mat,Normal,191,0.015781753846153847,0.06558171341777863,0.06365451578914925,0.22321846153846153
99.mat,Normal,192,0.014693407384615383,0.06731157666022325,0.06568829524287292,0.1923433846153846
99.mat,Normal,193,0.016133062153846155,0.0632050958331916,0.06111144283048038,0.21862892307692305
99.mat,Normal,194,0.014234870769230768,0.06637657843906358,0.06483223441668858,0.1860849230769231
99.mat,Normal,195,0.017299430769230767,0.06462535891651862,0.06226689899255819,0.1873366153846154
99.mat,Normal,196,0.015530580923076923,0.0673415004788792,0.06552616838285791,0.20173107692307693
99.mat,Normal,197,0.01685508,0.06433397538308167,0.06208676724379003,0.20277415384615383
99.mat,Normal,198,0.014641462153846152,0.06844423300241172,0.06685985804117382,0.22968553846153844
99.mat,Normal,199,0.016952920615384615,0.07119498749054885,0.06914712377523649,0.1860849230769231
99.mat,Normal,200,0.017987652923076924,0.06846583964627398,0.06606069588483172,0.19609846153846153
99.mat,Normal,201,0.016541739692307694,0.06533809967241953,0.06320947806108639,0.20110523076923076
99.mat,Normal,202,0.014312684307692308,0.06704798437050091,0.06550251350944689,0.20506892307692307
99.mat,Normal,203,0.01727731753846154,0.06997767389497984,0.06781127592390009,0.20694646153846152
99.mat,Normal,204,0.015518481230769229,0.06486028376955479,0.06297644917711251,0.23156307692307693
99.mat,Normal,205,0.016118041846153848,0.06471589718166498,0.06267659910264331,0.20277415384615383
99.mat,Normal,206,0.015550399384615384,0.06932745714917946,0.06756094577305936,0.22447015384615385
99.mat,Normal,207,0.01948905784615385,0.0707068561999893,0.06796790520499535,0.21800307692307694
99.mat,Normal,208,0.013989539076923074,0.06906368476014792,0.06763198466010244,0.22008923076923076
99.mat,Normal,209,0.016448905846153845,0.07361363754475335,0.07175235974540967,0.2424110769230769
99.mat,Normal,210,0.014880744,0.06510604573804205,0.06338265259241276,0.18796246153846152
99.mat,Normal,211,0.015613609846153845,0.06656456593490237,0.06470746962811985,0.19735015384615384
99.mat,Normal,212,0.013954700307692306,0.06669251851707109,0.06521624311068802,0.1940123076923077
99.mat,Normal,213,0.01619648123076923,0.061346988810985235,0.05917032222251699,0.17252492307692308
99.mat,Normal,214,0.013215784615384616,0.06604084086581898,0.06470498975553732,0.20486030769230767
99.mat,Normal,215,0.01680542953846154,0.06530138837016014,0.06310189269030121,0.19714153846153845
99.mat,Normal,216,0.013388726769230768,0.07190475081423599,0.07064725886512693,0.20527753846153846
99.mat,Normal,217,0.012920385230769231,0.06578269885672815,0.06450137296494937,0.17085599999999998
99.mat,Normal,218,0.015480721846153844,0.06462404504958794,0.06274244535952664,0.20861538461538462
99.mat,Normal,219,0.015443171076923076,0.06374164849941041,0.0618425922848588,0.20047938461538461
99.mat,Normal,220,0.01354185046153846,0.06665569557346532,0.06526561145396415,0.22697353846153845
99.mat,Normal,221,0.01632936923076923,0.06521106469068341,0.06313346702516585,0.19881046153846152
99.mat,Normal,222,0.015646153846153844,0.07129899734010521,0.06956108748091001,0.2641070769230769
99.mat,Normal,223,0.01652108676923077,0.06508663395607918,0.06295493317998349,0.18754523076923074
99.mat,Normal,224,0.015710824615384613,0.06924584511465229,0.06744002561941269,0.1908830769230769
99.mat,Normal,225,0.020124291692307693,0.07397673558848558,0.07118686881870578,0.26306399999999996
99.mat,Normal,226,0.015715622769230768,0.06313412314349985,0.06114684543027415,0.19317784615384614
99.mat,Normal,227,0.01918385353846154,0.06968563901323287,0.06699304477404695,0.22321846153846153
99.mat,Normal,228,0.01816914830769231,0.06457095722884607,0.061962009063800935,0.214248
99.mat,Normal,229,0.018687766153846153,0.07067451605196565,0.06815903913171541,0.22342707692307692
99.mat,Normal,230,0.016149751384615385,0.07000013490323027,0.06811170543075215,0.20778092307692309
99.mat,Normal,231,0.02043450276923077,0.06485380741943497,0.06155036501412042,0.18796246153846152
99.mat,Normal,232,0.016747434461538462,0.07022129544006268,0.06819496881909282,0.2705741538461538
99.mat,Normal,233,0.018839846769230766,0.0694476043878939,0.06684332374238526,0.23072861538461537
99.mat,Normal,234,0.01791359446153846,0.06587142442758832,0.06338886092671975,0.214248
99.mat,Normal,235,0.017596081846153844,0.062168185819307935,0.059626011368591934,0.19588984615384614
99.mat,Normal,236,0.014559893538461538,0.06479898802967865,0.06314204898337639,0.19067446153846154
99.mat,Normal,237,0.018114073846153846,0.06365226929326588,0.061020420474448736,0.17711446153846155
99.mat,Normal,238,0.015534544615384614,0.07239190142807068,0.07070548292716858,0.22321846153846153
99.mat,Normal,239,0.016951460307692307,0.0629544577876266,0.06062929777566941,0.19505538461538463
99.mat,Normal,240,0.015026983384615384,0.06224787345006752,0.06040684993785154,0.21654276923076923
99.mat,Normal,241,0.01812012369230769,0.06537027538659226,0.06280870975823641,0.19442953846153843
99.mat,Normal,242,0.01370227569230769,0.06472146174411769,0.06325436942336303,0.19964492307692308
99.mat,Normal,243,0.017000276307692307,0.06881337601266109,0.06668036685353491,0.200688
99.mat,Normal,244,0.01694040369230769,0.06619440907818093,0.06399001887756567,0.20673784615384616
99.mat,Normal,245,0.01623319753846154,0.06643126308834706,0.06441735801156757,0.22405292307692307
99.mat,Normal,246,0.014626650461538462,0.07106307575111634,0.06954151157031946,0.23093723076923076
99.mat,Normal,247,0.017449425230769228,0.06794259496568099,0.06566364115540939,0.23615261538461538
99.mat,Normal,248,0.012820875692307691,0.06802777810347908,0.06680871006222604,0.2221753846153846
99.mat,Normal,249,0.015024688615384616,0.06362178411409378,0.06182224636707313,0.20861538461538462
99.mat,Normal,250,0.012705511384615384,0.06862925419946524,0.06744289816155756,0.19985353846153847
99.mat,Normal,251,0.015295471384615383,0.07144700948670707,0.06979057042119674,0.21633415384615384
99.mat,Normal,252,0.011991420923076923,0.06796097263638663,0.06689469056606276,0.2056947692307692
99.mat,Normal,253,0.013094161846153845,0.06528677139559577,0.06396018640378959,0.2138307692307692
99.mat,Normal,254,0.00940605046153846,0.06391569647496281,0.06321979492686262,0.18712800000000002
99.mat,Normal,255,0.011613827076923076,0.06799359181770764,0.06699438445795565,0.21633415384615384
99.mat,Normal,256,0.010723247999999998,0.0653290653425475,0.06444298822107286,0.20506892307692307
99.mat,Normal,257,0.009005091692307692,0.06380810566176197,0.06316947579136391,0.18253846153846154
99.mat,Normal,258,0.008577847384615384,0.06948262894594079,0.06895111499813136,0.19609846153846153
99.mat,Normal,259,0.013017391384615384,0.06983785390319443,0.06861394435057404,0.23823876923076923
99.mat,Normal,260,0.006480011076923076,0.06622971529074478,0.06591194613980128,0.19964492307692308
99.mat,Normal,261,0.00977488246153846,0.06130126284257592,0.06051691085108101,0.17815753846153848
99.mat,Normal,262,0.009142151999999999,0.06005960367481742,0.059359725828081765,0.21341353846153846
99.mat,Normal,263,0.008561158153846152,0.06473241665004907,0.06416379303330176,0.22843384615384613
99.mat,Normal,264,0.006001238769230769,0.06779337116281167,0.0675272264116736,0.22676492307692306
99.mat,Normal,265,0.009521206153846155,0.06655172915824771,0.06586713358974047,0.173568
99.mat,Normal,266,0.004729519384615384,0.0626310008626792,0.06245217302425489,0.20339999999999997
99.mat,Normal,267,0.00784080923076923,0.06580212818383314,0.06533331297376778,0.19672430769230767
99.mat,Normal,268,0.00549764123076923,0.0637574483861421,0.06351998241190972,0.1846246153846154
99.mat,Normal,269,0.006928534153846154,0.06370996627000859,0.06333210257527079,0.20152246153846154
99.mat,Normal,270,0.006833822769230769,0.060195444165498574,0.05980627362275968,0.2238443076923077
99.mat,Normal,271,0.009665776615384616,0.06862998060004398,0.06794591230960033,0.22697353846153845
99.mat,Normal,272,0.007113158769230768,0.06363219858241952,0.06323337464311223,0.19797599999999999
99.mat,Normal,273,0.010893478153846153,0.07136051241399065,0.07052414384945761,0.20944984615384615
99.mat,Normal,274,0.008851342153846153,0.07242501452411829,0.07188210118586053,0.22676492307692306
99.mat,Normal,275,0.009940105846153846,0.06275479565649598,0.061962558643553656,0.1856676923076923
99.mat,Normal,276,0.006863237538461539,0.06780808512928635,0.06745985754054924,0.22467876923076924
99.mat,Normal,277,0.013271693538461537,0.0670200552208404,0.06569284551932315,0.19985353846153847
99.mat,Normal,278,0.009022615384615384,0.06245198669808093,0.06179678838061554,0.19046584615384615
99.mat,Normal,279,0.010618105846153846,0.0670084552858509,0.06616183875948245,0.22467876923076924
99.mat,Normal,280,0.011107308923076924,0.06674875691495276,0.06581811481787359,0.23010276923076922
99.mat,Normal,281,0.014289110769230768,0.06239394706255695,0.06073570567195061,0.1775316923076923
99.mat,Normal,282,0.009464045538461537,0.06897269281211867,0.06832030588193244,0.19651569230769228
99.mat,Normal,283,0.013123785230769229,0.06536168928746813,0.06403059181147844,0.1940123076923077
99.mat,Normal,284,0.010003733538461538,0.06391910191975238,0.06313142565726797,0.20861538461538462
99.mat,Normal,285,0.010510043076923076,0.07016704575887998,0.06937545174663715,0.21195323076923075
99.mat,Normal,286,0.008370483692307692,0.06558874062240007,0.06505242423760457,0.1785747692307692
99.mat,Normal,287,0.00991048246153846,0.06721127324157114,0.06647659428800994,0.18754523076923074
99.mat,Normal,288,0.00784894523076923,0.06291334350218108,0.062421813890560854,0.20339999999999997
99.mat,Normal,289,0.011711250461538463,0.06777256505662844,0.06675303129433187,0.23844738461538462
99.mat,Normal,290,0.009894836307692306,0.06852903328342731,0.06781091812684047,0.20277415384615383
99.mat,Normal,291,0.011594008615384616,0.06513876734916622,0.06409865814504381,0.19296923076923078
99.mat,Normal,292,0.008818380923076923,0.058694218925660374,0.0580279888776861,0.20944984615384615
99.mat,Normal,293,0.012915378461538462,0.06433382960237746,0.0630240797672046,0.18212123076923076
99.mat,Normal,294,0.009050152615384615,0.062310278741586074,0.06164953831532237,0.18754523076923074
99.mat,Normal,295,0.011104805538461538,0.0695631736548323,0.06867108869739368,0.21320492307692307
99.mat,Normal,296,0.010277436923076923,0.06360448286203227,0.06276865882300442,0.19296923076923078
99.mat,Normal,297,0.012528396923076923,0.06363950739129562,0.0623941196872318,0.19192615384615386
99.mat,Normal,298,0.008926652307692308,0.07314995342997478,0.0726032407361066,0.21362215384615382
99.mat,Normal,299,0.013509932307692306,0.0666111562614925,0.06522674196627133,0.21091015384615383
99.mat,Normal,300,0.010448501538461538,0.06561491879321131,0.06477766886698287,0.17523692307692307
99.mat,Normal,301,0.012122848615384615,0.06067896504696688,0.0594556417896527,0.17586276923076924
99.mat,Normal,302,0.01079146523076923,0.0682758357692409,0.06741760918455543,0.1994363076923077
99.mat,Normal,303,0.014407604307692307,0.07137861064875431,0.06990941993937173,0.20527753846153846
99.mat,Normal,304,0.0078093083076923074,0.07124515808870051,0.07081586866542934,0.23093723076923076
99.mat,Normal,305,0.011916319384615385,0.06567174501015209,0.0645815718684694,0.18358153846153846
99.mat,Normal,306,0.009696443076923078,0.06447197287427722,0.06373864038365996,0.19588984615384614
99.mat,Normal,307,0.011211825230769232,0.06581636257272343,0.06485436421166177,0.19067446153846154
99.mat,Normal,308,0.010947718153846153,0.06396610426133795,0.06302229733670697,0.2140393846153846
99.mat,Normal,309,0.010741606153846152,0.06562977335511878,0.06474476849815679,0.21842030769230766
99.mat,Normal,310,0.010147678153846155,0.06619892865368958,0.06541653294834752,0.22405292307692307
99.mat,Normal,311,0.013950527999999998,0.07436666209194331,0.07304644549338793,0.19609846153846153
99.mat,Normal,312,0.010464356307692307,0.0693858479262943,0.0685922236081941,0.20423446153846153
99.mat,Normal,313,0.011914650461538463,0.06099075581357939,0.05981566182105678,0.1656406153846154
99.mat,Normal,314,0.009591092307692306,0.06572049733666256,0.06501688025831136,0.24282830769230768
99.mat,Normal,315,0.011230183384615384,0.06705581522049316,0.06610873872668296,0.20193969230769232
99.mat,Normal,316,0.008767896,0.06747665921447725,0.06690458533224672,0.20965846153846154
99.mat,Normal,317,0.013071005538461538,0.07006438302914958,0.06883434159973416,0.20861538461538462
99.mat,Normal,318,0.011216206153846154,0.06007004381427957,0.05901361608445877,0.21883753846153844
99.mat,Normal,319,0.011829535384615385,0.06659118657470038,0.06553203966008297,0.1883796923076923
99.mat,Normal,320,0.009661812923076923,0.06608929655591922,0.06537923592621514,0.18170399999999998
99.mat,Normal,321,0.012844032,0.06338805495315829,0.06207315323654495,0.18858830769230767
99.mat,Normal,322,0.009849358153846154,0.061017474810077466,0.06021729299923488,0.18358153846153846
99.mat,Normal,323,0.010618731692307693,0.06727192492897119,0.06642856630167412,0.2209236923076923
99.mat,Normal,324,0.010728046153846153,0.07112522869832388,0.0703115010727962,0.214248
99.mat,Normal,325,0.012855714461538461,0.06190315775607601,0.060553542801862745,0.16793538461538463
99.mat,Normal,326,0.011609863384615384,0.06776387166936419,0.0667619156092201,0.22488738461538463
99.mat,Normal,327,0.01491370523076923,0.06293754494994722,0.06114504035992088,0.1883796923076923
99.mat,Normal,328,0.011100007384615385,0.0672650628919338,0.0663428859932796,0.20486030769230767
99.mat,Normal,329,0.014327287384615386,0.06658567663034841,0.06502600378710018,0.1923433846153846
99.mat,Normal,330,0.012629784,0.06223460188640928,0.06093959491228344,0.17315076923076922
99.mat,Normal,331,0.013365570461538462,0.06875452026191244,0.06744290609607045,0.2415766153846154
99.mat,Normal,332,0.01265857292307692,0.064990755714405,0.06374604975902907,0.18316430769230768
99.mat,Normal,333,0.01694332430769231,0.06576280948034689,0.06354266969645488,0.1712732307692308
99.mat,Normal,334,0.012016246153846152,0.07084993960090931,0.06982351874420734,0.206112
99.mat,Normal,335,0.014268249230769229,0.06372522459062417,0.06210733703045192,0.2238443076923077
99.mat,Normal,336,0.01342836369230769,0.06691931094854442,0.06555816674049915,0.19609846153846153
99.mat,Normal,337,0.013934881846153846,0.06375181947698498,0.062210236734478154,0.20673784615384616
99.mat,Normal,338,0.012405313846153848,0.06735204894099546,0.06619974837511598,0.23281476923076924
99.mat,Normal,339,0.015032824615384617,0.0693539491422128,0.06770512865140813,0.23156307692307693
99.mat,Normal,340,0.012385704,0.06683729169233092,0.0656796612140327,0.22300984615384614
99.mat,Normal,341,0.013394567999999997,0.06492803178519843,0.06353136909899798,0.20965846153846154
99.mat,Normal,342,0.013389352615384615,0.07281901673314668,0.07157747155720988,0.22780799999999998
99.mat,Normal,343,0.014918711999999999,0.06464878315203369,0.06290387265741061,0.22113230769230768
99.mat,Normal,344,0.014567820923076923,0.06585165701682809,0.06422008506234733,0.20444307692307692
99.mat,Normal,345,0.01709039815384615,0.06799191162399301,0.06580895332116966,0.21967199999999998
99.mat,Normal,346,0.014232576,0.06224646884903602,0.060597497180809666,0.20360861538461536
99.mat,Normal,347,0.016415318769230768,0.07211876963089552,0.07022573775175821,0.22280123076923075
99.mat,Normal,348,0.014758286769230768,0.0715920628395188,0.07005438197040038,0.2127876923076923
99.mat,Normal,349,0.017741695384615383,0.06494028346523402,0.06246977398249864,0.19359507692307693
99.mat,Normal,350,0.013228301538461537,0.07106345698092922,0.06982139325799733,0.24282830769230768
99.mat,Normal,351,0.015728139692307692,0.06157606381639583,0.05953349693189631,0.18545907692307692
99.mat,Normal,352,0.015974723076923075,0.0667482926873204,0.06480850869513825,0.2138307692307692
99.mat,Normal,353,0.015324051692307692,0.060064624717919624,0.0580769539682997,0.18650215384615382
99.mat,Normal,354,0.013388100923076922,0.06200830787265382,0.06054575954518474,0.20256553846153844
99.mat,Normal,355,0.01853255630769231,0.07239960841331743,0.06998748213147775,0.22447015384615385
99.mat,Normal,356,0.012763923692307692,0.06721675747883324,0.06599374771859248,0.21779446153846155
99.mat,Normal,357,0.013427112,0.06704051451645635,0.06568213798264069,0.19839323076923077
99.mat,Normal,358,0.013461533538461537,0.06574373030088643,0.06435079788680609,0.18379015384615385
99.mat,Normal,359,0.014613299076923077,0.06243961234960804,0.06070549135340002,0.2438713846153846
99.mat,Normal,360,0.013351801846153845,0.06640825263621182,0.06505217448829806,0.2261390769230769
99.mat,Normal,361,0.01621588246153846,0.06845846728700107,0.066510201467737,0.19630707692307692
99.mat,Normal,362,0.012029180307692308,0.06373117577611308,0.06258563402995011,0.20027076923076922
99.mat,Normal,363,0.013993294153846154,0.06945711337732739,0.06803292083568693,0.208824
99.mat,Normal,364,0.014030219076923076,0.06744337348730747,0.06596788294315646,0.18545907692307692
99.mat,Normal,365,0.013361398153846153,0.05652972066700246,0.05492797427598912,0.17628
99.mat,Normal,366,0.013371828923076923,0.0732261806223627,0.07199491454117332,0.22488738461538463
99.mat,Normal,367,0.015059318769230768,0.06416442465017955,0.062372191791657136,0.19046584615384615
99.mat,Normal,368,0.01413995076923077,0.07148416912247298,0.07007173629484323,0.235944
99.mat,Normal,369,0.01623361476923077,0.06908750877205588,0.06715321004876171,0.2438713846153846
99.mat,Normal,370,0.01431789969230769,0.06945535580058901,0.06796355050898555,0.20798953846153845
99.mat,Normal,371,0.014874068307692308,0.06477966529122524,0.06304892645573971,0.21883753846153844
99.mat,Normal,372,0.013222877538461538,0.06498720083577095,0.0636277595242177,0.19067446153846154
99.mat,Normal,373,0.016083203076923076,0.06273405626708697,0.06063738446295723,0.1992276923076923
99.mat,Normal,374,0.014821914461538462,0.06437408871709709,0.06264450614261018,0.20444307692307692
99.mat,Normal,375,0.013880016,0.06752126699838762,0.06607924525073886,0.20381723076923075
99.mat,Normal,376,0.015982650461538458,0.06548036793323483,0.06349986983369411,0.1869193846153846
99.mat,Normal,377,0.01643826646153846,0.07086284252105261,0.068929861786478,0.21174461538461536
99.mat,Normal,378,0.013659509538461538,0.06827116969588416,0.0668907348652479,0.19755876923076923
99.mat,Normal,379,0.016361913230769232,0.06396301158176973,0.06183489828598725,0.2238443076923077
99.mat,Normal,380,0.01595240123076923,0.07302574908416666,0.07126205809739304,0.2209236923076923
99.mat,Normal,381,0.01444578092307692,0.0684798625779852,0.06693886010548884,0.22697353846153845
99.mat,Normal,382,0.015087481846153848,0.060702589734243084,0.05879772352724051,0.16647507692307692
99.mat,Normal,383,0.016951460307692307,0.07125315585460688,0.06920737108630577,0.24011630769230768
99.mat,Normal,384,0.013505968615384613,0.06428530144687211,0.06285052739536451,0.18754523076923074
99.mat,Normal,385,0.01742063630769231,0.07306740906330166,0.07096032481506107,0.23656984615384613
99.mat,Normal,386,0.015626544,0.06579791140433583,0.06391538365518032,0.20047938461538461
99.mat,Normal,387,0.013413343384615384,0.06274853478330128,0.06129813077653809,0.21842030769230766
99.mat,Normal,388,0.015275652923076923,0.07020961539367532,0.06852769163996043,0.19964492307692308
99.mat,Normal,389,0.015294636923076923,0.06764239661642278,0.0658905752092414,0.20298276923076922
99.mat,Normal,390,0.012971287384615383,0.0719755868095813,0.07079711011170789,0.23615261538461538
99.mat,Normal,391,0.014979836307692307,0.06865103906976354,0.06699678850178525,0.18775384615384613
99.mat,Normal,392,0.015176560615384617,0.06199416789257236,0.060107810312637455,0.1710646153846154
99.mat,Normal,393,0.012900983999999999,0.06327231259104556,0.061943120299600064,0.17502830769230768
99.mat,Normal,394,0.014729289230769231,0.06783135855258833,0.06621284801189377,0.19213476923076922
99.mat,Normal,395,0.01626824492307692,0.064749458187666,0.06267245441754367,0.1990190769230769
99.mat,Normal,396,0.014080704000000001,0.06799059592331903,0.06651657619625675,0.18983999999999998
99.mat,Normal,397,0.015392268923076923,0.06742608046396907,0.0656456730038874,0.2238443076923077
99.mat,Normal,398,0.013940723076923076,0.06333606950592947,0.06178279647727572,0.21174461538461536
99.mat,Normal,399,0.01665084553846154,0.06999356800443035,0.06798418128392157,0.20444307692307692
99.mat,Normal,400,0.013129835076923075,0.060783248307654726,0.059348215690809204,0.17461107692307692
99.mat,Normal,401,0.016099683692307694,0.06593589737666417,0.06394014973296222,0.21508246153846153
99.mat,Normal,402,0.014460383999999998,0.06884498793990958,0.06730920931803343,0.20506892307692307
99.mat,Normal,403,0.01665334892307692,0.06218659596396494,0.05991526255664471,0.18963138461538462
99.mat,Normal,404,0.016209415384615383,0.07033035087484252,0.06843692794878695,0.21737723076923077
99.mat,Normal,405,0.01598139876923077,0.06338182642141116,0.06133392873355434,0.1802436923076923
99.mat,Normal,406,0.015452350153846155,0.06288594522778256,0.06095791156129448,0.17648861538461538
99.mat,Normal,407,0.016304752615384614,0.06711090680718486,0.06510014481269423,0.20527753846153846
99.mat,Normal,408,0.015932582769230767,0.06361266099071565,0.06158509109046869,0.19192615384615386
99.mat,Normal,409,0.013024692923076923,0.06399237053101299,0.06265285995417935,0.1783661538461538
99.mat,Normal,410,0.015895866461538462,0.06351794428238351,0.0614967533720026,0.21612553846153845
99.mat,Normal,411,0.014431595076923076,0.0630850729300215,0.061412177050824864,0.18274707692307693
99.mat,Normal,412,0.013787182153846153,0.06784563770993628,0.06642999446428244,0.23218892307692307
99.mat,Normal,413,0.015130247999999999,0.06265912287065892,0.06080494448956291,0.19651569230769228
99.mat,Normal,414,0.01642303753846154,0.07118834924476646,0.06926806555841676,0.20193969230769232
99.mat,Normal,415,0.014975246769230769,0.06952638757025954,0.06789448101849357,0.2056947692307692
99.mat,Normal,416,0.01687990523076923,0.06951649427610722,0.06743598279731894,0.19839323076923077
99.mat,Normal,417,0.01576172676923077,0.06027136317376877,0.05817392189010851,0.1704387692307692
99.mat,Normal,418,0.014665452923076923,0.064077425872186,0.062376606167428704,0.18379015384615385
99.mat,Normal,419,0.015007164923076922,0.057793919622024,0.05581148758318971,0.16167692307692308
99.mat,Normal,420,0.017079758769230766,0.06587738850741486,0.06362477628205666,0.2275993846153846
99.mat,Normal,421,0.014964815999999997,0.0674280668169014,0.06574647121139403,0.19651569230769228
99.mat,Normal,422,0.015013006153846152,0.0641603454446248,0.06237915977149871,0.17023015384615386
99.mat,Normal,423,0.015300686769230768,0.07553910476395793,0.07397327445050746,0.25847446153846154
99.mat,Normal,424,0.01447707323076923,0.06284796602626855,0.06115783829003401,0.2073636923076923
99.mat,Normal,425,0.015375996923076922,0.06882034072947538,0.06708068288816549,0.20819815384615384
99.mat,Normal,426,0.014245092923076921,0.06879572201235021,0.06730474496507265,0.21111876923076925
99.mat,Normal,427,0.013545188307692307,0.06418725500305397,0.0627417849485989,0.2075723076923077
99.mat,Normal,428,0.01381805723076923,0.06807094586340735,0.06665369430951386,0.19693292307692306
99.mat,Normal,429,0.015361393846153848,0.06957077707125134,0.06785367050794745,0.19004861538461537
99.mat,Normal,430,0.013769867076923077,0.06637727113882695,0.06493329565424212,0.2021483076923077
99.mat,Normal,431,0.012187519384615386,0.06203476153144533,0.06082578408465372,0.1942209230769231
99.mat,Normal,432,0.014943745846153846,0.0688880438233577,0.06724765454567476,0.20298276923076922
99.mat,Normal,433,0.012526102153846154,0.062340440127810585,0.06106903667293718,0.17294215384615383
99.mat,Normal,434,0.013890864,0.06383996312912579,0.06231039070381156,0.20277415384615383
99.mat,Normal,435,0.013940723076923076,0.07123977595761295,0.06986244998984384,0.26076923076923075
99.mat,Normal,436,0.013766320615384617,0.06881390093642795,0.06742285501818324,0.21299630769230768
99.mat,Normal,437,0.009957003692307693,0.0733256146348673,0.07264643032560124,0.19860184615384616
99.mat,Normal,438,0.01220796369230769,0.06873297049149214,0.06764012755067533,0.19755876923076923
99.mat,Normal,439,0.008645021538461539,0.06270272974288275,0.062103912274578406,0.2154996923076923
99.mat,Normal,440,0.010390089230769232,0.06714142273479008,0.06633262163240979,0.2056947692307692
99.mat,Normal,441,0.011368495384615384,0.06407097125912757,0.06305431524311347,0.21132738461538458
99.mat,Normal,442,0.010284947076923075,0.06739449491404152,0.06660508845684135,0.18337292307692307
99.mat,Normal,443,0.009649921846153845,0.06782780658002183,0.06713784591286776,0.20819815384615384
99.mat,Normal,444,0.010044204923076921,0.06475633073963552,0.06397262163085317,0.18316430769230768
99.mat,Normal,445,0.009690810461538461,0.06313675702657379,0.062388606976203215,0.2236356923076923
99.mat,Normal,446,0.011017395692307691,0.06436277902551549,0.06341280876957317,0.17982646153846152
99.mat,Normal,447,0.011264604923076923,0.06468981402057929,0.0637014969521449,0.21716861538461538
99.mat,Normal,448,0.011054112,0.06074976211621888,0.05973558575144835,0.17732307692307692
99.mat,Normal,449,0.009354522461538462,0.06236619535291089,0.06166064573383915,0.17419384615384614
99.mat,Normal,450,0.012015411692307694,0.06533671521119486,0.06422239668879647,0.19651569230769228
99.mat,Normal,451,0.012734508923076922,0.06700258084331982,0.06578129006148849,0.20778092307692309
99.mat,Normal,452,0.010971083076923077,0.06314223571661666,0.0621818081709758,0.19735015384615384
99.mat,Normal,453,0.010067361230769229,0.0632838020348941,0.06247789879502089,0.1858763076923077
99.mat,Normal,454,0.012125351999999999,0.0649302443630078,0.0637880276534398,0.18879692307692306
99.mat,Normal,455,0.011792819076923077,0.060575346081401873,0.059416344309462264,0.20193969230769232
99.mat,Normal,456,0.010822340307692305,0.06626963303532536,0.06537997562634285,0.2154996923076923
99.mat,Normal,457,0.012407191384615384,0.05931826867711709,0.058006194503657765,0.20131384615384615
99.mat,Normal,458,0.012967532307692308,0.06848630454957741,0.0672474313019198,0.22718215384615387
99.mat,Normal,459,0.010001647384615385,0.06748391537476293,0.06673863861289037,0.21007569230769232
99.mat,Normal,460,0.01278749723076923,0.06423976938683064,0.0629541728993897,0.1927606153846154
99.mat,Normal,461,0.009598811076923078,0.06783544957085003,0.06715289304556339,0.214248
99.mat,Normal,462,0.011486363076923077,0.06364504742478252,0.06259996425692202,0.19672430769230767
99.mat,Normal,463,0.012114295384615385,0.0640991177227845,0.06294394919429246,0.1696043076923077
99.mat,Normal,464,0.01241324123076923,0.06914913045449407,0.06802583101116347,0.20652923076923077
99.mat,Normal,465,0.010821505846153845,0.0694219483729383,0.06857333247784132,0.21967199999999998
99.mat,Normal,466,0.01439842523076923,0.06676752674151121,0.06519653348186821,0.1927606153846154
99.mat,Normal,467,0.011627387076923075,0.07057814325869602,0.06961377863331669,0.20798953846153845
99.mat,Normal,468,0.012501694153846152,0.06549992647509997,0.0642957853325332,0.19505538461538463
99.mat,Normal,469,0.014086127999999998,0.07010313073205367,0.06867335681618472,0.22405292307692307
99.mat,Normal,470,0.012432851076923076,0.06639665232757895,0.0652222328229297,0.24720923076923076
99.mat,Normal,471,0.01127336676923077,0.06190111504046609,0.06086591201107087,0.19839323076923077
99.mat,Normal,472,0.01303116,0.06628428014070283,0.06499072751420444,0.20798953846153845
99.mat,Normal,473,0.01143191446153846,0.06604706837507779,0.06505018503191415,0.22008923076923076
99.mat,Normal,474,0.015519941538461538,0.0666335783893543,0.0648009659157405,0.20965846153846154
99.mat,Normal,475,0.013441923692307692,0.06826910970150911,0.066932697740991,0.20277415384615383
99.mat,Normal,476,0.01700736923076923,0.06907798450040505,0.06695160442055503,0.24679199999999998
99.mat,Normal,477,0.015638017846153845,0.06329002646078798,0.06132764341836898,0.1666836923076923
99.mat,Normal,478,0.017053681846153843,0.06203367271899843,0.05964351168817923,0.19755876923076923
99.mat,Normal,479,0.016837347692307696,0.06439744857688019,0.06215734152857786,0.18858830769230767
99.mat,Normal,480,0.017681614153846153,0.07220097359667191,0.07000243645203943,0.23677846153846152
99.mat,Normal,481,0.014622269538461538,0.08089654342212241,0.07956406205814229,0.34588430769230766
99.mat,Normal,482,0.01735596553846154,0.07243216040562427,0.0703220329715646,0.19630707692307692
99.mat,Normal,483,0.013043259692307692,0.06279682113834714,0.0614273076219411,0.18170399999999998
100.mat,Normal,1,0.011719177846153844,0.0697191847589689,0.0687271823521484,0.22530461538461538
100.mat,Normal,2,0.012888258461538462,0.06547763324583061,0.06419667631041412,0.20944984615384615
100.mat,Normal,3,0.013097708307692307,0.0661959942026377,0.06488728446746907,0.22196676923076922
100.mat,Normal,4,0.014034182769230767,0.06481461812970003,0.06327698189151143,0.19067446153846154
100.mat,Normal,5,0.012220480615384617,0.06128276995280621,0.060051958724237936,0.17982646153846152
100.mat,Normal,6,0.011411470153846153,0.06627246867762755,0.06528260452490389,0.18128676923076922
100.mat,Normal,7,0.011399996307692305,0.06082263377679816,0.0597447308449131,0.20944984615384615
100.mat,Normal,8,0.012788123076923074,0.06931962206041394,0.06812983128386635,0.19463815384615382
100.mat,Normal,9,0.011690806153846154,0.06464858893881725,0.06358274218098303,0.20402584615384614
100.mat,Normal,10,0.010673388923076921,0.06540940322496643,0.06453269558249512,0.22843384615384613
100.mat,Normal,11,0.012874489846153846,0.073163643674693,0.07202198460858132,0.2422024615384615
100.mat,Normal,12,0.013766946461538462,0.06611334816180985,0.06466410124860486,0.2125790769230769
100.mat,Normal,13,0.013352219076923078,0.062131810414311164,0.06068014593820417,0.17377661538461536
100.mat,Normal,14,0.011784891692307693,0.06296910748252924,0.06185648571448993,0.18545907692307692
100.mat,Normal,15,0.016110740307692304,0.06649870250464178,0.06451760598115022,0.2225926153846154
100.mat,Normal,16,0.015046176,0.06351335384236767,0.06170541875785969,0.1804523076923077
100.mat,Normal,17,0.014741597538461538,0.06483450403954134,0.0631363462362792,0.23969907692307693
100.mat,Normal,18,0.014556972923076924,0.06688507994382799,0.06528176206574901,0.22947692307692308
100.mat,Normal,19,0.012873446769230768,0.06438108144285241,0.06308088471186003,0.18107815384615383
100.mat,Normal,20,0.014670876923076922,0.07060254728878711,0.06906145852770088,0.25117292307692307
100.mat,Normal,21,0.014684436923076923,0.06557455405201663,0.06390922821762932,0.2021483076923077
100.mat,Normal,22,0.013550403692307693,0.06720594073529494,0.0658257170860407,0.238656
100.mat,Normal,23,0.013690176000000002,0.06740628118494527,0.06600140774463018,0.20360861538461536
100.mat,Normal,24,0.014045865230769231,0.06709202158013113,0.06560528202536628,0.2207150769230769
100.mat,Normal,25,0.014039815384615384,0.06336071187184816,0.061785624483962916,0.18525046153846153
100.mat,Normal,26,0.013822646769230769,0.06714248251658654,0.06570424183249665,0.21091015384615383
100.mat,Normal,27,0.01176507323076923,0.0645798344555473,0.06349911865672256,0.2659846153846154
100.mat,Normal,28,0.014754323076923077,0.06965155569258964,0.06807091273767153,0.20256553846153844
100.mat,Normal,29,0.013535592,0.06234572214049635,0.06085866264082306,0.208824
100.mat,Normal,30,0.014519213538461539,0.06295746521381806,0.061260385767424506,0.20465169230769228
100.mat,Normal,31,0.01344421846153846,0.06624932358429957,0.06487083986920208,0.20673784615384616
100.mat,Normal,32,0.016878236307692307,0.06593365650026264,0.0637367413556445,0.20277415384615383
100.mat,Normal,33,0.01660682769230769,0.06491916798268972,0.06275915587038029,0.18525046153846153
100.mat,Normal,34,0.017234760000000002,0.07090974433590948,0.06878339108772151,0.21487384615384614
100.mat,Normal,35,0.016779144000000003,0.06934291755952258,0.06728224537197024,0.2822566153846154
100.mat,Normal,36,0.016166440615384615,0.06850192430725245,0.06656695750615156,0.21320492307692307
100.mat,Normal,37,0.016762246153846153,0.06932687616321928,0.06726992539335994,0.24074215384615386
100.mat,Normal,38,0.016753901538461537,0.06864762080068265,0.06657178550132072,0.1940123076923077
100.mat,Normal,39,0.015342827076923075,0.06302066777234838,0.061124481378252576,0.22196676923076922
100.mat,Normal,40,0.014335632,0.06932152998499351,0.06782303572253996,0.19714153846153845
100.mat,Normal,41,0.017579392615384618,0.0672558687417952,0.0649177697975504,0.21633415384615384
100.mat,Normal,42,0.01784662892307692,0.06494390189320709,0.06244364042235608,0.23385784615384617
100.mat,Normal,43,0.013816596923076924,0.06995754790932457,0.06857958995904441,0.25513661538461535
100.mat,Normal,44,0.015441293538461536,0.06606653325700616,0.06423669722563705,0.19818461538461538
100.mat,Normal,45,0.015604848,0.06423940998912882,0.06231525105981906,0.19046584615384615
100.mat,Normal,46,0.016231528615384617,0.06674542020704852,0.0647417067849113,0.21362215384615382
100.mat,Normal,47,0.014812735384615385,0.0681176188377818,0.06648753918257683,0.20632061538461538
100.mat,Normal,48,0.01469027815384615,0.06923914444971002,0.0676628025719482,0.20423446153846153
100.mat,Normal,49,0.01500716492307692,0.06309057887189885,0.061279736808857614,0.22822523076923076
100.mat,Normal,50,0.014104903384615383,0.06456742608251832,0.06300796942793929,0.23135446153846154
100.mat,Normal,51,0.014492093538461535,0.0650127747541846,0.06337696826222303,0.20944984615384615
100.mat,Normal,52,0.012995278153846154,0.06142104057799178,0.06003055031721334,0.20715507692307691
100.mat,Normal,53,0.011193675692307692,0.06308754985276858,0.06208655708702973,0.20027076923076922
100.mat,Normal,54,0.011658888,0.06122541712417527,0.060105091569955284,0.17815753846153848
100.mat,Normal,55,0.011619668307692309,0.0661595619244585,0.06513118256607561,0.2221753846153846
100.mat,Normal,56,0.011355769846153845,0.06379725740137225,0.06277847197199156,0.1881710769230769
100.mat,Normal,57,0.012779152615384617,0.06475150581464276,0.06347795494261314,0.20193969230769232
100.mat,Normal,58,0.013875217846153845,0.06945563526139699,0.06805559197660385,0.20819815384615384
100.mat,Normal,59,0.012893891076923077,0.06979726920282311,0.06859596461212425,0.19839323076923077
100.mat,Normal,60,0.011161131692307692,0.0625281577193477,0.06152397619727277,0.20006215384615383
100.mat,Normal,61,0.01190880923076923,0.06825544867340316,0.06720853023473077,0.21508246153846153
100.mat,Normal,62,0.014263033846153846,0.06527998802109183,0.0637027683977499,0.23928184615384615
100.mat,Normal,63,0.01479041353846154,0.06873964547311241,0.06712959501688116,0.23072861538461537
100.mat,Normal,64,0.013839335999999999,0.06401669228060877,0.06250287729080364,0.18399876923076922
100.mat,Normal,65,0.013986827076923078,0.06614021259295173,0.06464438405740365,0.21028430769230766
100.mat,Normal,66,0.014171868923076923,0.06188430603915225,0.06023973327609097,0.18253846153846154
100.mat,Normal,67,0.013369534153846153,0.0650110372702399,0.06362146275795347,0.19964492307692308
100.mat,Normal,68,0.016956467076923075,0.07377092939888252,0.07179573976667512,0.2138307692307692
100.mat,Normal,69,0.01097004,0.06433181738902502,0.06338959655158931,0.1860849230769231
100.mat,Normal,70,0.013962210461538461,0.06137235219265793,0.0597630512330767,0.17690584615384616
100.mat,Normal,71,0.01317573046153846,0.07223157412355077,0.07101971857991905,0.22175815384615383
100.mat,Normal,72,0.014587222153846155,0.06556246935595803,0.06391909212344364,0.18316430769230768
100.mat,Normal,73,0.012291827076923076,0.0653565554651712,0.06419026662495662,0.18712800000000002
100.mat,Normal,74,0.015400196307692307,0.06329560911561358,0.06139355085838483,0.21925476923076925
100.mat,Normal,75,0.015686208,0.06635537662487792,0.06447463753764059,0.24282830769230768
100.mat,Normal,76,0.016136817230769228,0.06395000476976022,0.06188058047330442,0.21341353846153846
100.mat,Normal,77,0.01465064123076923,0.06625947449023163,0.06461947594378138,0.19442953846153843
100.mat,Normal,78,0.012840276923076923,0.06544393095131744,0.06417192054862862,0.2075723076923077
100.mat,Normal,79,0.013461324923076922,0.06223021714899428,0.060756832189691475,0.20444307692307692
100.mat,Normal,80,0.014556972923076922,0.06481763425473862,0.06316185755420649,0.20173107692307693
100.mat,Normal,81,0.013406667692307693,0.06623410564289108,0.06486307124783477,0.24303692307692307
100.mat,Normal,82,0.014303296615384613,0.06689836733792962,0.06535141359154287,0.2138307692307692
100.mat,Normal,83,0.012612051692307691,0.06724985477259206,0.06605663569275444,0.21049292307692305
100.mat,Normal,84,0.016492297846153848,0.06994927477460781,0.06797723996491277,0.1992276923076923
100.mat,Normal,85,0.014315813538461538,0.06859025032264343,0.06707965356242448,0.22321846153846153
100.mat,Normal,86,0.014766422769230769,0.06665361731857988,0.06499736502545342,0.20861538461538462
100.mat,Normal,87,0.012223818461538461,0.06708290070248742,0.06595978948480004,0.241368
100.mat,Normal,88,0.013937802461538463,0.06670675341248147,0.06523441280012215,0.22864246153846152
100.mat,Normal,89,0.01230789046153846,0.06354356537642296,0.0623401999766965,0.1867107692307692
100.mat,Normal,90,0.013067041846153845,0.0673698987574985,0.06609051124016564,0.21487384615384614
100.mat,Normal,91,0.011231017846153848,0.06456100360577578,0.06357662640251029,0.20131384615384615
100.mat,Normal,92,0.014059425230769229,0.06351344223519541,0.06193779061884523,0.1856676923076923
100.mat,Normal,93,0.012426175384615388,0.06957763532315428,0.06845902060702172,0.2207150769230769
100.mat,Normal,94,0.013574603076923075,0.06060955082617526,0.059069855278768985,0.1775316923076923
100.mat,Normal,95,0.01085551015384615,0.06721349612743915,0.06633107839446771,0.1992276923076923
100.mat,Normal,96,0.01272971076923077,0.06734501541633475,0.06613097281273048,0.20444307692307692
100.mat,Normal,97,0.012590981538461539,0.0638688580511531,0.06261547901802288,0.20694646153846152
100.mat,Normal,98,0.013057028307692306,0.0693417288540763,0.06810131696409664,0.20861538461538462
100.mat,Normal,99,0.010526523692307692,0.06735389887926811,0.06652623537518082,0.2154996923076923
100.mat,Normal,100,0.013069753846153847,0.061714729814251086,0.0603149186391473,0.1910916923076923
100.mat,Normal,101,0.010751619692307693,0.06745980309187681,0.06659750526248542,0.2238443076923077
100.mat,Normal,102,0.012190857230769231,0.06274373094712685,0.06154802005868625,0.22321846153846153
100.mat,Normal,103,0.008913092307692308,0.06751929950136921,0.06692841392615063,0.20694646153846152
100.mat,Normal,104,0.010423884923076922,0.0639735664233272,0.06311861709535711,0.20527753846153846
100.mat,Normal,105,0.01015185046153846,0.0636005128098205,0.06278507117045184,0.22426153846153846
100.mat,Normal,106,0.011203063384615384,0.06704560150767933,0.06610298066144085,0.23677846153846152
100.mat,Normal,107,0.008148934153846153,0.06463921148243061,0.06412349439344887,0.192552
100.mat,Normal,108,0.011072052923076923,0.0704841344647991,0.06960907164529968,0.2497126153846154
100.mat,Normal,109,0.00841575323076923,0.06675339705784153,0.06622077556417354,0.222384
100.mat,Normal,110,0.011723141538461539,0.06664418110883016,0.06560499087825372,0.19317784615384614
100.mat,Normal,111,0.008884512,0.06611437966154962,0.06551470555954124,0.18712800000000002
100.mat,Normal,112,0.011235190153846154,0.0639824520537729,0.06298828996742384,0.1908830769230769
100.mat,Normal,113,0.008902452923076922,0.06411727718095754,0.06349623268393283,0.22551323076923077
100.mat,Normal,114,0.011123580923076921,0.06313725676953132,0.06214965116418182,0.18170399999999998
100.mat,Normal,115,0.008642518153846155,0.06431695672106251,0.06373364732870282,0.17899199999999998
100.mat,Normal,116,0.010259287384615384,0.06340508167844529,0.06256957251740011,0.21696000000000001
100.mat,Normal,117,0.006158326153846153,0.06398308871070754,0.06368603190610266,0.2330233846153846
100.mat,Normal,118,0.010665461538461539,0.06785817905158745,0.0670147774328088,0.21862892307692305
100.mat,Normal,119,0.009057245538461538,0.06520951335389591,0.0645774491220267,0.19359507692307693
100.mat,Normal,120,0.009202024615384616,0.06274200068531541,0.06206352707487687,0.20819815384615384
100.mat,Normal,121,0.008435154461538462,0.06325782908851978,0.06269291116388173,0.20339999999999997
100.mat,Normal,122,0.010070907692307693,0.06909905287201903,0.06836121653439982,0.21049292307692305
100.mat,Normal,123,0.010213600615384615,0.06901066576804095,0.06825067290670236,0.1858763076923077
100.mat,Normal,124,0.010466859692307692,0.06412384556488673,0.06326383183313344,0.1923433846153846
100.mat,Normal,125,0.008664214153846153,0.06710641557792593,0.06654473987336335,0.20527753846153846
100.mat,Normal,126,0.010309355076923078,0.06392341336180277,0.06308660692826827,0.2221753846153846
100.mat,Normal,127,0.008538001846153847,0.05845564747887807,0.057828757955276346,0.1783661538461538
100.mat,Normal,128,0.00978573046153846,0.06477607934415734,0.0640326474115719,0.2056947692307692
100.mat,Normal,129,0.005930935384615384,0.06281154536082599,0.06253090624706008,0.20861538461538462
100.mat,Normal,130,0.008133079384615386,0.06926475507871221,0.06878560398686293,0.2194633846153846
100.mat,Normal,131,0.0062780713846153835,0.06905947744540449,0.06877352139248072,0.2422024615384615
100.mat,Normal,132,0.007212459692307692,0.06174517189570381,0.061322481013220985,0.19588984615384614
100.mat,Normal,133,0.0058472806153846155,0.07062514571395145,0.07038267199049651,0.21028430769230766
100.mat,Normal,134,0.00889577723076923,0.06265930588635582,0.06202462222069904,0.241368
100.mat,Normal,135,0.00740876676923077,0.0729825757531995,0.0726055544605965,0.21758584615384616
100.mat,Normal,136,0.009269407384615385,0.0699385069733867,0.06932151790320591,0.26160369230769226
100.mat,Normal,137,0.006145183384615385,0.06166432967102191,0.06135736528686609,0.1883796923076923
100.mat,Normal,138,0.009029082461538461,0.06646912112382791,0.06585301612589088,0.20298276923076922
100.mat,Normal,139,0.007603613538461538,0.06543279254132388,0.06498950223623545,0.21466523076923077
100.mat,Normal,140,0.00948553292307692,0.05943540139319157,0.05867360227508638,0.2236356923076923
100.mat,Normal,141,0.005563146461538461,0.0598168851418342,0.05955762881041233,0.19171753846153847
100.mat,Normal,142,0.008710318153846153,0.06133541470292152,0.06071378306808215,0.222384
100.mat,Normal,143,0.006450387692307693,0.06796224152383787,0.06765544155175841,0.1873366153846154
100.mat,Normal,144,0.010201709538461539,0.0671201318370111,0.06634031368866607,0.21007569230769232
100.mat,Normal,145,0.007118165538461538,0.06201371712667654,0.06160383779631358,0.22175815384615383
100.mat,Normal,146,0.008835696,0.06476347404665542,0.06415791491926304,0.18712800000000002
100.mat,Normal,147,0.0076478399999999995,0.061517975262691406,0.06104073904987973,0.19380369230769232
100.mat,Normal,148,0.011666815384615385,0.06873934885619984,0.06774203643200909,0.21988061538461537
100.mat,Normal,149,0.009302785846153846,0.06067060164478169,0.059953149036897024,0.19797599999999999
100.mat,Normal,150,0.010884507692307694,0.06586493087793979,0.06495934583916221,0.20006215384615383
100.mat,Normal,151,0.009361406769230769,0.06489480288129425,0.06421603774995024,0.1775316923076923
100.mat,Normal,152,0.012408025846153845,0.06589805562241616,0.06471935281981914,0.19213476923076922
100.mat,Normal,153,0.01155666646153846,0.061726942079158104,0.06063545859264603,0.19881046153846152
100.mat,Normal,154,0.014171868923076921,0.06734780545716709,0.06583984379631799,0.18170399999999998
100.mat,Normal,155,0.009911734153846155,0.06667419036298758,0.06593333896158592,0.22655630769230767
100.mat,Normal,156,0.013312373538461538,0.07008294514282394,0.06880697574130502,0.23218892307692307
100.mat,Normal,157,0.012565530461538462,0.06228650084146863,0.06100586554827676,0.20006215384615383
100.mat,Normal,158,0.013979108307692308,0.0683408426900619,0.06689585421017953,0.22342707692307692
100.mat,Normal,159,0.013177607999999999,0.06458851943733962,0.06322995722366047,0.18066092307692305
100.mat,Normal,160,0.01581450646153846,0.06991278335270674,0.0681006509623841,0.20006215384615383
100.mat,Normal,161,0.013514313230769228,0.06139683004300088,0.05989101833522111,0.19964492307692308
100.mat,Normal,162,0.014147252307692306,0.06645354224053739,0.06493018195305926,0.18754523076923074
100.mat,Normal,163,0.012483336000000001,0.06860909740073556,0.06746387602602393,0.19651569230769228
100.mat,Normal,164,0.014292865846153847,0.06523412516979221,0.06364907754690531,0.19797599999999999
100.mat,Normal,165,0.013076220923076925,0.06621547248701347,0.06491148775871128,0.20027076923076922
100.mat,Normal,166,0.014662532307692308,0.06454118109979397,0.06285359340628252,0.23114584615384615
100.mat,Normal,167,0.011546235692307694,0.06556858565738599,0.06454396847458052,0.19296923076923078
100.mat,Normal,168,0.013755472615384616,0.06501716026373672,0.06354540189414047,0.20840676923076923
100.mat,Normal,169,0.011775295384615385,0.06318242133589085,0.06207544429539824,0.1942209230769231
100.mat,Normal,170,0.015664512,0.06880592071422394,0.06699908797240398,0.20632061538461538
100.mat,Normal,171,0.012724078153846154,0.06444083610765632,0.06317213937637886,0.19568123076923075
100.mat,Normal,172,0.013968468923076922,0.06637773992822357,0.06489134174852544,0.20339999999999997
100.mat,Normal,173,0.011703531692307692,0.06775369821305165,0.06673523033205495,0.20548615384615385
100.mat,Normal,174,0.015342409846153848,0.06099429959130015,0.05903316900477154,0.22864246153846152
100.mat,Normal,175,0.011623632,0.06187242447902279,0.06077078319423697,0.17982646153846152
100.mat,Normal,176,0.013354513846153845,0.0631526269312087,0.06172447851740273,0.21883753846153844
100.mat,Normal,177,0.011466544615384615,0.06237490423632335,0.06131188329413722,0.19296923076923078
100.mat,Normal,178,0.014785406769230769,0.06828983558147542,0.06667003367640766,0.18525046153846153
100.mat,Normal,179,0.011762152615384614,0.06464818973962867,0.06356917651239026,0.19067446153846154
100.mat,Normal,180,0.013222251692307691,0.06849980644813358,0.06721157298871251,0.25555384615384613
100.mat,Normal,181,0.00931697169230769,0.06846858147191551,0.06783170856805149,0.2586830769230769
100.mat,Normal,182,0.012614972307692308,0.06206862970065946,0.06077316238763408,0.20047938461538461
100.mat,Normal,183,0.010215060923076922,0.07012583610439857,0.06937784530870642,0.2411593846153846
100.mat,Normal,184,0.012970452923076923,0.06736250530263534,0.06610200051146575,0.23281476923076924
100.mat,Normal,185,0.00937183753846154,0.06490862778011317,0.06422848761608793,0.1990190769230769
100.mat,Normal,186,0.01312649723076923,0.0657499717199725,0.06442634439131084,0.1860849230769231
100.mat,Normal,187,0.009247085538461536,0.060788058158146495,0.06008060771732071,0.1940123076923077
100.mat,Normal,188,0.013734611076923076,0.06612210354941224,0.0646799276156433,0.2426196923076923
100.mat,Normal,189,0.010711774153846151,0.06521062688976119,0.06432482999458793,0.19609846153846153
100.mat,Normal,190,0.01304054769230769,0.061742474067136933,0.06034962485231971,0.19672430769230767
100.mat,Normal,191,0.012496478769230768,0.06556478531386715,0.06436287044269899,0.21737723076923077
100.mat,Normal,192,0.012834435692307694,0.06969238042755246,0.06850040255442821,0.2751636923076923
100.mat,Normal,193,0.008043792,0.06402962437371659,0.06352235990342281,0.22676492307692306
100.mat,Normal,194,0.013315711384615384,0.06839155372122717,0.06708275822240113,0.21508246153846153
100.mat,Normal,195,0.011422318153846152,0.06560905191161158,0.06460710750941309,0.19380369230769232
100.mat,Normal,196,0.013785513230769233,0.06244457200108716,0.06090389312156691,0.19067446153846154
100.mat,Normal,197,0.010758712615384615,0.06737680049963786,0.0665122796814811,0.21049292307692305
100.mat,Normal,198,0.011567097230769232,0.06573531446830759,0.06470961157278894,0.19755876923076923
100.mat,Normal,199,0.01128504923076923,0.06628981152599724,0.06532217675499914,0.19609846153846153
100.mat,Normal,200,0.012464143384615385,0.06615300389797711,0.06496818494011913,0.20652923076923077
100.mat,Normal,201,0.00980742646153846,0.06290894726992478,0.062139762091688866,0.1910916923076923
100.mat,Normal,202,0.01234189476923077,0.06412853312325786,0.06292969405651051,0.1923433846153846
100.mat,Normal,203,0.011474472,0.06157414842828366,0.060495555596998395,0.200688
100.mat,Normal,204,0.014579294769230769,0.06517970009585689,0.0635282415042139,0.18712800000000002
100.mat,Normal,205,0.011287135384615387,0.06887633893244707,0.06794520321219658,0.19735015384615384
100.mat,Normal,206,0.01427826276923077,0.06378757433032581,0.06216901037687216,0.20298276923076922
100.mat,Normal,207,0.012762254769230768,0.06760031585437641,0.0663846936937778,0.19505538461538463
100.mat,Normal,208,0.015846007384615383,0.06576588402893453,0.06382832875827144,0.22843384615384613
100.mat,Normal,209,0.011434417846153847,0.06446805995647216,0.06344592061804169,0.21049292307692305
100.mat,Normal,210,0.014183551384615384,0.06658993240883423,0.06506186262575862,0.20152246153846154
100.mat,Normal,211,0.013530793846153844,0.060319499782208554,0.05878230747315678,0.19839323076923077
100.mat,Normal,212,0.016774554461538464,0.06711908693983558,0.0649891233534819,0.18629353846153843
100.mat,Normal,213,0.014272004307692307,0.06706150588650804,0.06552522769748585,0.21487384615384614
100.mat,Normal,214,0.015947185846153844,0.061598758397271254,0.059498691579509766,0.20110523076923076
100.mat,Normal,215,0.013361398153846153,0.06600221198444971,0.06463563279039382,0.2292683076923077
100.mat,Normal,216,0.01656343569230769,0.06413449472471511,0.061958744432576235,0.18983999999999998
100.mat,Normal,217,0.014722613538461538,0.06548237509253271,0.06380584689788435,0.20339999999999997
100.mat,Normal,218,0.016954172307692306,0.0696633261820514,0.0675687431887553,0.2221753846153846
100.mat,Normal,219,0.012462683076923078,0.06944893447148771,0.06832156343168069,0.1992276923076923
100.mat,Normal,220,0.015496576615384615,0.06775142945790999,0.06595538118147501,0.23281476923076924
100.mat,Normal,221,0.013045554461538461,0.06421655006086126,0.06287749049151162,0.1783661538461538
100.mat,Normal,222,0.014122635692307694,0.06287876269625069,0.061272260928692396,0.20798953846153845
100.mat,Normal,223,0.011799912,0.06861091534846564,0.06758860689307462,0.2138307692307692
100.mat,Normal,224,0.014749733538461537,0.06291151898202585,0.06115802957233156,0.17565415384615385
100.mat,Normal,225,0.01287699323076923,0.06930753417874012,0.06810078809582128,0.20798953846153845
100.mat,Normal,226,0.015450472615384615,0.06569386305981303,0.06385112794369976,0.20131384615384615
100.mat,Normal,227,0.012754536,0.06710226454710441,0.06587894746255658,0.2154996923076923
100.mat,Normal,228,0.012741601846153845,0.06446206776693282,0.06319026636423308,0.21299630769230768
100.mat,Normal,229,0.010753079999999998,0.06626688002148344,0.06538861260414752,0.2205064615384615
100.mat,Normal,230,0.014478116307692307,0.06508626318688654,0.06345554194720582,0.24992123076923078
100.mat,Normal,231,0.011354100923076923,0.06889622109298137,0.06795420276275452,0.27140861538461536
100.mat,Normal,232,0.013277743384615385,0.06202488505044906,0.06058702745748237,0.18650215384615382
100.mat,Normal,233,0.011397284307692306,0.06796292062343769,0.06700045141696676,0.2125790769230769
100.mat,Normal,234,0.013641151384615385,0.06705072056629771,0.06564844337348559,0.21904615384615383
100.mat,Normal,235,0.008635008,0.0614747601587082,0.0608652838111401,0.22551323076923077
100.mat,Normal,236,0.010839864,0.057772161330839476,0.05674610095238305,0.18525046153846153
100.mat,Normal,237,0.010611012923076922,0.06698490309804858,0.06613912342782638,0.22989415384615383
100.mat,Normal,238,0.014168113846153844,0.06369717425022686,0.06210148595248093,0.1927606153846154
100.mat,Normal,239,0.010392592615384616,0.06930055782346153,0.0685168689694267,0.21862892307692305
100.mat,Normal,240,0.012137868923076922,0.06540705248862974,0.06427094719433167,0.20506892307692307
100.mat,Normal,241,0.011350345846153846,0.062139355229987536,0.061093936831499725,0.1908830769230769
100.mat,Normal,242,0.01280293476923077,0.06547981761523688,0.06421597446289753,0.21862892307692305
100.mat,Normal,243,0.011801998153846152,0.06789953180227282,0.06686597982939059,0.22864246153846152
100.mat,Normal,244,0.011691640615384616,0.06415358474680112,0.06307921983970381,0.19693292307692306
100.mat,Normal,245,0.008067156923076923,0.06791221026259603,0.06743136719605725,0.20131384615384615
100.mat,Normal,246,0.013741703999999999,0.06425999403834026,0.06277350081829043,0.20173107692307693
100.mat,Normal,247,0.010377155076923078,0.07101899914639027,0.07025676403211631,0.22843384615384613
100.mat,Normal,248,0.012252607384615383,0.066790344348389,0.06565686339184082,0.18858830769230767
100.mat,Normal,249,0.008400732923076923,0.06194550317342384,0.06137322746738837,0.20256553846153844
100.mat,Normal,250,0.014589725538461539,0.0665151930419481,0.06489538361177923,0.19588984615384614
100.mat,Normal,251,0.012067356923076922,0.061707134843624285,0.060515695381448756,0.21508246153846153
100.mat,Normal,252,0.012029806153846152,0.06645463722315587,0.0653567331830634,0.20444307692307692
100.mat,Normal,253,0.00921412430769231,0.06677658739608787,0.06613782985183105,0.20778092307692309
100.mat,Normal,254,0.013767155076923077,0.06862923041930759,0.06723419300500576,0.21800307692307694
100.mat,Normal,255,0.010877206153846155,0.07137051657100711,0.07053677779640302,0.22488738461538463
100.mat,Normal,256,0.013414386461538459,0.06059913612623699,0.059095765796770026,0.21716861538461538
100.mat,Normal,257,0.010205256,0.06181587254133121,0.06096765411282093,0.18170399999999998
100.mat,Normal,258,0.014218390153846154,0.06915007985241356,0.06767252710685616,0.24032492307692307
100.mat,Normal,259,0.00973107323076923,0.0656672998287443,0.06494228576648352,0.23531815384615382
100.mat,Normal,260,0.015373493538461538,0.06729196907981916,0.06551232555071006,0.200688
100.mat,Normal,261,0.010626659076923076,0.06290673381846244,0.062002671527682865,0.20381723076923075
100.mat,Normal,262,0.015060153230769232,0.06562979291713941,0.06387849014349319,0.20131384615384615
100.mat,Normal,263,0.013643654769230767,0.06780721738721139,0.06642039908292173,0.21362215384615382
100.mat,Normal,264,0.01521786646153846,0.06667428859908363,0.06491438438861356,0.20173107692307693
100.mat,Normal,265,0.011164886769230768,0.06700768727616452,0.06607098801690886,0.19714153846153845
100.mat,Normal,266,0.014664827076923077,0.06525094997141076,0.06358167439581544,0.19755876923076923
100.mat,Normal,267,0.011948863384615385,0.07484405132572787,0.07388407597489453,0.2540935384615385
100.mat,Normal,268,0.015016552615384616,0.06758799195474097,0.06589870866734428,0.20298276923076922
100.mat,Normal,269,0.011799703384615385,0.06324245215158945,0.06213191413582217,0.21132738461538458
100.mat,Normal,270,0.013826193230769229,0.0633376729132616,0.0618101706098013,0.1881710769230769
100.mat,Normal,271,0.012694872,0.06453734419579733,0.06327644917937819,0.19192615384615386
100.mat,Normal,272,0.014893886769230768,0.06735467134107434,0.06568731908343858,0.21341353846153846
100.mat,Normal,273,0.013517651076923076,0.06534655034455052,0.0639331271822006,0.1846246153846154
100.mat,Normal,274,0.013434622153846153,0.0647905203470534,0.06338235128508034,0.17815753846153848
100.mat,Normal,275,0.00927816923076923,0.062186987520615467,0.06149095049366525,0.17711446153846155
100.mat,Normal,276,0.014369010461538462,0.0696122562350479,0.06811312470067837,0.19025723076923076
100.mat,Normal,277,0.009199729846153845,0.06484146154293635,0.06418551320805872,0.22530461538461538
100.mat,Normal,278,0.012104907692307692,0.06586196139192978,0.06474001211115701,0.19985353846153847
100.mat,Normal,279,0.00874661723076923,0.06708234796080474,0.06650968421931422,0.18963138461538462
100.mat,Normal,280,0.014143288615384615,0.06993363103551739,0.06848854018705475,0.23177169230769232
100.mat,Normal,281,0.013529959384615384,0.06636385383519783,0.0649700030391731,0.21091015384615383
100.mat,Normal,282,0.013292137846153844,0.0678555690554215,0.06654094471311571,0.21508246153846153
100.mat,Normal,283,0.010434524307692306,0.06298952075258384,0.062119243613492005,0.18483323076923078
100.mat,Normal,284,0.01493853046153846,0.06760880304336833,0.06593777791681077,0.23510953846153848
100.mat,Normal,285,0.013354722461538461,0.06680593947596125,0.06545750481985299,0.22134092307692307
100.mat,Normal,286,0.013184492307692308,0.06160091146073702,0.060173428150488185,0.2073636923076923
100.mat,Normal,287,0.009634067076923077,0.06854206801948833,0.06786162273292257,0.24178523076923078
100.mat,Normal,288,0.01151640369230769,0.06267937880397706,0.061612311864174124,0.21675138461538462
100.mat,Normal,289,0.008686744615384615,0.06475441969832954,0.06416911514470568,0.1994363076923077
100.mat,Normal,290,0.011766742153846153,0.06481229853201022,0.0637352164826269,0.2073636923076923
100.mat,Normal,291,0.008235300923076923,0.06139206398873376,0.06083720358056532,0.19860184615384616
100.mat,Normal,292,0.011776964307692307,0.06786347377411774,0.06683378026406787,0.20819815384615384
100.mat,Normal,293,0.009346595076923076,0.06488513738235295,0.06420842790159913,0.19192615384615386
100.mat,Normal,294,0.010797306461538462,0.06732000586660734,0.06644848653698342,0.2157083076923077
100.mat,Normal,295,0.007600067076923076,0.06557994853548872,0.06513807358483684,0.21508246153846153
100.mat,Normal,296,0.012062350153846154,0.0662126968455443,0.06510469209147647,0.23844738461538462
100.mat,Normal,297,0.00916071876923077,0.06654322486882923,0.06590965033722025,0.23218892307692307
100.mat,Normal,298,0.011911729846153846,0.06133876651284489,0.060171047600898135,0.20486030769230767
100.mat,Normal,299,0.00658431876923077,0.05947710153662748,0.059111524710021235,0.1785747692307692
100.mat,Normal,300,0.009735871384615385,0.06617548359967274,0.06545538509574887,0.21466523076923077
100.mat,Normal,301,0.007956382153846154,0.06061193504736222,0.06008745836867802,0.20193969230769232
100.mat,Normal,302,0.011232895384615384,0.06773388900536391,0.06679597129370336,0.23385784615384617
100.mat,Normal,303,0.008112843692307692,0.0643818980225508,0.06386869781207626,0.18191261538461537
100.mat,Normal,304,0.010657325538461538,0.06412522906480253,0.06323342798694889,0.19693292307692306
100.mat,Normal,305,0.009251466461538462,0.06686395377918433,0.06622083269859969,0.2125790769230769
100.mat,Normal,306,0.014041901538461538,0.06752074620541136,0.06604450143138128,0.2371956923076923
100.mat,Normal,307,0.010001230153846154,0.0672199361243874,0.06647176248585951,0.18316430769230768
100.mat,Normal,308,0.013135467692307692,0.06892998528555475,0.0676668483082457,0.20360861538461536
100.mat,Normal,309,0.00883256676923077,0.06469056682874763,0.06408475014300782,0.23844738461538462
100.mat,Normal,310,0.014512329230769233,0.06866025112949314,0.06710903356078692,0.2225926153846154
100.mat,Normal,311,0.011217040615384616,0.06110675406756363,0.060068405942779235,0.17002153846153847
100.mat,Normal,312,0.012080916923076921,0.06972463838954358,0.0686700563917806,0.21988061538461537
100.mat,Normal,313,0.010188984,0.06424354819137826,0.06343041927392318,0.2292683076923077
100.mat,Normal,314,0.013255421538461539,0.07083545506647503,0.06958416123165022,0.2090326153846154
100.mat,Normal,315,0.012331255384615386,0.0698494453341857,0.0687523465354659,0.23531815384615382
100.mat,Normal,316,0.014508574153846153,0.06820314586280152,0.06664210667142004,0.1990190769230769
100.mat,Normal,317,0.011336785846153845,0.06768682862725882,0.06673068301983992,0.20444307692307692
100.mat,Normal,318,0.013491156923076921,0.06601105034911303,0.06461770231964341,0.1940123076923077
100.mat,Normal,319,0.010174589538461539,0.0613641017329195,0.06051471481558782,0.17523692307692307
100.mat,Normal,320,0.011463623999999999,0.06675429544924834,0.06576261313019854,0.20277415384615383
100.mat,Normal,321,0.00858389723076923,0.06714847920524754,0.06659755977443284,0.1992276923076923
100.mat,Normal,322,0.010504827692307693,0.06903457899859518,0.06823065068331242,0.2225926153846154
100.mat,Normal,323,0.009246668307692307,0.06088918166855909,0.06018298405259007,0.20131384615384615
100.mat,Normal,324,0.012035856,0.06310445731476694,0.06194603056967014,0.19964492307692308
100.mat,Normal,325,0.008111591999999999,0.06783341804686714,0.06734667533847961,0.241368
100.mat,Normal,326,0.01115403876923077,0.06670766482775194,0.06576853325037886,0.1923433846153846
100.mat,Normal,327,0.009441515076923075,0.06517510817250119,0.06448761523230227,0.20006215384615383
100.mat,Normal,328,0.01249647876923077,0.06778438221636353,0.06662252239914233,0.2422024615384615
100.mat,Normal,329,0.007509319384615384,0.07273175756728305,0.07234306242623322,0.28663753846153844
100.mat,Normal,330,0.012607879384615384,0.0672275504717734,0.06603472510624868,0.24199384615384617
100.mat,Normal,331,0.008646899076923075,0.0651717877239153,0.06459561170454681,0.20673784615384616
100.mat,Normal,332,0.013452145846153845,0.06522449293979668,0.06382220813625451,0.22029784615384615
100.mat,Normal,333,0.010960652307692307,0.061457847293887286,0.060472564812389495,0.1829556923076923
100.mat,Normal,334,0.015710824615384616,0.06907664538401061,0.0672662837342229,0.1994363076923077
100.mat,Normal,335,0.01181660123076923,0.06869102911348975,0.06766701867249124,0.21883753846153844
100.mat,Normal,336,0.013750674461538461,0.06289305947159896,0.06137145819964584,0.21153599999999997
100.mat,Normal,337,0.011877934153846153,0.0672489587949591,0.06619166971185272,0.19609846153846153
100.mat,Normal,338,0.012461848615384616,0.06906502097715708,0.06793143198595467,0.206112
100.mat,Normal,339,0.009402712615384615,0.06616855784248885,0.0654970765945113,0.20986707692307693
100.mat,Normal,340,0.014684436923076923,0.0679627986357493,0.06635743598614689,0.20840676923076923
100.mat,Normal,341,0.011679958153846154,0.06421092073150926,0.06313969368560927,0.19505538461538463
100.mat,Normal,342,0.013286505230769229,0.07070012780163035,0.06944045542707511,0.21091015384615383
100.mat,Normal,343,0.010597244307692308,0.06487655851970027,0.06400520493243637,0.22634769230769228
100.mat,Normal,344,0.014274716307692307,0.06620803951389453,0.06465088530413425,0.18086953846153844
100.mat,Normal,345,0.011852065846153847,0.06725129756594543,0.06619868246031615,0.19985353846153847
100.mat,Normal,346,0.014000387076923077,0.06047945980742132,0.058836674109723576,0.1873366153846154
100.mat,Normal,347,0.009547700307692308,0.06528141301820012,0.06457944180997015,0.1804523076923077
100.mat,Normal,348,0.014621226461538461,0.06133089046239424,0.059562554190284764,0.19526400000000002
100.mat,Normal,349,0.010797097846153847,0.06489707024051851,0.06399259647727519,0.18858830769230767
100.mat,Normal,350,0.01660870523076923,0.06911531149147897,0.06709006776805032,0.23344061538461539
100.mat,Normal,351,0.012308933538461539,0.06415950230411815,0.06296770514365184,0.21007569230769232
100.mat,Normal,352,0.01465377046153846,0.06601293621919622,0.06436594409732689,0.2056947692307692
100.mat,Normal,353,0.014889923076923075,0.0625253659509299,0.060726531088651996,0.20715507692307691
100.mat,Normal,354,0.015215780307692307,0.07012390196516838,0.06845320778786475,0.2411593846153846
100.mat,Normal,355,0.011342001230769231,0.06576776931921204,0.0647823933588928,0.1994363076923077
100.mat,Normal,356,0.014589099692307692,0.06873239936028103,0.06716621838386516,0.2127876923076923
100.mat,Normal,357,0.012874072615384617,0.06750149982987597,0.06626243833105261,0.19568123076923075
100.mat,Normal,358,0.014110744615384615,0.06397364499641502,0.06239802994107051,0.2075723076923077
100.mat,Normal,359,0.010452047999999999,0.06459681653544976,0.0637456147442336,0.21091015384615383
100.mat,Normal,360,0.013763817230769231,0.06784319562125976,0.06643234549029939,0.22968553846153844
100.mat,Normal,361,0.011590670769230768,0.06297523654662433,0.0618994084723157,0.2059033846153846
100.mat,Normal,362,0.013829948307692306,0.07196193120115696,0.0706204791261473,0.20798953846153845
100.mat,Normal,363,0.011414182153846155,0.06420442463389325,0.06318167921421602,0.19755876923076923
100.mat,Normal,364,0.012769139076923076,0.06077222208976106,0.05941558772713974,0.19067446153846154
100.mat,Normal,365,0.011660765538461538,0.06776876211787872,0.0667580082540414,0.20924123076923076
100.mat,Normal,366,0.014914956923076922,0.06558473109387508,0.06386627445403924,0.19860184615384616
100.mat,Normal,367,0.010333971692307693,0.0637387477188295,0.0628954449052328,0.20193969230769232
100.mat,Normal,368,0.012373812923076922,0.06363229467541531,0.062417607126543886,0.1873366153846154
100.mat,Normal,369,0.010049628923076924,0.0664963215563496,0.0657325318167032,0.19735015384615384
100.mat,Normal,370,0.014361500307692307,0.06745044934093515,0.06590379674348218,0.19547261538461536
100.mat,Normal,371,0.007239371076923077,0.06588879786821601,0.0654898861728224,0.20673784615384616
100.mat,Normal,372,0.010913922461538461,0.06529639877083755,0.06437783771565929,0.22843384615384613
100.mat,Normal,373,0.009818483076923078,0.0623664088854666,0.06158868684537268,0.21320492307692307
100.mat,Normal,374,0.010185437538461538,0.06427367955854192,0.06346150601856396,0.1883796923076923
100.mat,Normal,375,0.007541237538461538,0.06907547383275757,0.06866258676752919,0.20027076923076922
100.mat,Normal,376,0.011076851076923078,0.06955531224727317,0.06866764035581342,0.28017046153846153
100.mat,Normal,377,0.008967749538461538,0.0676746844682095,0.06707788298751786,0.24866953846153847
100.mat,Normal,378,0.013371411692307692,0.06749101889711893,0.06615317816345699,0.19317784615384614
100.mat,Normal,379,0.009717930461538462,0.07084734583493152,0.07017769046783381,0.2517987692307692
100.mat,Normal,380,0.01313233846153846,0.0653300779157815,0.06399656840029534,0.18232984615384615
100.mat,Normal,381,0.00996201046153846,0.06332920603777575,0.06254076018837036,0.22551323076923077
100.mat,Normal,382,0.015041169230769232,0.06681188169072001,0.06509677997586463,0.20402584615384614
100.mat,Normal,383,0.011867294769230768,0.061820223660604745,0.06067048185326521,0.1942209230769231
100.mat,Normal,384,0.013934464615384617,0.0675286160031713,0.06607529549829011,0.19338646153846153
100.mat,Normal,385,0.009815353846153847,0.06793863947705794,0.06722586974423202,0.22947692307692308
100.mat,Normal,386,0.013954283076923077,0.06265194663643972,0.06107818269353131,0.19881046153846152
100.mat,Normal,387,0.011458825846153846,0.06974957097281759,0.068801874691898,0.22280123076923075
100.mat,Normal,388,0.012743688,0.06166634811907242,0.060335204536831416,0.1846246153846154
100.mat,Normal,389,0.010941042461538462,0.07010096905548563,0.06924189087808742,0.21445661538461538
100.mat,Normal,390,0.01267630523076923,0.06382945096810598,0.06255805381073022,0.21862892307692305
100.mat,Normal,391,0.010627910769230768,0.06852137206817019,0.06769214092334416,0.20861538461538462
100.mat,Normal,392,0.012012073846153846,0.06908374168065645,0.06803141514413921,0.20632061538461538
100.mat,Normal,393,0.011222047384615384,0.06396412266393121,0.06297201474197792,0.2837169230769231
100.mat,Normal,394,0.011706452307692307,0.06009057680833682,0.05893926022208247,0.1693956923076923
100.mat,Normal,395,0.010422007384615383,0.06257942273227485,0.061705477160295744,0.21508246153846153
100.mat,Normal,396,0.014069021538461539,0.06481238179589091,0.063266953988687,0.20652923076923077
100.mat,Normal,397,0.010894938461538462,0.07386656619850586,0.07305867448754828,0.27182584615384614
100.mat,Normal,398,0.013238315076923078,0.06251185045631326,0.06109401330242256,0.22718215384615387
100.mat,Normal,399,0.011702697230769232,0.06466911811986566,0.06360142856828047,0.18921415384615384
100.mat,Normal,400,0.016650636923076924,0.06857758520716525,0.06652549498426809,0.2056947692307692
100.mat,Normal,401,0.011349511384615383,0.06393022392859968,0.0629147210348372,0.19463815384615382
100.mat,Normal,402,0.013511809846153845,0.0690708636691196,0.06773636543747742,0.20027076923076922
100.mat,Normal,403,0.011239362461538463,0.06388972565003717,0.06289335239192755,0.20339999999999997
100.mat,Normal,404,0.014156848615384616,0.0668479818914634,0.06533174052665751,0.21049292307692305
100.mat,Normal,405,0.011997262153846154,0.06633868694448647,0.06524482421104734,0.20715507692307691
100.mat,Normal,406,0.013361398153846153,0.06434607741192867,0.06294355183556385,0.23406646153846156
100.mat,Normal,407,0.009592344,0.06570405341539344,0.06500007362917783,0.1992276923076923
100.mat,Normal,408,0.013441923692307694,0.06418603421261813,0.06276274113989574,0.2157083076923077
100.mat,Normal,409,0.01143963323076923,0.06770928855096207,0.06673591647398665,0.20110523076923076
100.mat,Normal,410,0.014392375384615384,0.06634584158437606,0.06476596503046521,0.20715507692307691
100.mat,Normal,411,0.011333239384615385,0.0660053802176726,0.06502513285438584,0.17982646153846152
100.mat,Normal,412,0.015556866461538463,0.07014890326653143,0.06840213838320439,0.23364923076923078
100.mat,Normal,413,0.012655652307692307,0.06820919477579762,0.06702483656548146,0.20819815384615384
100.mat,Normal,414,0.014557390153846153,0.06638039819652901,0.06476449379589448,0.22029784615384615
100.mat,Normal,415,0.011500548923076923,0.06412487886602655,0.06308516041075345,0.30562153846153844
100.mat,Normal,416,0.017253952615384614,0.06929813246573005,0.06711581246162436,0.25847446153846154
100.mat,Normal,417,0.014269709538461541,0.0680245316439061,0.066510993790957,0.19693292307692306
100.mat,Normal,418,0.014798132307692306,0.06150995695005126,0.059703350694924925,0.16689230769230767
100.mat,Normal,419,0.011694978461538462,0.06499001341475391,0.06392909605519262,0.2154996923076923
100.mat,Normal,420,0.016084454769230767,0.06319978097428004,0.06111875841321991,0.1927606153846154
100.mat,Normal,421,0.011091454153846153,0.06540973057809432,0.06446248908514172,0.20444307692307692
100.mat,Normal,422,0.01688574646153846,0.06464098690109585,0.06239654440739716,0.23469230769230767
100.mat,Normal,423,0.012439526769230769,0.06463731650415801,0.06342902221078525,0.19317784615384614
100.mat,Normal,424,0.017450051076923077,0.06830660028541655,0.06604004360964977,0.23156307692307693
100.mat,Normal,425,0.017664090461538464,0.06845872793147656,0.06614058767627118,0.2140393846153846
100.mat,Normal,426,0.01919866523076923,0.07272192541222787,0.0701419253301368,0.2140393846153846
100.mat,Normal,427,0.016646047384615385,0.0697643143344112,0.0677493074578602,0.22676492307692306
100.mat,Normal,428,0.01762403630769231,0.06246732168939563,0.05992962225203477,0.1777403076923077
100.mat,Normal,429,0.01712169046153846,0.07158350409357314,0.0695057247574174,0.20027076923076922
100.mat,Normal,430,0.01809780184615384,0.06611016469546811,0.06358477368363645,0.1860849230769231
100.mat,Normal,431,0.01385602523076923,0.06201296971973547,0.06044517332480001,0.19025723076923076
100.mat,Normal,432,0.01612179692307692,0.0701644475271916,0.06828716834638181,0.21466523076923077
100.mat,Normal,433,0.014268666461538461,0.06004501893024548,0.05832503283962132,0.1867107692307692
100.mat,Normal,434,0.01657115446153846,0.0667945532056977,0.06470633027579771,0.22634769230769228
100.mat,Normal,435,0.01461851446153846,0.06571234675505522,0.06406568153851487,0.21967199999999998
100.mat,Normal,436,0.016037516307692307,0.06094162368186431,0.05879353338303854,0.22029784615384615
100.mat,Normal,437,0.010110961846153845,0.07090078250404082,0.07017613134272166,0.21591692307692306
100.mat,Normal,438,0.014431386461538461,0.06424335444667663,0.06260146703839335,0.20360861538461536
100.mat,Normal,439,0.009759236307692307,0.06802021526651475,0.06731646894775174,0.22300984615384614
100.mat,Normal,440,0.012080916923076921,0.0698245241055344,0.06877147383081206,0.214248
100.mat,Normal,441,0.008245105846153844,0.060774546580174095,0.06021265433122402,0.21737723076923077
100.mat,Normal,442,0.014311015384615385,0.06508538356279625,0.06349253493268014,0.19693292307692306
100.mat,Normal,443,0.011410009846153845,0.0604766659370116,0.05939056152426555,0.17023015384615386
100.mat,Normal,444,0.013230596307692308,0.0613269946365554,0.05988281550240414,0.18274707692307693
100.mat,Normal,445,0.011096669538461537,0.066100287469713,0.06516219708337709,0.19568123076923075
100.mat,Normal,446,0.013913603076923076,0.06844815895584752,0.06701911752524653,0.20861538461538462
100.mat,Normal,447,0.013041799384615386,0.06379767488616238,0.062450418651054045,0.2292683076923077
100.mat,Normal,448,0.014333545846153846,0.06801584614699081,0.06648838086889565,0.21883753846153844
100.mat,Normal,449,0.010824426461538462,0.06488362352810895,0.06397434168411675,0.2292683076923077
100.mat,Normal,450,0.014233619076923075,0.06536026237836279,0.06379159808424208,0.19025723076923076
100.mat,Normal,451,0.010633334769230767,0.06334704827158379,0.06244822428546576,0.19463815384615382
100.mat,Normal,452,0.014813987076923076,0.06749519631290851,0.06584942909549646,0.22029784615384615
100.mat,Normal,453,0.011247915692307691,0.06620195270821176,0.06523942776388406,0.20798953846153845
100.mat,Normal,454,0.014086753846153847,0.06639898310398058,0.06488750514020837,0.20486030769230767
100.mat,Normal,455,0.01089994523076923,0.062079788096383905,0.06111539318419018,0.20715507692307691
100.mat,Normal,456,0.014384865230769229,0.06523763257085691,0.06363194445986023,0.17315076923076922
100.mat,Normal,457,0.010557816,0.06511479520937113,0.0642531639413071,0.20193969230769232
100.mat,Normal,458,0.014361291692307694,0.06632415946748445,0.06475065582676952,0.23969907692307693
100.mat,Normal,459,0.011157167999999999,0.06662431473139854,0.06568345998535875,0.20715507692307691
100.mat,Normal,460,0.014177710153846152,0.06672659231062461,0.06520299576079182,0.23886461538461537
100.mat,Normal,461,0.01027493353846154,0.06954526098972963,0.06878204029330481,0.2670276923076923
100.mat,Normal,462,0.014345228307692307,0.06933419290377986,0.06783394968906602,0.24199384615384617
100.mat,Normal,463,0.010738476923076924,0.06200286375317737,0.061065867937560844,0.20632061538461538
100.mat,Normal,464,0.013784261538461538,0.07226949981875885,0.07094275676834721,0.22989415384615383
100.mat,Normal,465,0.011383724307692307,0.06292586087778247,0.06188759801524447,0.16418030769230768
100.mat,Normal,466,0.013596299076923076,0.0714403675501137,0.07013463315015056,0.21925476923076925
100.mat,Normal,467,0.010531947692307692,0.0712766067610242,0.07049420365655729,0.22801661538461537
100.mat,Normal,468,0.015276695999999998,0.062328019194698256,0.06042685277306984,0.19442953846153843
100.mat,Normal,469,0.013479474461538462,0.06323448973924756,0.06178110116227889,0.17586276923076924
100.mat,Normal,470,0.014966067692307692,0.06128817152281266,0.05943279218107599,0.1927606153846154
100.mat,Normal,471,0.012141624,0.06158961472232091,0.06038097058085894,0.18358153846153846
100.mat,Normal,472,0.016239038769230767,0.07242807876204566,0.07058413570351703,0.19568123076923075
100.mat,Normal,473,0.013126497230769228,0.06334424209625356,0.06196925106211457,0.19860184615384616
100.mat,Normal,474,0.014822123076923075,0.07470804178783293,0.07322292110579266,0.2751636923076923
100.mat,Normal,475,0.012719488615384614,0.06698257939036187,0.06576382403076354,0.22280123076923075
100.mat,Normal,476,0.01585748123076923,0.06400089587367946,0.062005281723812554,0.306456
100.mat,Normal,477,0.014462887384615385,0.06701178766397806,0.06543244282786648,0.19818461538461538
100.mat,Normal,478,0.015743785846153848,0.06389592476496511,0.06192594293832374,0.1846246153846154
100.mat,Normal,479,0.012022713230769231,0.06188396074053093,0.06070485123535236,0.206112
100.mat,Normal,480,0.015826606153846155,0.06949653657426687,0.06767043027400856,0.21633415384615384
100.mat,Normal,481,0.013777794461538461,0.06260636740760593,0.06107151234210385,0.2021483076923077
100.mat,Normal,482,0.016495427076923076,0.07102402698502401,0.06908193175295066,0.23510953846153848
100.mat,Normal,483,0.014451204923076923,0.06547216751664353,0.06385739891037427,0.23072861538461537
100.mat,Normal,484,0.015533292923076923,0.06373987875560494,0.06181819274894007,0.18712800000000002
100.mat,Normal,485,0.015574807384615384,0.06717758101147564,0.06534717105954552,0.22321846153846153
105.mat,Inner_Race,1,0.015996449141716565,0.2924325992220279,0.2919947580053582,1.3829726946107785
105.mat,Inner_Race,2,0.01527669908183633,0.28676591647244143,0.28635871440457733,1.4827078642714573
105.mat,Inner_Race,3,0.015340698522954093,0.28838558860677543,0.2879772745980213,1.181228263473054
105.mat,Inner_Race,4,0.015540168862275449,0.28294832035531803,0.2825212472428006,1.203806746506986
105.mat,Inner_Race,5,0.01504961477045908,0.28460381614824637,0.284205632001559,1.2941206786427144
105.mat,Inner_Race,6,0.016276974610778445,0.29269647448611974,0.2922435393197321,1.5645751696606787
105.mat,Inner_Race,7,0.014146637884231537,0.2876469132388315,0.2872988328072362,1.5657122155688623
105.mat,Inner_Race,8,0.01577472518962076,0.2936694240578107,0.2932454410074233,1.3212473453093814
105.mat,Inner_Race,9,0.013928162634730538,0.2896947900294327,0.28935977200678326,1.5558036726546904
105.mat,Inner_Race,10,0.014724906946107785,0.295886970432539,0.29552034851626485,1.3495110578842315
105.mat,Inner_Race,11,0.015022975409181637,0.2818490691397213,0.2814484108762786,1.5845546906187624
105.mat,Inner_Race,12,0.014550776487025949,0.29463132817921023,0.29427180369221595,1.4227693013972056
105.mat,Inner_Race,13,0.01437973229540918,0.28108796068467645,0.2807199047822982,1.5072355688622756
105.mat,Inner_Race,14,0.0145798523752495,0.2961677761501303,0.2958086873883687,1.511134011976048
105.mat,Inner_Race,15,0.014421640558882235,0.2868798496470083,0.28651712761557635,1.3893076646706586
105.mat,Inner_Race,16,0.014883768502994013,0.2910547581478828,0.2906739508034248,1.4927788423153694
105.mat,Inner_Race,17,0.014038456087824353,0.28431769404464424,0.2839709014979073,1.3605566467065868
105.mat,Inner_Race,18,0.01408848610778443,0.2934767784360378,0.29313842129680984,1.3608815169660677
105.mat,Inner_Race,19,0.014420990818363276,0.28742022716499266,0.2870582205884246,1.4284545309381238
105.mat,Inner_Race,20,0.01301365285429142,0.2970271530647883,0.2967419324887555,1.4373884630738523
105.mat,Inner_Race,21,0.014620786027944113,0.285890431404038,0.2855163241993565,1.194385508982036
105.mat,Inner_Race,22,0.014120648263473054,0.2933025183750541,0.29296241154415736,1.3126382834331338
105.mat,Inner_Race,23,0.014566045389221557,0.2904639227105506,0.29009846727985283,1.3054911377245508
105.mat,Inner_Race,24,0.013663880678642715,0.2863597956366262,0.2860336185168627,1.224436007984032
105.mat,Inner_Race,25,0.0152489226746507,0.30217605627610006,0.3017910524582187,1.5044741716566867
105.mat,Inner_Race,26,0.014457538722554888,0.28588678712428817,0.2855209880662609,1.4734490618762475
105.mat,Inner_Race,27,0.014737252015968061,0.2941350572411815,0.29376562988425137,1.3173489021956089
105.mat,Inner_Race,28,0.013471719920159681,0.2858264526912822,0.2855087981489792,1.2996434730538922
105.mat,Inner_Race,29,0.01546593600798403,0.3090339029861526,0.3086466556084024,1.4872560479041916
105.mat,Inner_Race,30,0.013829564510978044,0.2872699246537705,0.2869368445425224,1.2047813572854291
105.mat,Inner_Race,31,0.014884580678642713,0.30751450892549453,0.3071540695769942,1.3729017165668662
105.mat,Inner_Race,32,0.014597557804391217,0.28579041246913856,0.28541736311133525,1.297369381237525
105.mat,Inner_Race,33,0.014574167145708578,0.3043344889925989,0.30398532011002644,1.4076628343313373
105.mat,Inner_Race,34,0.014988376726546905,0.2883001938476541,0.2879103164801464,1.6389704590818364
105.mat,Inner_Race,35,0.014442269820359281,0.3039666870945462,0.30362339782314157,1.5653873453093812
105.mat,Inner_Race,36,0.01510922846307385,0.2709493932105694,0.27052778950863143,1.4875809181636725
105.mat,Inner_Race,37,0.014647100518962076,0.2977878432181908,0.2974274062942573,1.4430736926147705
105.mat,Inner_Race,38,0.014245885748502992,0.2877657613276638,0.28741292269438856,1.6258132135728545
105.mat,Inner_Race,39,0.015007381636726548,0.2973676808089423,0.2969887474065283,1.4585050299401197
105.mat,Inner_Race,40,0.014115937644710577,0.28319881292872645,0.2828467923605471,1.1862637524950101
105.mat,Inner_Race,41,0.01425465724550898,0.298383267933095,0.29804257972519,1.601935249500998
105.mat,Inner_Race,42,0.015304800359281437,0.2886724437123594,0.2882664441880599,1.2205375648702594
105.mat,Inner_Race,43,0.013577627624750498,0.29596211561473096,0.29565050635375373,1.7026450299401197
105.mat,Inner_Race,44,0.015421753652694607,0.28670728229294473,0.28629222000271315,1.3413893013972056
105.mat,Inner_Race,45,0.012937958083832333,0.29073644227224354,0.2904484258964793,1.6513155289421158
105.mat,Inner_Race,46,0.014957351616766467,0.28765742342867795,0.28726829077752064,1.3290442315369262
105.mat,Inner_Race,47,0.014524137125748503,0.2903901862060862,0.290026739604399,1.6150924950099799
105.mat,Inner_Race,48,0.013390827225548902,0.29511026293523135,0.2948062974834779,1.2042940518962075
105.mat,Inner_Race,49,0.014080201916167663,0.2947200109406008,0.29438347909287943,1.6638230339321358
105.mat,Inner_Race,50,0.01386594998003992,0.29676799751026156,0.2964438897622983,1.228496886227545
105.mat,Inner_Race,51,0.014094008902195608,0.28975793259658134,0.2894149588665206,1.4089623153692614
105.mat,Inner_Race,52,0.014158495648702595,0.2942603385935876,0.29391951937593136,1.200070738522954
105.mat,Inner_Race,53,0.013701240758483032,0.2931842045882567,0.29286388275396275,1.5579153293413173
105.mat,Inner_Race,54,0.014711424830339322,0.29389103435652325,0.2935225954753882,1.1817155688622756
105.mat,Inner_Race,55,0.013440694810379242,0.2908211927981723,0.2905104368238187,1.3969421157684632
105.mat,Inner_Race,56,0.01376264123752495,0.2860876924137341,0.2857564652930577,1.5907272255489022
105.mat,Inner_Race,57,0.014659608023952097,0.28521962113528304,0.28484263756175704,1.3985664670658684
105.mat,Inner_Race,58,0.013491699441117763,0.291820603890076,0.29150855716592466,1.1500407185628743
105.mat,Inner_Race,59,0.014566045389221554,0.29062937721470455,0.29026413009865026,1.3136128942115768
105.mat,Inner_Race,60,0.0130584849500998,0.2838148694774512,0.2835142961250996,1.5332251896207585
105.mat,Inner_Race,61,0.014371448103792414,0.29251982685203803,0.2921665801917569,1.3020800000000001
105.mat,Inner_Race,62,0.013059134690618762,0.2854828734895535,0.2851840284044404,1.3504856686626747
105.mat,Inner_Race,63,0.01341226866267465,0.3014329975683284,0.30113446012097006,1.4541192814371258
105.mat,Inner_Race,64,0.013092758762475053,0.2796566453114747,0.27934999361885726,1.3548714171656688
105.mat,Inner_Race,65,0.012152421796407185,0.2935538494558153,0.29330220110802047,1.3763128542914171
105.mat,Inner_Race,66,0.012565494331337326,0.2884014288947325,0.2881275629660109,1.401652734530938
105.mat,Inner_Race,67,0.01306222095808383,0.2958953612388807,0.29560690652677574,1.309876886227545
105.mat,Inner_Race,68,0.011759166347305389,0.2829530195530045,0.28270856598444155,1.242303872255489
105.mat,Inner_Race,69,0.013301000598802397,0.2945493347773087,0.29424886406038303,1.322709261477046
105.mat,Inner_Race,70,0.012213334970059879,0.2885787993869876,0.2883202349897495,1.3798864271457085
105.mat,Inner_Race,71,0.01298668862275449,0.3001162754376847,0.29983516254969805,1.4987889421157685
105.mat,Inner_Race,72,0.011814231856287424,0.284960484399401,0.28471547480737175,1.4191957285429142
105.mat,Inner_Race,73,0.012323953293413174,0.29550833651565167,0.2952512440709935,1.2647199201596808
105.mat,Inner_Race,74,0.012489799560878244,0.29271294295814204,0.2924463572728264,1.2868110978043912
105.mat,Inner_Race,75,0.011570904031936127,0.28918508764615025,0.2889535068082672,1.4380382035928145
105.mat,Inner_Race,76,0.012899460958083833,0.2937936428792037,0.293510320948385,1.3425263473053892
105.mat,Inner_Race,77,0.011902759001996006,0.29907333109223927,0.2988363794767106,1.5135705389221557
105.mat,Inner_Race,78,0.012465921596806389,0.2997190117676345,0.2994596580738543,1.264232614770459
105.mat,Inner_Race,79,0.012878506826347306,0.2932954777923269,0.2930125958987993,1.4511954491017964
105.mat,Inner_Race,80,0.012523261197604793,0.2966799971421293,0.29641556746100634,1.245390139720559
105.mat,Inner_Race,81,0.011660893093812375,0.28947583840034663,0.2892408764159006,1.4848195209580837
105.mat,Inner_Race,82,0.013192006626746508,0.2863379974942068,0.28603394863224235,1.225085748502994
105.mat,Inner_Race,83,0.012410531217564871,0.29408521009413274,0.2938232283380741,1.3577952495009982
105.mat,Inner_Race,84,0.012435221357285427,0.29576336160425637,0.2955018296681857,1.447297005988024
105.mat,Inner_Race,85,0.011597543393213573,0.28702111908261485,0.2867867148015736,1.3241711776447105
105.mat,Inner_Race,86,0.013491049700598801,0.2974869825872753,0.2971809152466857,1.739030499001996
105.mat,Inner_Race,87,0.012110026227544911,0.29139987489386504,0.2911481312887451,1.4851443912175648
105.mat,Inner_Race,88,0.012825228103792415,0.2969556559762245,0.2966785720950461,1.5996611576846307
105.mat,Inner_Race,89,0.012010940798403194,0.28819616870347914,0.2879457743334697,1.4031146506986028
105.mat,Inner_Race,90,0.013179661556886229,0.29136199987099387,0.2910637584620781,1.5554788023952095
105.mat,Inner_Race,91,0.011829825628742517,0.29142875133930685,0.2911885511705107,1.4089623153692614
105.mat,Inner_Race,92,0.012649473293413172,0.2959199857050828,0.2956495032383712,1.6963100598802394
105.mat,Inner_Race,93,0.012144462475049899,0.28488033233299986,0.28462135510420256,1.4463223952095807
105.mat,Inner_Race,94,0.012711198642714567,0.2921432169782319,0.2918665528207296,1.5666868263473055
105.mat,Inner_Race,95,0.012383729421157685,0.29111553991250305,0.29085202564907764,1.4970021556886228
105.mat,Inner_Race,96,0.01201305245508982,0.29133524082448553,0.29108745956666054,1.3396025149700599
105.mat,Inner_Race,97,0.012871846986027943,0.2897537581323535,0.2894677113375353,1.3802112974051897
105.mat,Inner_Race,98,0.011044451776447105,0.28892703362079747,0.2887158652410206,1.3383030339321358
105.mat,Inner_Race,99,0.013862701277445112,0.3018714773338826,0.3015530041983219,1.4474594411177644
105.mat,Inner_Race,100,0.011999245469061877,0.28746871251388884,0.28721817279302864,1.4049014371257484
105.mat,Inner_Race,101,0.01319931620758483,0.2930763588931439,0.29277897840131056,1.46792626746507
105.mat,Inner_Race,102,0.011607127065868262,0.2789554857092777,0.27871389920234657,1.5018752095808383
105.mat,Inner_Race,103,0.013108839840319362,0.30238246065121044,0.30209818077492906,1.3701403193612776
105.mat,Inner_Race,104,0.013140839560878243,0.2831530329537247,0.28284794219956483,1.3992162075848302
105.mat,Inner_Race,105,0.011882779481037924,0.2901189909753604,0.2898755396310049,1.275440638722555
105.mat,Inner_Race,106,0.012120259640718561,0.2813249737348416,0.2810637652796085,1.462078602794411
105.mat,Inner_Race,107,0.012544702634730537,0.2923644082745902,0.29209515172552497,1.5481692215568863
105.mat,Inner_Race,108,0.011559208702594812,0.2839685114165182,0.28373314957946505,1.4092871856287426
105.mat,Inner_Race,109,0.01286437497005988,0.3001484700065492,0.2998726594804902,1.3681910978043912
105.mat,Inner_Race,110,0.011215983273453094,0.2893242860292403,0.28910680414950335,1.4869311776447105
105.mat,Inner_Race,111,0.01360215532934132,0.29947215684122236,0.2991630894571223,1.3241711776447105
105.mat,Inner_Race,112,0.011896748902195607,0.28724433442831837,0.2869978658922845,1.608432654690619
105.mat,Inner_Race,113,0.01219351788423154,0.29366855303957634,0.29341529811167893,1.3798864271457085
105.mat,Inner_Race,114,0.01268910746506986,0.285471691479094,0.2851895390572294,1.4723120159680638
105.mat,Inner_Race,115,0.011657481956087824,0.30111523514154515,0.30088949458030523,1.4234190419161679
105.mat,Inner_Race,116,0.012565981636726549,0.2841825474906339,0.2839045903182473,1.1601116966067864
105.mat,Inner_Race,117,0.011685745668662676,0.298092337647462,0.2978631986538381,1.344638003992016
105.mat,Inner_Race,118,0.012158431896207585,0.289550954692085,0.28929557185847693,1.4373884630738523
105.mat,Inner_Race,119,0.010678810299401199,0.2908056022664456,0.2906094652968818,1.4001908183632734
105.mat,Inner_Race,120,0.012703889061876247,0.2929443543142626,0.29266876486448595,1.3896325349301397
105.mat,Inner_Race,121,0.012355465708582834,0.2945656516491088,0.29430641447068084,1.340252255489022
106.mat,Inner_Race,1,0.005565352415169659,0.2910132529125671,0.2909600320031064,1.3974294211576845
106.mat,Inner_Race,2,0.005483160239520959,0.29911388445002696,0.29906362337230485,1.528677005988024
106.mat,Inner_Race,3,0.006007500838323355,0.2900618287633961,0.28999961110188277,1.2317455888223554
106.mat,Inner_Race,4,0.005984597485029943,0.2930727154245033,0.2930116057756656,1.5808186826347306
106.mat,Inner_Race,5,0.00514253377245509,0.2925566793656065,0.2925114783864548,1.3563333333333334
106.mat,Inner_Race,6,0.006141022514970059,0.29658368563800364,0.29652010122265365,1.294283113772455
106.mat,Inner_Race,7,0.00558419489021956,0.28487853279737674,0.284823796787091,1.2104665868263473
106.mat,Inner_Race,8,0.005781228702594813,0.30775369525250784,0.3076993895610807,1.402464910179641
106.mat,Inner_Race,9,0.006277630459081838,0.288977088294341,0.28890889379680673,1.1883754091816368
106.mat,Inner_Race,10,0.005161863552894212,0.2886723077521993,0.28862615340201203,1.1948728143712575
106.mat,Inner_Race,11,0.006363558642714574,0.29556150952209803,0.29549299658770595,1.232557764471058
106.mat,Inner_Race,12,0.00589672007984032,0.2887009902260161,0.2886407636661569,1.3444755688622754
106.mat,Inner_Race,13,0.005489332774451098,0.2884270745354726,0.2883748334213345,1.4084750099800398
106.mat,Inner_Race,14,0.005662651057884235,0.2890703582445355,0.2890148895794484,1.2668315768463074
106.mat,Inner_Race,15,0.00597517624750499,0.2943055034743376,0.29424484132112594,1.2871359680638723
106.mat,Inner_Race,16,0.005647382155688624,0.2913237425193346,0.29126899943224166,1.4107491017964071
106.mat,Inner_Race,17,0.0061601898602794405,0.2906624634494113,0.2905971777553348,1.3220595209580839
106.mat,Inner_Race,18,0.006102038083832335,0.2765085103805971,0.2764411717601418,1.3043540918163672
106.mat,Inner_Race,19,0.005781553572854293,0.30214216508038166,0.30208684439701244,1.4851443912175648
106.mat,Inner_Race,20,0.006067926706586826,0.2792150682765617,0.27914912612825515,1.2790142115768464
106.mat,Inner_Race,21,0.005896070339321356,0.2929418758332336,0.2928825344250617,1.5411845109780438
106.mat,Inner_Race,22,0.0059719275449101805,0.28819533090242405,0.28813344969884364,1.324983353293413
106.mat,Inner_Race,23,0.005952272894211577,0.28654038423149264,0.2864785545951464,1.469225748502994
106.mat,Inner_Race,24,0.006166199960079841,0.2841115334045419,0.2840446116220698,1.1968220359281436
106.mat,Inner_Race,25,0.006615657964071859,0.2991863081279674,0.29911315591418824,1.3373284231536926
106.mat,Inner_Race,26,0.005869593413173652,0.29023844405181903,0.29017908656342706,1.1688831936127746
106.mat,Inner_Race,27,0.005624641237524949,0.29617260520265454,0.29611919134611425,1.2405170858283432
106.mat,Inner_Race,28,0.005956171337325351,0.29486510503184604,0.29480494261196166,1.4086374451097805
106.mat,Inner_Race,29,0.007432056926147704,0.29862396442807526,0.29853146678463705,1.391906626746507
106.mat,Inner_Race,30,0.005678894570858283,0.28756804683849635,0.28751196795778905,1.2271974051896208
106.mat,Inner_Race,31,0.006245955608782434,0.2800016960248479,0.27993202356165764,1.396617245508982
106.mat,Inner_Race,32,0.006973015249500996,0.3077828171384598,0.3077038179548911,1.4091247504990019
106.mat,Inner_Race,33,0.005392034131736525,0.28599219087719824,0.28594135624400674,1.3470745309381238
106.mat,Inner_Race,34,0.005897857125748501,0.29358257452341324,0.2935233267478408,1.4737739321357284
106.mat,Inner_Race,35,0.006557993493013972,0.2903606550291432,0.2902865872035749,1.1375332135728542
106.mat,Inner_Race,36,0.005952597764471056,0.3000468262939269,0.2999877739990621,1.5767578043912174
106.mat,Inner_Race,37,0.00531552718562874,0.28829292603274514,0.288243918186075,1.3863838323353292
106.mat,Inner_Race,38,0.006152230538922156,0.29154616185047577,0.2914812421908823,1.4107491017964071
106.mat,Inner_Race,39,0.0066174447504990025,0.28823025747782,0.2881542828949528,1.4804337724550898
106.mat,Inner_Race,40,0.005710894291417166,0.30368241171194055,0.30362870890212745,1.4809210778443114
106.mat,Inner_Race,41,0.005620093053892216,0.293350588291165,0.293296747688818,1.2096544111776448
106.mat,Inner_Race,42,0.007548035608782435,0.28945220428389373,0.28935377260933287,1.4362514171656686
106.mat,Inner_Race,43,0.005297659321357283,0.28911200322819564,0.28906346226449137,1.4362514171656686
106.mat,Inner_Race,44,0.005777492694610776,0.2856105279112635,0.2855520867230957,1.5047990419161676
106.mat,Inner_Race,45,0.005216279321357284,0.2960915006545515,0.2960455491810438,1.4419366467065868
106.mat,Inner_Race,46,0.007367570179640716,0.29081114167732824,0.2907177996499684,1.4555811976047903
106.mat,Inner_Race,47,0.005548784031936126,0.28254653086603115,0.2824920407731801,1.3460999201596806
106.mat,Inner_Race,48,0.005686204151696609,0.2869240536590199,0.2868677040910485,1.4650024351297406
106.mat,Inner_Race,49,0.006713768782435126,0.2904457164268263,0.29036811033484444,1.478646986027944
106.mat,Inner_Race,50,0.006058018163672655,0.29172405846447613,0.29166115048616553,1.2674813173652695
106.mat,Inner_Race,51,0.00509867628742515,0.29647051965962684,0.2964266731037631,1.3524348902195609
106.mat,Inner_Race,52,0.007075836686626747,0.29966258587013267,0.29957903448932943,1.5788694610778442
106.mat,Inner_Race,53,0.006507476167664672,0.2984601083640469,0.2983891570392696,1.3564957684630738
106.mat,Inner_Race,54,0.005461231497005985,0.2893286412362044,0.2892770948245374,1.459804510978044
106.mat,Inner_Race,55,0.0060372264670658675,0.2855108691100977,0.28544703234854046,1.3558460279441118
106.mat,Inner_Race,56,0.006670561037924153,0.3035114353725057,0.3034381238692957,1.5579153293413173
106.mat,Inner_Race,57,0.006808955768463072,0.2892466482997557,0.2891664947292229,1.426667744510978
106.mat,Inner_Race,58,0.005693513732534928,0.2854339378554636,0.2853771483161434,1.4308910578842315
106.mat,Inner_Race,59,0.00701800978043912,0.2995856374560514,0.29950342520356976,1.2950952894211576
106.mat,Inner_Race,60,0.006711332255489022,0.2931844675541156,0.2931076424018089,1.2181010379241517
106.mat,Inner_Race,61,0.005556418483033931,0.292893752576847,0.2928410430800107,1.455093892215569
106.mat,Inner_Race,62,0.005696762435129741,0.29642128715993177,0.29636654058666684,1.4719871457085827
106.mat,Inner_Race,63,0.0071149835528942105,0.30238384333216617,0.3023001252354588,1.3337548502994012
106.mat,Inner_Race,64,0.006152717844311377,0.2940337478374643,0.29396936733352647,1.5127583632734531
106.mat,Inner_Race,65,0.0059508109780439114,0.297450651497845,0.2973911194457494,1.3308310179640719
106.mat,Inner_Race,66,0.005590529860279443,0.29287895781482576,0.29282559639925576,1.5143827145708584
106.mat,Inner_Race,67,0.007123430179640721,0.30095093937161854,0.3008666226937368,1.2007204790419161
106.mat,Inner_Race,68,0.00577440642714571,0.28520083976713817,0.28514237712815493,1.3475618363273454
106.mat,Inner_Race,69,0.006156453852295406,0.3022097635558386,0.30214704907452006,1.4154597205588821
106.mat,Inner_Race,70,0.006836244870259481,0.2958111641291078,0.2957321602049594,1.2665067065868265
106.mat,Inner_Race,71,0.0056140829540918145,0.2978684136886214,0.29781550319948125,1.4869311776447105
106.mat,Inner_Race,72,0.005556093612774451,0.2882933134912565,0.2882397689902175,1.4840073453093812
106.mat,Inner_Race,73,0.005991257325349302,0.29584017513130645,0.2957795024294001,1.494890499001996
106.mat,Inner_Race,74,0.0061468701796407186,0.28956340671706066,0.28949815629220255,1.3426887824351297
106.mat,Inner_Race,75,0.004924545828343314,0.2963345097060546,0.29629358833952574,1.2164766866267465
106.mat,Inner_Race,76,0.005029478922155688,0.28891044391297205,0.2888666629151972,1.4282920958083831
106.mat,Inner_Race,77,0.00688237644710579,0.29439212423002215,0.29431166423216243,1.1963347305389223
106.mat,Inner_Race,78,0.005015022195608781,0.2937625328640044,0.29371972229840615,1.4559060678642715
106.mat,Inner_Race,79,0.005906791057884233,0.2886563573301126,0.28859591550555275,1.378749381237525
106.mat,Inner_Race,80,0.005201985029940121,0.30401609307815086,0.3039715845309413,1.4822205588822355
106.mat,Inner_Race,81,0.005990282714570858,0.2829752360262292,0.28291182498633677,1.1372083433133733
106.mat,Inner_Race,82,0.005231873093812375,0.29459475248116296,0.2945482909360839,1.3477242714570858
106.mat,Inner_Race,83,0.0057960102994012,0.2934775194810419,0.29342027998308934,1.2190756487025949
106.mat,Inner_Race,84,0.006030404191616769,0.2890837412708115,0.28902083608697693,1.2962323353293412
106.mat,Inner_Race,85,0.005190939441117766,0.2830696141327728,0.28302201432573326,1.1277871057884232
106.mat,Inner_Race,86,0.005012748103792417,0.2973343860949379,0.2972921282356826,1.331480758483034
106.mat,Inner_Race,87,0.006155316806387224,0.2858749635339977,0.28580868924960545,1.3556835928143713
106.mat,Inner_Race,88,0.005876902994011976,0.29805259827200337,0.2979946532203073,1.438525508982036
106.mat,Inner_Race,89,0.005162838163672655,0.2878806249294836,0.2878343261528856,1.320597604790419
106.mat,Inner_Race,90,0.005889085628742516,0.30088376308271414,0.3008261251242521,1.480758642714571
106.mat,Inner_Race,91,0.00578366522954092,0.28986431833973575,0.2898066118346375,1.1591370858283432
106.mat,Inner_Race,92,0.005121904510978043,0.2842251412337696,0.28417898761790367,1.1874007984031936
106.mat,Inner_Race,93,0.005233335009980042,0.29394395650229954,0.29389736604620853,1.1237262275449102
106.mat,Inner_Race,94,0.0059592576047904165,0.29674253642738974,0.2966826927445557,1.3448004391217565
106.mat,Inner_Race,95,0.005293598443113772,0.293475670258968,0.2934279244541555,1.3977542914171657
106.mat,Inner_Race,96,0.006497080319361279,0.2828979573369003,0.28282334099701606,1.2345069860279443
106.mat,Inner_Race,97,0.004129263433133733,0.3037159753984432,0.30368790376919447,1.476372894211577
106.mat,Inner_Race,98,0.006235722195608786,0.28308414039801505,0.2830154524289836,1.261958522954092
106.mat,Inner_Race,99,0.0048595717764471046,0.29281335396636826,0.2927730261195236,1.3901198403193613
106.mat,Inner_Race,100,0.005475525788423154,0.29870124604104503,0.2986510555879775,1.4097744910179641
106.mat,Inner_Race,101,0.005480236407185631,0.2960254736226248,0.2959747422372739,1.4451853493013973
106.mat,Inner_Race,102,0.005121579640718562,0.29017964827588083,0.29013444761954355,1.5069106986027945
106.mat,Inner_Race,103,0.00504523512974052,0.2871819651090944,0.28713764414720466,1.3277447504990019
106.mat,Inner_Race,104,0.005562266147704592,0.30228631378550913,0.30223513478305825,1.4029522155688623
106.mat,Inner_Race,105,0.004861196127744509,0.295514932057724,0.2954749462158997,1.499601117764471
106.mat,Inner_Race,106,0.005503302195608783,0.28658390268099215,0.2865310575501584,1.2439282235528941
106.mat,Inner_Race,107,0.004665461796407184,0.2952693761899653,0.29523251511620047,1.4102617964071855
106.mat,Inner_Race,108,0.005437353532934132,0.30186207093331635,0.30181309622796093,1.2600093013972056
106.mat,Inner_Race,109,0.005007712614770462,0.28797896879966095,0.28793542554761126,1.386871137724551
106.mat,Inner_Race,110,0.005291811656686627,0.29846327304612924,0.29841635693573915,1.2293090618762474
106.mat,Inner_Race,111,0.0051085848303393236,0.3006298603594169,0.3005864522907739,1.366566746506986
106.mat,Inner_Race,112,0.0053402173253493,0.29587057438110126,0.2958223772190346,1.5419966866267465
106.mat,Inner_Race,113,0.005537088702594811,0.29944636145285514,0.29939516368180297,1.3360289421157683
106.mat,Inner_Race,114,0.0049804235129740524,0.2923505181248011,0.2923080923092467,1.1854515768463072
106.mat,Inner_Race,115,0.005113782754491017,0.29272268662433965,0.2926780150447095,1.426342874251497
106.mat,Inner_Race,116,0.0050808084231536935,0.2982884530333173,0.29824517866811656,1.4234190419161679
106.mat,Inner_Race,117,0.0057713201596806376,0.2938648430206158,0.2938081650110248,1.2455525748502996
106.mat,Inner_Race,118,0.005042798602794409,0.2991897599878942,0.2991472591615464,1.5361490219560878
106.mat,Inner_Race,119,0.005781228702594811,0.28933687406440467,0.2892791110468391,1.4762104590818363
106.mat,Inner_Race,120,0.0052190407185628744,0.289252515804788,0.2892054278767553,1.4900174451097805
106.mat,Inner_Race,121,0.0054942058283433135,0.29667311471066066,0.29662223567096346,1.3826478243512974
107.mat,Inner_Race,1,0.0043969565269461105,0.3076638400547673,0.307632419049985,1.3225468263473052
107.mat,Inner_Race,2,0.004198460798403189,0.29708074702606596,0.29705107840317574,1.2775522954091816
107.mat,Inner_Race,3,0.004393058083832337,0.28980810041198485,0.2897748023984749,1.4511954491017964
107.mat,Inner_Race,4,0.004394357564870258,0.3072018487583464,0.3071704176872148,1.3306685828343312
107.mat,Inner_Race,5,0.004845115049900202,0.29601189672396905,0.2959722417090409,1.5281897005988025
107.mat,Inner_Race,6,0.004911226147704589,0.3054711349044318,0.30543165212126866,1.3298564071856287
107.mat,Inner_Race,7,0.0034788731736526933,0.3024764349307131,0.302456428481584,1.23012123752495
107.mat,Inner_Race,8,0.0048522621956087805,0.3002096909026099,0.3001704750028317,1.4113988423153694
107.mat,Inner_Race,9,0.004207557165668663,0.29038193790012395,0.2903514531069702,1.2346694211576845
107.mat,Inner_Race,10,0.004441301317365268,0.2920162243078789,0.2919824482766692,1.1628730938123752
107.mat,Inner_Race,11,0.0037187898602794403,0.29135160199252624,0.29132786784924386,1.4110739720558882
107.mat,Inner_Race,12,0.004323373413173652,0.29322239502918584,0.29319052063288503,1.4526573652694612
107.mat,Inner_Race,13,0.004696162035928145,0.2998109483822984,0.29977416638534,1.4742612375249502
107.mat,Inner_Race,14,0.004880038602794411,0.2968693321537253,0.2968292195802733,1.5376109381237524
107.mat,Inner_Race,15,0.004030827744510976,0.2945529337348648,0.29452535238839755,1.297044510978044
107.mat,Inner_Race,16,0.004608447065868262,0.30284564804279096,0.3028105823020376,1.3360289421157683
107.mat,Inner_Race,17,0.004542823273453093,0.2967130311067265,0.29667825263279307,1.3551962874251495
107.mat,Inner_Race,18,0.004469889900199602,0.2959865422010629,0.295952788884345,1.4001908183632734
107.mat,Inner_Race,19,0.004735471337325351,0.28856100061369233,0.28852214193435605,1.5244536926147705
107.mat,Inner_Race,20,0.003958219241516967,0.3029180347297388,0.30289217267034707,1.3555211576846307
107.mat,Inner_Race,21,0.004750902674650698,0.293983234078038,0.29394484319810493,1.3712773652694612
107.mat,Inner_Race,22,0.00410002510978044,0.29157108299606804,0.29154225462803707,1.3072779241516965
107.mat,Inner_Race,23,0.004927307225548901,0.2967532851594738,0.29671237570489883,1.2436033532934132
107.mat,Inner_Race,24,0.005250553133732536,0.2899926456082431,0.28994510894074066,1.2741411576846307
107.mat,Inner_Race,25,0.0036981605988023946,0.30077616809017954,0.30075343206553334,1.4014902994011977
107.mat,Inner_Race,26,0.005058879680638723,0.2949723115875528,0.2949289276074512,1.3272574451097805
107.mat,Inner_Race,27,0.004469889900199601,0.3118146788217351,0.31178263904999887,1.4653273053892217
107.mat,Inner_Race,28,0.004560853572854294,0.3062683385662868,0.3062343772714629,1.5275399600798403
107.mat,Inner_Race,29,0.004301119800399202,0.31020025012382696,0.31017042983712584,1.6396201996007984
107.mat,Inner_Race,30,0.005172096966067862,0.3020026327688057,0.30195834085559503,1.414160239520958
107.mat,Inner_Race,31,0.005066839001996008,0.3016439917474807,0.30160143384918126,1.551255489021956
107.mat,Inner_Race,32,0.005436216487025948,0.30226601497951383,0.3022171261889403,1.3659170059880241
107.mat,Inner_Race,33,0.0037358455489021956,0.290815077046029,0.29079108049478153,1.5142202794411177
107.mat,Inner_Race,34,0.005573474171656688,0.29667609345751883,0.29662373609485865,1.33342998003992
107.mat,Inner_Race,35,0.004486783153692615,0.29797031184071615,0.29793652934037035,1.4468097005988023
107.mat,Inner_Race,36,0.005500865668662672,0.29523465161993545,0.29518340060721565,1.1555635129740518
107.mat,Inner_Race,37,0.004599025828343315,0.29299030169441076,0.2929542043535338,1.3776123353293415
107.mat,Inner_Race,38,0.004993255888223553,0.2900422561163794,0.28999927194514497,1.502687385229541
107.mat,Inner_Race,39,0.004962393213572851,0.29963763813418115,0.29959654343837877,1.3761504191616765
107.mat,Inner_Race,40,0.0058475022355289445,0.2940946763335641,0.29403653746660346,1.251400239520958
107.mat,Inner_Race,41,0.004276592095808382,0.2980852195347676,0.29805454008475807,1.2549738123752494
107.mat,Inner_Race,42,0.005355323792415171,0.29790936842951105,0.29786122994634356,1.4466472654690619
107.mat,Inner_Race,43,0.005303182115768462,0.2985323163457117,0.298485209285457,1.5889404391217565
107.mat,Inner_Race,44,0.004860383952095809,0.2999549873537296,0.2999156066399585,1.4513578842315369
107.mat,Inner_Race,45,0.00469486255489022,0.2912611343986466,0.2912232934996395,1.5852044311377245
107.mat,Inner_Race,46,0.00427610479041916,0.29837026103798264,0.29833961788487845,1.3841097405189622
107.mat,Inner_Race,47,0.004842840958083834,0.29162481162724124,0.29158459775522894,1.2924963273453094
107.mat,Inner_Race,48,0.004515534171656689,0.29655279322052436,0.29651841278079116,1.2319080239520959
107.mat,Inner_Race,49,0.005343466027944112,0.31069185130069255,0.31064589782493485,1.2124158083832335
107.mat,Inner_Race,50,0.004221364151696605,0.28890943936570423,0.2888785977522466,1.221999481037924
107.mat,Inner_Race,51,0.00519873632734531,0.3088370283198451,0.30879326935999035,1.2872984031936128
107.mat,Inner_Race,52,0.0041844913772455085,0.29601869166874445,0.2959891144099542,1.4983016367265467
107.mat,Inner_Race,53,0.0046536040319361295,0.3075215025599195,0.3074862899483886,1.4747485429141716
107.mat,Inner_Race,54,0.004868993013972056,0.2952312064691029,0.2951910536927431,1.2863237924151696
107.mat,Inner_Race,55,0.004182054850299401,0.3094497476495334,0.3094214871943915,1.5626259481037925
107.mat,Inner_Race,56,0.004292348303393213,0.3083261010233618,0.30829622170618737,1.4234190419161679
107.mat,Inner_Race,57,0.003904778083832337,0.30818685093202625,0.30816211284892725,1.5216922954091816
107.mat,Inner_Race,58,0.0052029596407185625,0.3102959834205344,0.3102523594396884,1.4057136127744512
107.mat,Inner_Race,59,0.004944200479041916,0.29496746802789164,0.2949260281433436,1.3417141716566865
107.mat,Inner_Race,60,0.003930442834331337,0.3080127705248969,0.3079876920033475,1.3712773652694612
107.mat,Inner_Race,61,0.004872241716566865,0.29978319157960936,0.299743595785318,1.146142275449102
107.mat,Inner_Race,62,0.004269282514970058,0.3130827151231294,0.31305360521111714,1.3438258283433133
107.mat,Inner_Race,63,0.004203496287425148,0.2937864570771674,0.2937563837279386,1.1391575648702594
107.mat,Inner_Race,64,0.004624203273453095,0.30225363477862593,0.3022182596749852,1.4742612375249502
107.mat,Inner_Race,65,0.004603574011976049,0.2958030912907476,0.2957672664841034,1.263258003992016
107.mat,Inner_Race,66,0.004427331896207585,0.2932437511104718,0.2932103277472012,1.3184859481037925
107.mat,Inner_Race,67,0.005764660319361277,0.299241331411646,0.2991858003255117,1.413510499001996
107.mat,Inner_Race,68,0.003113881437125748,0.29937741085420405,0.2993612163794142,1.336841117764471
107.mat,Inner_Race,69,0.005176807584830341,0.30068058438887973,0.30063601662420264,1.425693133732535
107.mat,Inner_Race,70,0.0044359409580838295,0.298735559136507,0.2987026225536325,1.249775888223553
107.mat,Inner_Race,71,0.004963530259481038,0.2930093689987475,0.2929673252914178,1.4023024750499002
107.mat,Inner_Race,72,0.004085243512974053,0.30059703818319855,0.30056927678981266,1.4136729341317364
107.mat,Inner_Race,73,0.004502376926147704,0.29530503354583504,0.29527070873949157,1.4268301796407186
107.mat,Inner_Race,74,0.004416611177644713,0.2969879156679416,0.2969550733671575,1.3938558483033932
107.mat,Inner_Race,75,0.005346714730538924,0.2989371352068377,0.2988893163819366,1.3366786826347306
107.mat,Inner_Race,76,0.004448286027944112,0.30511405908363226,0.30508163137413535,1.3548714171656688
107.mat,Inner_Race,77,0.004543148143712574,0.30646482115025947,0.30643114464362925,1.23629377245509
107.mat,Inner_Race,78,0.004727836886227546,0.305997378754498,0.3059608526641945,1.3652672654690619
107.mat,Inner_Race,79,0.004378763792415171,0.2996293382570538,0.2995973410629844,1.473936367265469
107.mat,Inner_Race,80,0.004728161756487026,0.29404720744750545,0.2940091915129199,1.3748509381237526
107.mat,Inner_Race,81,0.0043128151297405146,0.29773940035453805,0.2977081627183517,1.4687384431137724
107.mat,Inner_Race,82,0.004402479321357287,0.2968917220933185,0.29685907906506964,1.4403122954091816
107.mat,Inner_Race,83,0.0046183556087824335,0.2988679113060302,0.29883222583901486,1.362830738522954
107.mat,Inner_Race,84,0.005048483832335329,0.2993045203566313,0.2992619399738426,1.3194605588822357
107.mat,Inner_Race,85,0.003922158642714573,0.29523826014197235,0.29521220659593383,1.335866506986028
107.mat,Inner_Race,86,0.005506063592814371,0.3014063776409564,0.30135608131636354,1.1922738522954093
107.mat,Inner_Race,87,0.004584081796407186,0.29689742829082133,0.29686203718189913,1.2345069860279443
107.mat,Inner_Race,88,0.004696974211576846,0.30162516197130973,0.3015885885896126,1.2403546506986027
107.mat,Inner_Race,89,0.004958332335329343,0.30148461887315553,0.30144384279255776,1.3431760878243515
107.mat,Inner_Race,90,0.004400367664670661,0.2990618380062446,0.2990294629565605,1.254486506986028
107.mat,Inner_Race,91,0.00468869001996008,0.29618158041819315,0.2961444660379717,1.413510499001996
107.mat,Inner_Race,92,0.004024980079840318,0.29082019970486916,0.29079234531145565,1.3683535329341316
107.mat,Inner_Race,93,0.0053416792415169655,0.30591726396801744,0.3058706243766446,1.5075604391217565
107.mat,Inner_Race,94,0.005007712614770461,0.2978400422587545,0.29779794087109557,1.4255306986027942
107.mat,Inner_Race,95,0.0038583216367265457,0.31120395715693777,0.3111800384090932,1.2371059481037925
107.mat,Inner_Race,96,0.005106960479041918,0.2929579403951475,0.2929134237197611,1.2869735329341316
107.mat,Inner_Race,97,0.004425382674650698,0.3133282870435848,0.31329703389890234,1.4750734131736527
107.mat,Inner_Race,98,0.004429443552894211,0.2965964191342272,0.29656334209247426,1.3137753293413175
107.mat,Inner_Race,99,0.004248653253493015,0.30387861689223417,0.30384891434703004,1.4286169660678643
107.mat,Inner_Race,100,0.004566701237524949,0.2981042632198899,0.2980692821974123,1.3839473053892215
107.mat,Inner_Race,101,0.0046344366866267455,0.3002843559657721,0.300248591061434,1.3422014770459083
107.mat,Inner_Race,102,0.005079508942115768,0.3081654106777204,0.30812354490865357,1.2345069860279443
107.mat,Inner_Race,103,0.0032098805988023987,0.2983858633902557,0.29836859777411184,1.3433385229540917
107.mat,Inner_Race,104,0.0051103716167664685,0.3109154610874578,0.3108734598597395,1.2812883033932134
107.mat,Inner_Race,105,0.0040499950898203576,0.2996585857500225,0.29963121591963016,1.3417141716566865
107.mat,Inner_Race,106,0.004411413253493014,0.3029663176613426,0.30293419924198134,1.3394400798403194
107.mat,Inner_Race,107,0.003574385029940118,0.2992474372797192,0.29922608925382366,1.284212135728543
107.mat,Inner_Race,108,0.00396536638722555,0.28951383345145565,0.2894866760822893,1.2424663073852296
107.mat,Inner_Race,109,0.004553219121756486,0.31098119526507473,0.31094786058779017,1.4931037125748503
107.mat,Inner_Race,110,0.0046575024750499005,0.30022617023522946,0.3001900414151141,1.1938982035928143
107.mat,Inner_Race,111,0.003993305229540917,0.30480118259393457,0.30477502263801864,1.3288817964071855
107.mat,Inner_Race,112,0.004429605988023953,0.3032846203035155,0.3032522704011273,1.2047813572854291
107.mat,Inner_Race,113,0.00422851129740519,0.3028593393379276,0.30282981873721365,1.2013702195608782
107.mat,Inner_Race,114,0.00413738518962076,0.29437264845123257,0.2943435716980849,1.3253082235528941
107.mat,Inner_Race,115,0.004377464311377245,0.2928096560424673,0.2927769329675933,1.2898973652694612
107.mat,Inner_Race,116,0.003678668383233533,0.29911719133439685,0.29909456957742375,1.504961477045908
107.mat,Inner_Race,117,0.004226399640718561,0.3020802365494038,0.3020506693583391,1.4463223952095807
107.mat,Inner_Race,118,0.004199760279441117,0.29986892722129277,0.29983951628570277,1.3124758483033931
107.mat,Inner_Race,119,0.004465179281437126,0.3066191626406168,0.30658664855537593,1.4255306986027942
107.mat,Inner_Race,120,0.004849338363273452,0.3021321805128975,0.30209326112794466,1.401002994011976
107.mat,Inner_Race,121,0.003532314331337325,0.29651046039262136,0.2964894195038145,1.324983353293413
107.mat,Inner_Race,122,0.004931692974051896,0.29069518258318566,0.2906533460696459,1.3426887824351297
108.mat,Inner_Race,1,0.004656202994011975,0.3297184064461884,0.32968552792485817,1.5354992814371258
108.mat,Inner_Race,2,0.0044781740918163684,0.31734242447259,0.31731082604749694,1.3936934131736527
108.mat,Inner_Race,3,0.0052209899401197595,0.3231523046517318,0.3231101256008094,1.41789624750499
108.mat,Inner_Race,4,0.0037049828742514975,0.3173065150528577,0.3172848839716303,1.2444155289421157
108.mat,Inner_Race,5,0.004824485788423155,0.3180912703387394,0.31805468178064966,1.396292375249501
108.mat,Inner_Race,6,0.003951559401197605,0.31602289720883264,0.3159981910368526,1.2343445508982036
108.mat,Inner_Race,7,0.005291161916167665,0.29996521727771586,0.2999185475792456,1.3222219560878246
108.mat,Inner_Race,8,0.0047102938922155705,0.3090343461483186,0.3089984469714496,1.2598468662674651
108.mat,Inner_Race,9,0.003979823113772455,0.30477088972224675,0.30474490353420675,1.2991561676646708
108.mat,Inner_Race,10,0.004671959201596805,0.3098287353834833,0.309793508754698,1.2665067065868265
108.mat,Inner_Race,11,0.004753176766467066,0.3003285739866744,0.300290958344563,1.2931460678642714
108.mat,Inner_Race,12,0.004429605988023951,0.3009628460486087,0.30093024655635625,1.331155888223553
108.mat,Inner_Race,13,0.0038940573652694608,0.30424639625738364,0.3042214751670909,1.3303437125748503
108.mat,Inner_Race,14,0.004660913612774451,0.30555783898674166,0.3055222886313563,1.2380805588822357
108.mat,Inner_Race,15,0.004568975329341317,0.3087011207804858,0.3086673070403925,1.313937764471058
108.mat,Inner_Race,16,0.0037329217165668663,0.30045866491113243,0.3004354749619927,1.3694905788423155
108.mat,Inner_Race,17,0.004845764790419162,0.30088501607068635,0.30084599292570463,1.2489637125748503
108.mat,Inner_Race,18,0.004555493213572854,0.3096641669907205,0.309630657073291,1.3054911377245508
108.mat,Inner_Race,19,0.0052801163273453085,0.31427881637793487,0.31423445831971614,1.2962323353293412
108.mat,Inner_Race,20,0.004313140000000001,0.29585951872269917,0.2958280778461834,1.398891337325349
108.mat,Inner_Race,21,0.004655878123752495,0.31068928314813465,0.31065439552982116,1.2483139720558882
108.mat,Inner_Race,22,0.004724263313373251,0.30377654880979216,0.30373981125781646,1.2556235528942117
108.mat,Inner_Race,23,0.004453971257485028,0.31611897306619996,0.3160875943033297,1.3551962874251495
108.mat,Inner_Race,24,0.00420706986027944,0.31477374665519,0.31474563086171103,1.2665067065868265
108.mat,Inner_Race,25,0.004225262594810378,0.29642651823924,0.2963964032700859,1.2354815968063872
108.mat,Inner_Race,26,0.004792161197604793,0.3160056103157591,0.31596927214856124,1.35211001996008
108.mat,Inner_Race,27,0.004722151656686625,0.3046771598729191,0.3046405636680046,1.2260603592814372
108.mat,Inner_Race,28,0.0036720085429141733,0.321056585213697,0.32103558566355334,1.483032734530938
108.mat,Inner_Race,29,0.004764709660678643,0.3129041453020959,0.3128678661816911,1.4659770459081836
108.mat,Inner_Race,30,0.004325160199600798,0.3052463663862543,0.305215722369047,1.4320281037924152
108.mat,Inner_Race,31,0.005027854570858282,0.32599655920157816,0.3259577845207602,1.3755006786427146
108.mat,Inner_Race,32,0.004227211816367264,0.31836621874721804,0.3183381534149827,1.267318882235529
108.mat,Inner_Race,33,0.00437860135728543,0.3209241499546776,0.3208942783445763,1.345612614770459
108.mat,Inner_Race,34,0.004552569381237524,0.3186671634658807,0.3186346421584122,1.3188108183632734
108.mat,Inner_Race,35,0.0047435930938123745,0.30379981291598784,0.30376277693678916,1.477672375249501
108.mat,Inner_Race,36,0.004292510738522955,0.3229474993038436,0.3229189707313055,1.41480998003992
108.mat,Inner_Race,37,0.004515859041916166,0.3245903886407651,0.3245589737090572,1.4221195608782435
108.mat,Inner_Race,38,0.0041070098203592805,0.31872077774927443,0.31869431535475784,1.4578552894211578
108.mat,Inner_Race,39,0.004801582435129742,0.30787572319595913,0.30783827854825574,1.2232989620758483
108.mat,Inner_Race,40,0.005917024471057884,0.3144609815078038,0.3144053080217639,1.2668315768463074
108.mat,Inner_Race,41,0.003963092295409181,0.3208527106580765,0.3208282341629138,1.3832975648702597
108.mat,Inner_Race,42,0.004872404151696607,0.31460163801158514,0.3145639049817302,1.221674610778443
108.mat,Inner_Race,43,0.0046436954890219555,0.30564937165807754,0.3056140940584757,1.4541192814371258
108.mat,Inner_Race,44,0.005227649780439122,0.3085575303088682,0.3085132431324159,1.3210849101796407
108.mat,Inner_Race,45,0.0041880649500998,0.3153404974997495,0.31531268524333633,1.3191356886227545
108.mat,Inner_Race,46,0.004306480159680637,0.3217041794032293,0.32167535384940427,1.3910944510978045
108.mat,Inner_Race,47,0.004820100039920158,0.3108840843092519,0.3108467154602204,1.507073133732535
108.mat,Inner_Race,48,0.005855786427145711,0.2966132757896196,0.29655546722319687,1.2361313373253493
108.mat,Inner_Race,49,0.004499453093812373,0.3067872028227072,0.30675420573748857,1.2221619161676647
108.mat,Inner_Race,50,0.00327128107784431,0.3184014000326809,0.31838459488939,1.314912375249501
108.mat,Inner_Race,51,0.005592803952095809,0.3069744056302854,0.3069234534147243,1.23629377245509
108.mat,Inner_Race,52,0.004392083473053894,0.3058906607455078,0.3058591275964951,1.3823229540918165
108.mat,Inner_Race,53,0.00496418,0.3133845812000653,0.31334526109527794,1.4960275449101796
108.mat,Inner_Race,54,0.004113832095808381,0.32439639249389196,0.32437030666899624,1.2536743313373255
108.mat,Inner_Race,55,0.0046799185229540905,0.30676139905109745,0.3067256988098733,1.204131616766467
108.mat,Inner_Race,56,0.004842678522954092,0.3080646340851598,0.308026569046806,1.3038667864271458
108.mat,Inner_Race,57,0.004774943073852295,0.31276833961388084,0.31273188865778523,1.3293691017964073
108.mat,Inner_Race,58,0.003772068582834333,0.2950614305910154,0.2950373185226286,1.211603632734531
108.mat,Inner_Race,59,0.004772019241516967,0.3248701503246124,0.3248351003267579,1.2913592814371258
108.mat,Inner_Race,60,0.004708831976047906,0.3182482907024643,0.3182134526327597,1.5091847904191618
108.mat,Inner_Race,61,0.003779703033932137,0.3140694153674456,0.31404667091727684,1.3449628742514972
108.mat,Inner_Race,62,0.0051188182435129735,0.3173505401540502,0.317309254570139,1.3579576846307384
108.mat,Inner_Race,63,0.005007062874251498,0.31990516472920255,0.31986597778099424,1.2806385628742514
108.mat,Inner_Race,64,0.004880525908183632,0.3239565152633177,0.32391974970416937,1.4146475449101796
108.mat,Inner_Race,65,0.005359222235528941,0.31919871912545383,0.3191537263269232,1.2678061876247504
108.mat,Inner_Race,66,0.004725400359281436,0.3128833637610471,0.3128476784473112,1.5075604391217565
108.mat,Inner_Race,67,0.0052609489820359305,0.32006193001944133,0.3200186892410788,1.322709261477046
108.mat,Inner_Race,68,0.004729623672654691,0.3093448967698781,0.309308738669766,1.2440906586826348
108.mat,Inner_Race,69,0.004932992455089822,0.3137653820791431,0.3137266016401999,1.2840497005988023
108.mat,Inner_Race,70,0.004082157245508982,0.3054401100728874,0.3054128301718193,1.431703233532934
108.mat,Inner_Race,71,0.005722264750499002,0.2975809471040796,0.2975259245267313,1.2067305788423153
108.mat,Inner_Race,72,0.00487614015968064,0.30793339630744293,0.30789478692985345,1.3987289021956089
108.mat,Inner_Race,73,0.005370105389221557,0.3148739907200897,0.3148281944173739,1.328069620758483
108.mat,Inner_Race,74,0.004867693532934135,0.3026904525276824,0.30265131027484843,1.3184859481037925
108.mat,Inner_Race,75,0.005328034690618765,0.31586658482658675,0.3158216450092471,1.2647199201596808
108.mat,Inner_Race,76,0.0052195280239520974,0.30778241923823507,0.307738158373881,1.3758255489021958
108.mat,Inner_Race,77,0.004912850499001997,0.31441212267317786,0.314373737427012,1.4848195209580837
108.mat,Inner_Race,78,0.00497425097804391,0.3160360020699278,0.3159968535152698,1.4328402794411177
108.mat,Inner_Race,79,0.0042160037924151685,0.3111770799209161,0.31114851820333417,1.3893076646706586
108.mat,Inner_Race,80,0.004904079001996008,0.32689494318289763,0.3268581556083496,1.2769025548902195
108.mat,Inner_Race,81,0.004983347345309381,0.3070489821524214,0.30700854009306316,1.3418766067864272
108.mat,Inner_Race,82,0.00454477249500998,0.3100151236386069,0.3099818090269642,1.343988263473054
108.mat,Inner_Race,83,0.00434416510978044,0.3178236659676504,0.31779397552284655,1.2283344510978043
108.mat,Inner_Race,84,0.00467650738522954,0.3094355707725325,0.309400230668949,1.4258555688622754
108.mat,Inner_Race,85,0.00553335269461078,0.32287550005288074,0.3228280820225447,1.313937764471058
108.mat,Inner_Race,86,0.004682192614770459,0.3082031378331077,0.30816757006942147,1.2785269061876248
108.mat,Inner_Race,87,0.004376164830339321,0.3207754200115047,0.3207455678024795,1.3300188423153694
108.mat,Inner_Race,88,0.005134899321357286,0.3185491106859065,0.31850772161400015,1.4201703393213572
108.mat,Inner_Race,89,0.00455987896207585,0.30999792814605853,0.3099643898235732,1.3054911377245508
108.mat,Inner_Race,90,0.004667573453093813,0.3296146237550796,0.32958157404694616,1.4320281037924152
108.mat,Inner_Race,91,0.004053568662674652,0.32006266515684273,0.3200369950621306,1.2954201596806387
108.mat,Inner_Race,92,0.004878901556886227,0.32875310740916686,0.32871690244157115,1.50544878243513
108.mat,Inner_Race,93,0.004895632375249504,0.32396950741236813,0.3239325153742039,1.3332675449101796
108.mat,Inner_Race,94,0.004777704471057883,0.32733769846854976,0.3273028297749264,1.3920690618762475
108.mat,Inner_Race,95,0.003950422355289421,0.3341834369744401,0.3341600869512462,1.4005156886227546
108.mat,Inner_Race,96,0.004717116167664671,0.3247701982445769,0.3247359396230768,1.517468982035928
108.mat,Inner_Race,97,0.004593665469061876,0.303718084920993,0.3036833438725836,1.220050259481038
108.mat,Inner_Race,98,0.004600487744510976,0.3172647135330143,0.3172313571601934,1.353734371257485
108.mat,Inner_Race,99,0.00438802259481038,0.30802746640525325,0.30799620990808774,1.3470745309381238
108.mat,Inner_Race,100,0.004179780758483035,0.3153913269486262,0.315363629081139,1.4177338123752496
108.mat,Inner_Race,101,0.004632974770459083,0.3090082583918048,0.3089735252398054,1.2819380439121757
108.mat,Inner_Race,102,0.005512398562874251,0.3097266417757722,0.30967758408993945,1.2263852295409183
108.mat,Inner_Race,103,0.004243942634730537,0.3104505226322828,0.31042151335493917,1.380048862275449
108.mat,Inner_Race,104,0.0031718707784431145,0.29986402399337503,0.2998472479801411,1.2080300598802396
108.mat,Inner_Race,105,0.0059945060279441124,0.3071221607092997,0.3070636538182757,1.201045349301397
108.mat,Inner_Race,106,0.004833257285429141,0.3151405258626232,0.3151034602554905,1.3430136526946108
108.mat,Inner_Race,107,0.005453434610778443,0.3325866782004659,0.3325419651222477,1.6714574850299402
108.mat,Inner_Race,108,0.0047916738922155686,0.3308179317728378,0.3307832278755509,1.2920090219560878
108.mat,Inner_Race,109,0.0055323780838323336,0.3330204575804513,0.3329745004648715,1.4641902594810379
108.mat,Inner_Race,110,0.005353699441117764,0.32487834552299166,0.32483423048079546,1.3514602794411177
108.mat,Inner_Race,111,0.0053200753692614795,0.33686198614882434,0.33681997344307846,1.3810234730538922
108.mat,Inner_Race,112,0.004910738842315367,0.31867812807902984,0.31864028929182375,1.3501607984031936
108.mat,Inner_Race,113,0.005270857524950097,0.3338881519177641,0.33384654566433897,1.4575304191616767
108.mat,Inner_Race,114,0.004885398962075849,0.3091472550799924,0.3091086511252561,1.2293090618762474
108.mat,Inner_Race,115,0.0045374629141716576,0.3012354491047627,0.3012012736155852,1.3485364471057886
108.mat,Inner_Race,116,0.00542111001996008,0.31076678321221624,0.31071949587082576,1.3979167265469064
108.mat,Inner_Race,117,0.005124503473053893,0.31240103007297226,0.312358997076775,1.2989937325349301
108.mat,Inner_Race,118,0.005320562674650698,0.3111838012705318,0.3111383129510137,1.315237245508982
108.mat,Inner_Race,119,0.0050302910978043906,0.31401048566080475,0.3139701917004317,1.4034395209580837
108.mat,Inner_Race,120,0.004722638962075848,0.29175175201427833,0.291713526399848,1.2195629540918163
108.mat,Inner_Race,121,0.004970352534930139,0.3093539302645234,0.30931399865797554,1.3126382834331338
108.mat,Inner_Race,122,0.005452297564870261,0.29586838344578514,0.29581814138772194,1.2168015568862276
118.mat,Ball,1,0.015672228622754494,0.13890229771011045,0.1380153236388781,0.4817825948103792
118.mat,Ball,2,0.0159196173253493,0.13139901728021935,0.13043108343650997,0.44296059880239524
118.mat,Ball,3,0.015093959560878244,0.1503953027135296,0.14963595645121122,0.5090716966067864
118.mat,Ball,4,0.015406322315369262,0.12475126253688346,0.12379629532930853,0.39975285429141716
118.mat,Ball,5,0.015315521077844313,0.13136895229132525,0.13047312535627634,0.40608782435129737
118.mat,Ball,6,0.015036944830339323,0.13929284158436442,0.13847882873138467,0.432239880239521
118.mat,Ball,7,0.01498334123752495,0.14398541085681577,0.14320369417359988,0.5204421556886227
118.mat,Ball,8,0.01533728738522954,0.13416314736981924,0.13328359887037383,0.4567675848303393
118.mat,Ball,9,0.014937047225548903,0.13975033287921965,0.13894977567464592,0.48763025948103794
118.mat,Ball,10,0.015162019880239522,0.14145334421729572,0.1406384077818288,0.4293160479041916
118.mat,Ball,11,0.014771850698602793,0.14298544093058296,0.14222035278064607,0.5258025149700598
118.mat,Ball,12,0.015523600479041917,0.138894480941214,0.13802425389798834,0.4502701796407186
118.mat,Ball,13,0.014829515169660678,0.14701689801262607,0.1462670632134511,0.475447624750499
118.mat,Ball,14,0.01535044463073852,0.14703592898134485,0.14623244599282922,0.3887072654690619
118.mat,Ball,15,0.014662856726546906,0.130259326051827,0.12943142066783062,0.40998626746506983
118.mat,Ball,16,0.015275237165668663,0.13500155379771345,0.13413458412105916,0.40819948103792414
118.mat,Ball,17,0.014756906666666668,0.1331778252822382,0.1323577230558824,0.46553908183632736
118.mat,Ball,18,0.014834388223552894,0.12708483919285182,0.12621607377313684,0.3904940518962076
118.mat,Ball,19,0.014821230978043913,0.1288545026719371,0.1279992733226549,0.436950499001996
118.mat,Ball,20,0.015016315568862276,0.1401969550762677,0.13939044615537094,0.4250927345309381
118.mat,Ball,21,0.015147725588822356,0.14763290741427823,0.14685374275475102,0.5579646706586827
118.mat,Ball,22,0.014556786586826348,0.1266274015689535,0.12578791194852787,0.3672658283433134
118.mat,Ball,23,0.015122548143712574,0.1353400253354337,0.13449249419739726,0.4736608383233533
118.mat,Ball,24,0.01447670606786427,0.1441284964763404,0.14339961114994396,0.4306155289421158
118.mat,Ball,25,0.01435731624750499,0.1433416639737642,0.14262082632258394,0.445721996007984
118.mat,Ball,26,0.014364300958083831,0.13284660644274976,0.13206773906348374,0.4819450299401198
118.mat,Ball,27,0.014661394810379244,0.1392348418478358,0.13846076948582234,0.5157315369261477
118.mat,Ball,28,0.01414436379241517,0.15293017012720525,0.1522746660086429,0.42265620758483036
118.mat,Ball,29,0.014863788982035928,0.13989889779520331,0.13910704288931688,0.44767121756487027
118.mat,Ball,30,0.013583150419161676,0.13439178691469056,0.13370359163019524,0.5670610379241517
118.mat,Ball,31,0.014386717005988021,0.14633993333086642,0.1456310353635929,0.42460542914171656
118.mat,Ball,32,0.013639190538922154,0.1385394032103502,0.13786637996017365,0.5024118562874251
118.mat,Ball,33,0.01352402403193613,0.1375940169248151,0.13692777025676683,0.5193051097804391
118.mat,Ball,34,0.01322140738522954,0.14087734077281314,0.1402555507991506,0.4618030738522954
118.mat,Ball,35,0.013684185069860279,0.1399534441667289,0.13928284033973284,0.5920760479041917
118.mat,Ball,36,0.013169103273453095,0.13663479223221112,0.13599868075578023,0.41778315369261476
118.mat,Ball,37,0.013626520598802398,0.13673542045077822,0.13605474318163815,0.4954271457085829
118.mat,Ball,38,0.01324983353293413,0.14486584507501915,0.1442586391889546,0.4080370459081836
118.mat,Ball,39,0.01363139365269461,0.1343725274035519,0.13367932236476807,0.44929556886227545
118.mat,Ball,40,0.013617911536926148,0.13654505874402087,0.1358642909405579,0.4756100598802395
118.mat,Ball,41,0.013419090938123754,0.13868935166073726,0.13803863322443471,0.4224937724550898
118.mat,Ball,42,0.013851005948103793,0.13706078727043042,0.136359117925483,0.46423960079840315
118.mat,Ball,43,0.013611576566866268,0.14350033512391777,0.14285332045157734,0.4436103393213573
118.mat,Ball,44,0.013150423233532936,0.13712922483411297,0.1364972185518213,0.46423960079840315
118.mat,Ball,45,0.01314571261477046,0.14025650100310488,0.13963909307025676,0.39715389221556885
118.mat,Ball,46,0.013625221117764472,0.14986100617914253,0.14924032471995302,0.4419859880239521
118.mat,Ball,47,0.01262315880239521,0.12920055379894677,0.12858242089727526,0.4337017964071856
118.mat,Ball,48,0.013087235968063873,0.13530095058180067,0.13466651953271488,0.4163212375249501
118.mat,Ball,49,0.012703889061876248,0.12424092392943395,0.12358971794426482,0.4423108582834331
118.mat,Ball,50,0.012838222914171655,0.14042263268099842,0.13983453007561703,0.6070200798403194
118.mat,Ball,51,0.011898698123752495,0.13906559266213106,0.138555620764477,0.3908189221556886
118.mat,Ball,52,0.012692843473053893,0.14340377100917823,0.14284093693413447,0.46277768463073854
118.mat,Ball,53,0.012433109700598802,0.1265299651077658,0.12591763122511995,0.5297009580838323
118.mat,Ball,54,0.01203205736526946,0.13992004721824422,0.13940175468448937,0.5386348902195609
118.mat,Ball,55,0.012194167624750497,0.13659419872355655,0.1360488052166205,0.43613832335329344
118.mat,Ball,56,0.012034331457085828,0.1474108760574734,0.1469188253642561,0.4479960878243513
118.mat,Ball,57,0.012649310858283434,0.14485425325316298,0.14430089958258052,0.423793253493014
118.mat,Ball,58,0.012047163832335329,0.14554300295556716,0.14504355053886783,0.5495180439121756
118.mat,Ball,59,0.012404845988023952,0.12400902250907286,0.12338702306024385,0.4172958483033932
118.mat,Ball,60,0.012211548183632733,0.14432738301184633,0.1438098452054205,0.42947848303393216
118.mat,Ball,61,0.012370084870259482,0.13446988794860257,0.13389970786081765,0.4189201996007984
118.mat,Ball,62,0.01169338011976048,0.13306448141906527,0.13254969285780918,0.43288962075848303
118.mat,Ball,63,0.01286697393213573,0.1424989730101865,0.14191687105762865,0.4644020359281437
118.mat,Ball,64,0.011382641716566866,0.13673238719788905,0.1362577747373915,0.4231435129740519
118.mat,Ball,65,0.011960748343313373,0.12678491068173106,0.12621946789478417,0.3854585628742515
118.mat,Ball,66,0.012219182634730538,0.1444942889465026,0.14397670337208893,0.4699248303393213
118.mat,Ball,67,0.01192176391217565,0.1258167559277133,0.1252506591495475,0.35037257485029943
118.mat,Ball,68,0.011784993532934133,0.1328305595627355,0.1323067325617942,0.44848339321357283
118.mat,Ball,69,0.012254593493013973,0.13620182461402408,0.13564940827924887,0.4184328942115768
118.mat,Ball,70,0.011757054690618763,0.1371992982171938,0.1366946198513031,0.4650517764471058
118.mat,Ball,71,0.012421414371257484,0.1349760185508344,0.1344032516305045,0.4229810778443114
118.mat,Ball,72,0.011598193133732533,0.14312963138539203,0.14265894047185,0.5790812375249501
118.mat,Ball,73,0.011627106586826348,0.12637533162803266,0.1258393215037089,0.39358031936127746
118.mat,Ball,74,0.011735450818363273,0.13932074722994559,0.1388256093190308,0.48535616766467066
118.mat,Ball,75,0.011424874850299404,0.1348422983292209,0.13435742500272027,0.40884922155688624
118.mat,Ball,76,0.011913642155688624,0.12914219798751295,0.12859149439847176,0.39650415169660674
118.mat,Ball,77,0.011359413493013974,0.13797259827723615,0.1375041875742929,0.423793253493014
118.mat,Ball,78,0.012260928463073853,0.1580783507994279,0.15760214029222563,0.5105336127744511
118.mat,Ball,79,0.011670476766467066,0.12796217704324928,0.1274288771263846,0.37668706586826345
118.mat,Ball,80,0.011524447584830339,0.1508185603363988,0.15037760887116294,0.470737005988024
118.mat,Ball,81,0.011433159041916168,0.1237703301118926,0.12324113554462697,0.37701193612774453
118.mat,Ball,82,0.011489036726546909,0.1468270166537948,0.14637682485472142,0.5160564071856288
118.mat,Ball,83,0.011716608343313374,0.13161993603700156,0.13109740139039286,0.4548183632734531
118.mat,Ball,84,0.011006604391217565,0.14065267620206034,0.14022136065014082,0.4661888223552894
118.mat,Ball,85,0.011493260039920159,0.13024997307034522,0.12974189939445324,0.4137222754491018
118.mat,Ball,86,0.011383453892215569,0.15296751168111566,0.15254335976172828,0.4523818363273453
118.mat,Ball,87,0.010983538602794411,0.1352059600513931,0.1347590943616787,0.4007274650698603
118.mat,Ball,88,0.011185283033932136,0.14930058330118556,0.14888100489157466,0.5391221956087824
118.mat,Ball,89,0.010880717165668661,0.12786828961013283,0.12740451123010332,0.3890321357285429
118.mat,Ball,90,0.01075791620758483,0.13890046349353402,0.138483233633495,0.44166111776447103
118.mat,Ball,91,0.011071740878243514,0.13735251869479417,0.13690555483883335,0.46959996007984034
118.mat,Ball,92,0.011101791377245509,0.14773556222592502,0.14731784200980638,0.47187405189620757
118.mat,Ball,93,0.011191455568862274,0.12843747865619282,0.1279489634417183,0.5236908582834332
118.mat,Ball,94,0.01130873373253493,0.15770266068493535,0.15729666788738558,0.5313253093812376
118.mat,Ball,95,0.011149709740518961,0.12825168888772245,0.12776611317268488,0.3620679041916168
118.mat,Ball,96,0.011099192415169662,0.14621546751726064,0.1457935899449017,0.4460468662674651
118.mat,Ball,97,0.01128079489021956,0.13124491226276402,0.13075920870632946,0.39016918163672654
118.mat,Ball,98,0.010890463273453093,0.14448996062952346,0.14407895936746212,0.4720364870259481
118.mat,Ball,99,0.01133082491017964,0.1282962332388694,0.12779489766863633,0.35199692614770456
118.mat,Ball,100,0.01087681872255489,0.1508402419030798,0.15044757688928162,0.5576398003992016
118.mat,Ball,101,0.0111739125748503,0.13646863836426293,0.13601041480256423,0.565923992015968
118.mat,Ball,102,0.011218257365269463,0.14228793622865632,0.14184501224187174,0.4437727744510978
118.mat,Ball,103,0.011172937964071856,0.13656818691567596,0.13611037849732843,0.42671708582834333
118.mat,Ball,104,0.011430722514970059,0.1475647965856922,0.14712140488101136,0.49429009980039923
118.mat,Ball,105,0.011573990299401198,0.1471205759238524,0.14666460584856655,0.48633077844311373
118.mat,Ball,106,0.01079852499001996,0.1547641309409755,0.1543869427249446,0.5582895409181636
118.mat,Ball,107,0.011819267345309381,0.1467907181168307,0.14631411362091817,0.4043010379241517
118.mat,Ball,108,0.011626294411177645,0.1501682104733832,0.14971746963879307,0.5313253093812376
118.mat,Ball,109,0.010837346986027946,0.1420552351419876,0.14164124308106668,0.41161061876247507
118.mat,Ball,110,0.011687370019960081,0.1507638524449645,0.15031016128679914,0.4900667864271457
118.mat,Ball,111,0.011189019041916168,0.13243634944843505,0.13196284518040535,0.35995624750499006
118.mat,Ball,112,0.011357951576846308,0.1365983528594748,0.1361253354078498,0.5191426746506986
118.mat,Ball,113,0.010762626826347304,0.13715444817376485,0.1367315198395993,0.3922808383233533
118.mat,Ball,114,0.010992959840319361,0.14934612161441116,0.14894099125229296,0.483894251497006
118.mat,Ball,115,0.010874219760479042,0.12601368108150474,0.12554361458995833,0.43305205588822354
118.mat,Ball,116,0.011074664710578842,0.1416445792095268,0.1412109720276444,0.45303157684630735
118.mat,Ball,117,0.01014456115768463,0.13624425862269893,0.13586605862601175,0.4507574850299401
118.mat,Ball,118,0.010793327065868264,0.15004604009715272,0.14965733607038964,0.4931530538922156
118.mat,Ball,119,0.009614697764471056,0.1365328358457181,0.13619387963844662,0.4803206786427146
118.mat,Ball,120,0.010084297724550897,0.153013582519403,0.15268092014009074,0.522391377245509
118.mat,Ball,121,0.009669925708582834,0.14181826312233486,0.1414882054866281,0.517680758483034
118.mat,Ball,122,0.009902045508982037,0.15468015479876418,0.15436288343804574,0.6039338123752496
119.mat,Ball,1,0.0048917339321357285,0.13710769899180741,0.13702040746533073,0.4432854690618762
119.mat,Ball,2,0.004763572614770459,0.13289206345338453,0.13280665986629656,0.4093365269461078
119.mat,Ball,3,0.004264247025948105,0.14384294826975957,0.1437797272366255,0.44296059880239524
119.mat,Ball,4,0.004312977564870259,0.14235203586823053,0.14228668363678632,0.4769095409181637
119.mat,Ball,5,0.004400205229540919,0.1366961641596921,0.1366253252142933,0.427854131736527
119.mat,Ball,6,0.004297546227544909,0.1333283514238025,0.13325907244841192,0.42200646706586825
119.mat,Ball,7,0.00399704123752495,0.134157435315159,0.13409787884857313,0.4233059481037924
119.mat,Ball,8,0.003975599800399199,0.13798188997089628,0.13792460464386908,0.5037113373253493
119.mat,Ball,9,0.0043828246706586835,0.1468037329204814,0.14673829373171238,0.5152442315369261
119.mat,Ball,10,0.0039390518962075845,0.13991371205237982,0.13985825213563638,0.5061478642714571
119.mat,Ball,11,0.0036562523353293416,0.13578494520833378,0.1357357107178896,0.46261524950099797
119.mat,Ball,12,0.003621978522954092,0.14004880054241217,0.14000195643257135,0.4288287425149701
119.mat,Ball,13,0.004054705708582834,0.1255074696388377,0.12544195588701793,0.42639221556886225
119.mat,Ball,14,0.003955782714570859,0.13526986069905653,0.13521200759051413,0.45871680638722556
119.mat,Ball,15,0.003945386866267465,0.13846437680871332,0.13840815571165171,0.46277768463073854
119.mat,Ball,16,0.0038649814770459067,0.14036031760895995,0.14030709418083678,0.4907165269461078
119.mat,Ball,17,0.0035094109780439116,0.13650199135937435,0.1364568711339297,0.497051497005988
119.mat,Ball,18,0.003687927185628743,0.14086414160736835,0.14081585700429558,0.4991631536926148
119.mat,Ball,19,0.0034683148902195605,0.1445106817076212,0.14446905523129752,0.45611784431137725
119.mat,Ball,20,0.0038722910578842308,0.13958074526056102,0.13952702178953244,0.6396695409181637
119.mat,Ball,21,0.003327970938123752,0.14476608805669325,0.14472783029076774,0.450107744510978
119.mat,Ball,22,0.003808454051896208,0.1355844334896896,0.13553093478042075,0.5074473453093812
119.mat,Ball,23,0.0034426501397205596,0.14208396658870232,0.14204225329666859,0.49883828343313374
119.mat,Ball,24,0.0031257392015968063,0.1406183433340212,0.14058359874625584,0.5233659880239522
119.mat,Ball,25,0.0032772911776447105,0.13793479935293476,0.13789586010853014,0.4403616367265469
119.mat,Ball,26,0.0036249023552894213,0.1364729072972502,0.13642475768378137,0.46976239520958085
119.mat,Ball,27,0.003191850299401198,0.135519576369198,0.135481982827803,0.4216815968063872
119.mat,Ball,28,0.0030898410379241515,0.13091748187856092,0.13088101445123235,0.5298633932135728
119.mat,Ball,29,0.0036499173652694613,0.13759241762847177,0.13754399838624182,0.4523818363273453
119.mat,Ball,30,0.0030896786027944114,0.1379466514812769,0.1379120463956224,0.427854131736527
119.mat,Ball,31,0.003449959720558882,0.12740472228570435,0.12735800343372208,0.3890321357285429
119.mat,Ball,32,0.0032152409580838313,0.1318704694076731,0.13183126688074234,0.40235181636726547
119.mat,Ball,33,0.0035386493013972054,0.13187199133785824,0.13182450478015792,0.45351888223552894
119.mat,Ball,34,0.003524192574850299,0.1378435103866967,0.1377984521771661,0.42622978043912174
119.mat,Ball,35,0.0032954839121756476,0.13633846865546687,0.13629863470006703,0.4905540918163673
119.mat,Ball,36,0.0036008619560878234,0.13991834033749226,0.13987199775498851,0.43142770459081836
119.mat,Ball,37,0.003673145588822355,0.15038120449255746,0.15033633847515276,0.4434479041916167
119.mat,Ball,38,0.003494954251497006,0.14185988542516317,0.14181682688461325,0.40998626746506983
119.mat,Ball,39,0.00349365477045908,0.13623384866680774,0.1361890447096077,0.46245281437125746
119.mat,Ball,40,0.0035475832335329347,0.14139757593184765,0.14135306552248442,0.48503129740518963
119.mat,Ball,41,0.0035649637924151704,0.13357379619566112,0.1335262148916039,0.390006746506986
119.mat,Ball,42,0.0039041283433133745,0.1383081181721286,0.1382530047926425,0.6596490618762475
119.mat,Ball,43,0.00390948870259481,0.14034130178371884,0.14028683788735538,0.4502701796407186
119.mat,Ball,44,0.003915661237524949,0.13711614045424486,0.13706021877314056,0.47089944111776444
119.mat,Ball,45,0.00372479996007984,0.13867358284443798,0.13862354938527072,0.48763025948103794
119.mat,Ball,46,0.0037137543712574862,0.13519659877094842,0.13514558205025712,0.4085243512974052
119.mat,Ball,47,0.004052106746506986,0.1411768526839283,0.14111868821901122,0.4767471057884231
119.mat,Ball,48,0.0037701193612774456,0.13522988737105163,0.13517732294430537,0.4975388023952096
119.mat,Ball,49,0.004171821437125749,0.14452501657999356,0.14446479267746917,0.47609736526946106
119.mat,Ball,50,0.004090116566866266,0.1446453855151541,0.1445875461348487,0.3974787624750499
119.mat,Ball,51,0.003942138163672656,0.14625852391713057,0.1462053876063272,0.43987433133732534
119.mat,Ball,52,0.0037283735329341327,0.13327121130208866,0.13321904891090044,0.4952647105788423
119.mat,Ball,53,0.004185465988023952,0.15187136172083843,0.1518136765426779,0.5214167664670659
119.mat,Ball,54,0.004459656487025948,0.1444337815447152,0.14436491511210142,0.5113457884231537
119.mat,Ball,55,0.0032694942914171673,0.13791930631802635,0.13788054780252354,0.46423960079840315
119.mat,Ball,56,0.004045122035928144,0.13390172001163347,0.13384060523543792,0.4094989620758483
119.mat,Ball,57,0.004205445508982036,0.14527787933044334,0.14521699780267408,0.509559001996008
119.mat,Ball,58,0.003776616766467066,0.1284415958588546,0.12838606120825022,0.4834069461077844
119.mat,Ball,59,0.003984046427145709,0.13620901244688996,0.13615073428308558,0.46261524950099797
119.mat,Ball,60,0.003883336646706587,0.13496979734022876,0.13491392029939225,0.42493029940119764
119.mat,Ball,61,0.004270094690618762,0.1396822146607342,0.13961693086391985,0.45969141716566864
119.mat,Ball,62,0.003755825069860279,0.13360561539195318,0.13355281443049832,0.4395494610778443
119.mat,Ball,63,0.00393775241516966,0.14045460669772797,0.14039939689518002,0.4418235528942116
119.mat,Ball,64,0.004386885548902196,0.1406729001494619,0.14060448097995068,0.4928281836327345
119.mat,Ball,65,0.004030665309381236,0.14294170531692615,0.14288486573488007,0.513619880239521
119.mat,Ball,66,0.0038154387624750505,0.13491514032558688,0.1348611786843145,0.40917409181636727
119.mat,Ball,67,0.004148430778443114,0.14961998229309684,0.14956246060914843,0.4819450299401198
119.mat,Ball,68,0.0038666058283433136,0.13800802151878105,0.13795384504571284,0.4346764071856287
119.mat,Ball,69,0.0038258346107784423,0.13146708845750252,0.1314114087019227,0.5470815169660679
119.mat,Ball,70,0.004079233413173654,0.136362172778369,0.13630114460120507,0.4094989620758483
119.mat,Ball,71,0.004056979800399201,0.14170263618960952,0.1416445481407032,0.488604870259481
119.mat,Ball,72,0.0036465062275449103,0.144621532434894,0.14457555338351494,0.47577249500998003
119.mat,Ball,73,0.0038334690618762467,0.14001899816901975,0.1399665115776184,0.4054380838323353
119.mat,Ball,74,0.004301607105788424,0.1440651465896403,0.14400091193531372,0.45611784431137725
119.mat,Ball,75,0.0035544055089820363,0.1414960615218025,0.14145141083658175,0.5193051097804391
119.mat,Ball,76,0.0036898764071856276,0.14315044163792523,0.14310287821435572,0.43613832335329344
119.mat,Ball,77,0.004021731377245509,0.14168902563998229,0.14163193730065557,0.4172958483033932
119.mat,Ball,78,0.004172633612774451,0.12699259016333878,0.12692402091458999,0.3890321357285429
119.mat,Ball,79,0.0036099583233532924,0.1433173403067819,0.1432718682558219,0.47820902195608783
119.mat,Ball,80,0.0036937748502994016,0.14094870569067522,0.1409002968883738,0.45465592814371253
119.mat,Ball,81,0.0043396169261477055,0.13475217281943333,0.134682277247204,0.5285639121756487
119.mat,Ball,82,0.0034887817165668673,0.13777159195023886,0.13772741176191933,0.4600162874251497
119.mat,Ball,83,0.0037010844311377244,0.14033659673134594,0.14028778405894793,0.5238532934131735
119.mat,Ball,84,0.003908351656686626,0.13964520546287415,0.13959050181189264,0.4793460678642715
119.mat,Ball,85,0.004547533892215569,0.14734866591033755,0.1472784752808618,0.5381475848303393
119.mat,Ball,86,0.0034783858682634725,0.15001695752027952,0.1499766260968449,0.562187984031936
119.mat,Ball,87,0.0035920904590818364,0.14780064588850855,0.14775698904347664,0.4881175648702595
119.mat,Ball,88,0.0040870302994011985,0.13867529772101586,0.1386150582777505,0.42460542914171656
119.mat,Ball,89,0.003872778363273453,0.1430255765809452,0.1429731343436968,0.45611784431137725
119.mat,Ball,90,0.003523867704590819,0.14009761020296213,0.14005328536304193,0.4821074650698603
119.mat,Ball,91,0.004261485628742514,0.12742417096354844,0.1273528919419722,0.46472690618762474
119.mat,Ball,92,0.004107009820359281,0.14450175769553678,0.14444338145943236,0.47918363273453096
119.mat,Ball,93,0.003824372694610778,0.13643510925665198,0.13638149878692227,0.5214167664670659
119.mat,Ball,94,0.003792535409181636,0.1386376657384846,0.1385857822310279,0.45108235528942114
119.mat,Ball,95,0.004242480718562874,0.1283251066622503,0.12825495841187012,0.45806706586826346
119.mat,Ball,96,0.003801469341317365,0.13678302708671664,0.1367301917275496,0.46294011976047905
119.mat,Ball,97,0.003927031696606785,0.138807268285253,0.13875170683947655,0.43808754491017965
119.mat,Ball,98,0.003819337205588822,0.12813917084966325,0.12808223830550897,0.4138847105788423
119.mat,Ball,99,0.00462891389221557,0.14899879601769558,0.14892687591869141,0.47642223552894214
119.mat,Ball,100,0.0037360079840319366,0.13956903700294843,0.13951902499040636,0.4233059481037924
119.mat,Ball,101,0.0040979134530938115,0.13281988255000488,0.13275665070318715,0.46115333333333336
119.mat,Ball,102,0.004650192894211576,0.14225704913132214,0.14218102452014483,0.4725237924151697
119.mat,Ball,103,0.0036286383632734526,0.13247493808447086,0.13242523250541402,0.42460542914171656
119.mat,Ball,104,0.0036971859880239526,0.13916230643010857,0.13911318538052886,0.3991031137724551
119.mat,Ball,105,0.004511148423153693,0.1318074819265852,0.13173026163995638,0.4043010379241517
119.mat,Ball,106,0.004458194570858284,0.14823067351113522,0.14816361588032717,0.4288287425149701
119.mat,Ball,107,0.0037865253093812374,0.13698239541425739,0.1369300510461797,0.43548858283433134
119.mat,Ball,108,0.00390916383233533,0.13556756092190664,0.13551118777594282,0.46959996007984034
119.mat,Ball,109,0.0045116357285429134,0.14539916040335651,0.14532914707330366,0.4968890618762475
119.mat,Ball,110,0.003710018363273453,0.146661525454903,0.14661459276792105,0.4861683433133732
119.mat,Ball,111,0.004224450419161677,0.13796074665670668,0.13789605373879288,0.4075497405189621
119.mat,Ball,112,0.004093852574850299,0.14148826291980138,0.1414290243025039,0.46456447105788423
119.mat,Ball,113,0.004374865349301396,0.13327504376371774,0.1332032200939465,0.39959041916167665
119.mat,Ball,114,0.003699947385229541,0.14975263965983085,0.14970692527212517,0.4421484231536926
119.mat,Ball,115,0.004031477485029941,0.13908721424525997,0.13902877527977633,0.4866556487025948
119.mat,Ball,116,0.004310053732534931,0.13872358629818607,0.13865661481607336,0.4234683832335329
119.mat,Ball,117,0.0036945870259481035,0.14758511840315777,0.14753886674629774,0.43483884231536923
119.mat,Ball,118,0.0039278438722554895,0.13129106953217592,0.1312323015930828,0.41599636726546907
119.mat,Ball,119,0.004339779361277444,0.13764325608814107,0.13757482422900277,0.5292136526946108
119.mat,Ball,120,0.0042095063872255485,0.14674746932338795,0.14668708126073882,0.4393870259481038
119.mat,Ball,121,0.0037852258283433125,0.13786409647303663,0.13781212269519397,0.45091992015968063
120.mat,Ball,1,0.004994392934131737,0.14874654965910522,0.14866267882258863,0.4385748502994012
120.mat,Ball,2,0.005067651177644711,0.1322327321203613,0.13213559079807735,0.3755500199600798
120.mat,Ball,3,0.0046693602395209595,0.1478912568506757,0.14781752578035567,0.4712243113772455
120.mat,Ball,4,0.004797683992015969,0.14160759824254962,0.1415263018252653,0.4211942914171657
120.mat,Ball,5,0.0050533568862275455,0.1493703349247261,0.14928483023973085,0.45465592814371253
120.mat,Ball,6,0.0047981712974051885,0.13790669916416212,0.13782320278732269,0.4291536127744511
120.mat,Ball,7,0.004700060479041916,0.13992222748462285,0.13984326646553952,0.4283414371257485
120.mat,Ball,8,0.004889784710578841,0.15473504920477668,0.1546577688248762,0.46553908183632736
120.mat,Ball,9,0.004798821037924151,0.13775132704708581,0.1376677137889606,0.4483209580838323
120.mat,Ball,10,0.004700710219560877,0.1489265633051035,0.14885235833301638,0.49965045908183636
120.mat,Ball,11,0.00486736866267465,0.1419826634006648,0.14189920869634223,0.4661888223552894
120.mat,Ball,12,0.004847064271457087,0.14925094036940215,0.14917221312663828,0.402514251497006
120.mat,Ball,13,0.0043872104191616775,0.14038859275440604,0.14032002480152456,0.44003676646706585
120.mat,Ball,14,0.004968240878243513,0.15210659017252576,0.15202542996646468,0.4145344510978044
120.mat,Ball,15,0.004631837724550898,0.14597779873776634,0.14590429672774285,0.4824323353293413
120.mat,Ball,16,0.004743917964071855,0.15248577079298398,0.15241195995288753,0.4187577644710579
120.mat,Ball,17,0.004555493213572854,0.14525970243513814,0.14518825239366293,0.40608782435129737
120.mat,Ball,18,0.00498919500998004,0.15202371367986495,0.15194182259723601,0.4098238323353293
120.mat,Ball,19,0.004761623393213574,0.1460921840227593,0.14601456494199805,0.45173209580838325
120.mat,Ball,20,0.005051245229540918,0.1404549392955096,0.140364079785878,0.43581345309381236
120.mat,Ball,21,0.004762922874251498,0.1545353438187013,0.1544619275253878,0.4257424750499002
120.mat,Ball,22,0.005131163313373255,0.14994033119724448,0.14985250776210204,0.5667361676646706
120.mat,Ball,23,0.004527067065868263,0.13498203061332548,0.1349060941999207,0.41680854291417163
120.mat,Ball,24,0.005263710379241518,0.15477933041635147,0.15468980081821027,0.5581271057884232
120.mat,Ball,25,0.004582782315369262,0.14453637877991024,0.14446370788907373,0.4302906586826347
120.mat,Ball,26,0.004637847824351295,0.14054236622546668,0.14046582172119793,0.4259049101796407
120.mat,Ball,27,0.004816364031936128,0.1476192328900757,0.1475406403556873,0.466676127744511
120.mat,Ball,28,0.005110858922155689,0.14608153237687585,0.1459920998638421,0.44848339321357283
120.mat,Ball,29,0.004763572614770458,0.15111828622029055,0.15104318854586415,0.47642223552894214
120.mat,Ball,30,0.004522194011976047,0.15449622159463539,0.15443002379180262,0.4700872654690619
120.mat,Ball,31,0.0051894775249500995,0.15110593594652208,0.1510167977454577,0.41502175648702594
120.mat,Ball,32,0.004358296966067865,0.13739078835309598,0.13732164422202633,0.41680854291417163
120.mat,Ball,33,0.0046389848702594804,0.15396321920971884,0.15389331593280275,0.45449349301397207
120.mat,Ball,34,0.0046732586826347304,0.13726790593724572,0.13718833278993414,0.4372753692614771
120.mat,Ball,35,0.00491073884231537,0.15925142290201172,0.15917569016761937,0.4393870259481038
120.mat,Ball,36,0.0046575024750499,0.13321532914207823,0.13313388595367875,0.5522794411177645
120.mat,Ball,37,0.004899205948103791,0.15405111080827666,0.1539731876735102,0.5020869860279441
120.mat,Ball,38,0.0050728491017964054,0.150727670312885,0.15064228091721182,0.5165437125748502
120.mat,Ball,39,0.004626802235528944,0.15230184335233427,0.1522315479445449,0.4122603592814371
120.mat,Ball,40,0.004703958922155689,0.146345092360044,0.14626947333031756,0.4518945309381237
120.mat,Ball,41,0.00478533892215569,0.15480269091624818,0.15472870983211734,0.4514072255489022
120.mat,Ball,42,0.004595127385229541,0.15077620536487368,0.15070616745357196,0.5160564071856288
120.mat,Ball,43,0.004933967065868264,0.14464453118223064,0.1445603554572284,0.4401992015968064
120.mat,Ball,44,0.0049412766467065855,0.151311189787401,0.15123048614607967,0.4770719760479042
120.mat,Ball,45,0.004994717804391218,0.15082420181645823,0.15074147620222583,0.5191426746506986
120.mat,Ball,46,0.004615919081836328,0.15353402189120405,0.15346461862305152,0.45286914171656684
120.mat,Ball,47,0.0046300509381237516,0.14902018249329432,0.14894823738012183,0.45091992015968063
120.mat,Ball,48,0.004892058802395209,0.14428283945377637,0.1441998804490424,0.4933154890219561
120.mat,Ball,49,0.004584244231536925,0.1666207436089797,0.1665576684083773,0.5214167664670659
120.mat,Ball,50,0.004504813453093813,0.14554298437356608,0.145473251686064,0.47463544910179645
120.mat,Ball,51,0.004709156846307386,0.15298427537315645,0.15291177964187924,0.5488683033932136
120.mat,Ball,52,0.004946637005988024,0.14646518753229376,0.1463816311604737,0.4471839121756487
120.mat,Ball,53,0.004490519161676646,0.1427639345551253,0.14269329433199976,0.44669660678642714
120.mat,Ball,54,0.004395657045908184,0.15195276089348228,0.15188916927248813,0.48129528942115773
120.mat,Ball,55,0.004954271457085829,0.15395937980209648,0.15387964720318179,0.5303506986027944
120.mat,Ball,56,0.004534051776447106,0.1453523292555111,0.14528159551192643,0.3870829141716567
120.mat,Ball,57,0.004713542594810379,0.15249521891689263,0.15242235501630957,0.5387973253493015
120.mat,Ball,58,0.004371941516966068,0.14260810181417416,0.1425410706793452,0.4026766866267465
120.mat,Ball,59,0.004759674171656687,0.14923718594400345,0.1491612656498487,0.5043610778443114
120.mat,Ball,60,0.004782902395209581,0.14368918983382506,0.14360956486174212,0.40381373253493014
120.mat,Ball,61,0.004827247185628742,0.15055693157631972,0.1504795246214097,0.6045835528942115
120.mat,Ball,62,0.004687715409181637,0.15204291093389039,0.15197062903565756,0.4111233133732535
120.mat,Ball,63,0.005115407105788423,0.14657126370666684,0.14648197143236202,0.5082595209580839
120.mat,Ball,64,0.004690151936127746,0.14485928896971798,0.14478334184438585,0.40690000000000004
120.mat,Ball,65,0.005028666746506985,0.15571977346305882,0.1556385567850683,0.5295385229540919
120.mat,Ball,66,0.004469240159680639,0.1408197707732889,0.14074883208409483,0.41989481037924153
120.mat,Ball,67,0.0047007102195608785,0.153796765772567,0.15372491172719388,0.4916911377245509
120.mat,Ball,68,0.005001702514970059,0.13411815815711436,0.13402486082592469,0.4307779640718563
120.mat,Ball,69,0.0045114732934131725,0.15576194274552108,0.15569659410719877,0.5033864670658682
120.mat,Ball,70,0.004825135528942116,0.13949792938914324,0.1394144553874731,0.4288287425149701
120.mat,Ball,71,0.004530803073852296,0.14840094210852278,0.14833176140733684,0.47739684630738527
120.mat,Ball,72,0.004785826227544911,0.14186549816589897,0.14178475036892518,0.41502175648702594
120.mat,Ball,73,0.0047967093812375265,0.15007775860676742,0.15000108402122664,0.5519545708582835
120.mat,Ball,74,0.004567513413173654,0.1436556876442939,0.1435830575443197,0.4908789620758483
120.mat,Ball,75,0.00464791880239521,0.15300145921531585,0.15293084506672389,0.5102087425149701
120.mat,Ball,76,0.004319962275449102,0.13806071554764737,0.1379931125218469,0.42460542914171656
120.mat,Ball,77,0.0046125079441117775,0.15752226064678848,0.15745471529852728,0.4306155289421158
120.mat,Ball,78,0.004695187425149701,0.1298585103389204,0.12977360256418177,0.41550906187624753
120.mat,Ball,79,0.00431362730538922,0.15397017140689848,0.15390973426830382,0.518005628742515
120.mat,Ball,80,0.0046870656686626745,0.13917292912230178,0.13909398123534636,0.47187405189620757
120.mat,Ball,81,0.004890921756487026,0.1531830201121026,0.15310492002230613,0.4598538522954092
120.mat,Ball,82,0.0039439249500998,0.14041424991264934,0.14035885093046296,0.4299657884231537
120.mat,Ball,83,0.004960931297405191,0.1547239821655335,0.1546444302838701,0.45303157684630735
120.mat,Ball,84,0.004261323193612773,0.154840940785724,0.15478229248866832,0.535548622754491
120.mat,Ball,85,0.004375839960079841,0.15753289267938994,0.15747210642072446,0.5129701397205588
120.mat,Ball,86,0.004413362475049899,0.1557732617636044,0.15571072959862536,0.5111833532934131
120.mat,Ball,87,0.0043816876247505,0.14927550786974758,0.1492111861199762,0.3739256686626746
120.mat,Ball,88,0.004242480718562874,0.14315852079543512,0.1430956443561077,0.45335644710578843
120.mat,Ball,89,0.004863795089820361,0.1521779125848621,0.15210016625898265,0.45969141716566864
120.mat,Ball,90,0.004312977564870259,0.14516378873863678,0.14509970291313656,0.5677107784431138
120.mat,Ball,91,0.0040166958882235535,0.1465251255469067,0.14647006032182242,0.497051497005988
120.mat,Ball,92,0.004472813732534929,0.14389695746965672,0.14382742543179394,0.46651369261477044
120.mat,Ball,93,0.0037322719760479045,0.15099116092018164,0.15094502582702415,0.5241781636726547
120.mat,Ball,94,0.0044434129740518954,0.14330448997635192,0.1432355854127192,0.5141071856287426
120.mat,Ball,95,0.003920534291417166,0.13994353043709096,0.13988860254526392,0.4847064271457086
120.mat,Ball,96,0.0044299308582834325,0.1476865250231315,0.1476200710811334,0.44068650698602796
120.mat,Ball,97,0.0038058550898203594,0.1414942758466913,0.14144308241980183,0.48730538922155686
120.mat,Ball,98,0.004224287984031935,0.145083560176542,0.14502204944258734,0.4985134131736527
120.mat,Ball,99,0.0037985455089820357,0.14440667476108246,0.1443567066941098,0.5241781636726547
120.mat,Ball,100,0.004226886946107784,0.15039347998107577,0.15033406881862493,0.4411738123752495
120.mat,Ball,101,0.004258886666666665,0.1379876653277478,0.13792192598337302,0.45595540918163674
120.mat,Ball,102,0.0037254497005988025,0.14875720700521355,0.14871054993012522,0.4720364870259481
120.mat,Ball,103,0.0036694095808383243,0.12975947310026334,0.12970757993496762,0.4208694211576846
120.mat,Ball,104,0.004174095528942116,0.15691483850871138,0.15685931107438358,0.5171934530938124
120.mat,Ball,105,0.004255962834331338,0.14125214686699164,0.14118801569144232,0.5491931736526946
120.mat,Ball,106,0.0041388471057884225,0.1489476024988616,0.1488900877654177,0.44507225548902196
120.mat,Ball,107,0.004398256007984032,0.14142079365442306,0.1413523831491183,0.5340867065868263
120.mat,Ball,108,0.004022543552894211,0.15966705867461783,0.1596163800152382,0.5548784031936127
120.mat,Ball,109,0.0040712740918163685,0.1326377244276521,0.13257522645130604,0.4769095409181637
120.mat,Ball,110,0.0040844313373253486,0.15570759846296653,0.15565401902859785,0.4564427145708583
120.mat,Ball,111,0.004199760279441117,0.13438922743118348,0.13432358863262098,0.475122754491018
120.mat,Ball,112,0.00415379113772455,0.15536722858758542,0.15531169221333976,0.49234087824351297
120.mat,Ball,113,0.004144532335329342,0.1285423860008688,0.12847555351317919,0.35037257485029943
120.mat,Ball,114,0.004599675568862276,0.1532163219038799,0.15314726338532647,0.4817825948103792
120.mat,Ball,115,0.004126502035928142,0.13993647239439252,0.1398756172001899,0.41274766467065865
120.mat,Ball,116,0.004420347185628742,0.15570603236739658,0.15564327497953534,0.5220665069860279
120.mat,Ball,117,0.004247028902195609,0.13750345270762457,0.137437848688132,0.4255800399201597
120.mat,Ball,118,0.0038456516966067847,0.15130240800067685,0.15125352766078437,0.4224937724550898
120.mat,Ball,119,0.003944737125748502,0.1447577513024645,0.14470399307259943,0.5236908582834332
120.mat,Ball,120,0.0040595787624750496,0.14844644544136018,0.14839092622005562,0.466676127744511
120.mat,Ball,121,0.003738282075848304,0.15421285284200123,0.1541675362350651,0.4887673053892216
121.mat,Ball,1,0.0032501645109780444,0.1503763562350198,0.1503412283612621,0.45595540918163674
121.mat,Ball,2,0.0029626543313373255,0.1532866815566266,0.15325804847366306,0.6239133333333333
121.mat,Ball,3,0.003262509580838323,0.16420972785893198,0.16417731498212365,0.5123203992015969
121.mat,Ball,4,0.003035100399201596,0.1486582404274466,0.1486272539359834,0.43792510978043914
121.mat,Ball,5,0.003320498922155689,0.15035212058703448,0.1503154498111426,0.4595289820359281
121.mat,Ball,6,0.0032152409580838313,0.15981602344873294,0.1597836774409308,0.5009499401197605
121.mat,Ball,7,0.0034181224351297413,0.15017032066488606,0.15013141459272664,0.43841241516966073
121.mat,Ball,8,0.0036997849500998,0.16330783228671072,0.16326591707244795,0.5037113373253493
121.mat,Ball,9,0.0032670577644710584,0.1483933884088366,0.14835741995943258,0.4051132135728543
121.mat,Ball,10,0.0039062400000000005,0.1603761592087982,0.16032858052021848,0.5366856686626746
121.mat,Ball,11,0.0038450019560878246,0.15468043889766894,0.15463264253556935,0.47236135728542916
121.mat,Ball,12,0.003955782714570858,0.15285587099392045,0.15280467623873673,0.6096190419161677
121.mat,Ball,13,0.003930605269461078,0.15317468799917774,0.15312424819688467,0.4293160479041916
121.mat,Ball,14,0.003973813013972056,0.1589843935643825,0.15893472310091478,0.5873654291417165
121.mat,Ball,15,0.0039033161676646708,0.15469607086807918,0.15464681847654357,0.4907165269461078
121.mat,Ball,16,0.004260673453093812,0.14702708179359095,0.14696533415219176,0.49623932135728543
121.mat,Ball,17,0.0034827716167664664,0.15660529476454205,0.15656656300166566,0.500462634730539
121.mat,Ball,18,0.004160775848303393,0.14875772421730377,0.1486995240700238,0.42720439121756487
121.mat,Ball,19,0.0036931251097804397,0.1545150751169565,0.15447093339953058,0.5150817964071857
121.mat,Ball,20,0.0041074971257485035,0.15034068852355328,0.15028456704897555,0.4483209580838323
121.mat,Ball,21,0.003963904471057885,0.15334831857666428,0.15329707848368948,0.5157315369261477
121.mat,Ball,22,0.004118380279441117,0.15123313147082026,0.15117704520972855,0.45871680638722556
121.mat,Ball,23,0.003870179401197605,0.16295701249069158,0.1629110482174059,0.548705868263473
121.mat,Ball,24,0.0041666235129740525,0.15744074208465364,0.15738559818696105,0.4499453093812375
121.mat,Ball,25,0.003985833213572854,0.15682272794646698,0.15677206745515979,0.49445253493013974
121.mat,Ball,26,0.003976411976047905,0.15615198208326422,0.15610134418488783,0.40625025948103793
121.mat,Ball,27,0.0036166181636726547,0.156607860050279,0.15656609435821653,0.4540061876247505
121.mat,Ball,28,0.003979498243512973,0.15178172812612117,0.15172955080234582,0.4657015169660679
121.mat,Ball,29,0.004296084311377245,0.16188408803536303,0.16182707319429188,0.4793460678642715
121.mat,Ball,30,0.0036184049500998013,0.142170283469621,0.1421242296283413,0.5236908582834332
121.mat,Ball,31,0.004008411696606787,0.1669204215161812,0.16687228576012889,0.4767471057884231
121.mat,Ball,32,0.003572273373253493,0.14657286908048806,0.14652933089805822,0.4172958483033932
121.mat,Ball,33,0.0038737529740518967,0.15654043961013636,0.1564925022843931,0.5124828343313372
121.mat,Ball,34,0.003987457564870259,0.1453220248419151,0.14526730907648333,0.49672662674650697
121.mat,Ball,35,0.004300794930139721,0.1585360933879112,0.15847774629161468,0.46781317365269465
121.mat,Ball,36,0.0036822419560878245,0.15657849625388154,0.15653519279479494,0.4293160479041916
121.mat,Ball,37,0.003902341556886228,0.1509123376417435,0.15086187518014282,0.5940252694610779
121.mat,Ball,38,0.0037361704191616763,0.15935919445398503,0.15931539124523403,0.44426007984031934
121.mat,Ball,39,0.004072086267465068,0.14744712794984768,0.14739088728306465,0.5046859481037924
121.mat,Ball,40,0.0037249623952095813,0.1500730383855443,0.15002680262347567,0.44620930139720555
121.mat,Ball,41,0.003925244910179641,0.1590335993737696,0.15898515082287326,0.5459444710578842
121.mat,Ball,42,0.0037113178443113773,0.15583961823482065,0.15579541948155326,0.4980261077844311
121.mat,Ball,43,0.004196674011976049,0.14489487852536737,0.14483409042804174,0.45449349301397207
121.mat,Ball,44,0.004139984151696606,0.16586087572180325,0.16580919946259665,0.5110209181636727
121.mat,Ball,45,0.0042710693013972055,0.15550780825476143,0.15544914408005697,0.5280766067864271
121.mat,Ball,46,0.003484720838323354,0.14164651964698716,0.1416036484303398,0.4650517764471058
121.mat,Ball,47,0.004545259800399201,0.15294961182358727,0.15288206032864973,0.4702497005988024
121.mat,Ball,48,0.004092065788423154,0.15667022378202056,0.15661677438094432,0.49575201596806384
121.mat,Ball,49,0.004437565309381236,0.16332727168992797,0.16326697673381635,0.46017872255489023
121.mat,Ball,50,0.00372788622754491,0.16706914460066524,0.16702754845196188,0.4902292215568862
121.mat,Ball,51,0.004031315049900199,0.14484932683732674,0.14479321801864597,0.5074473453093812
121.mat,Ball,52,0.004017020758483035,0.16129816562241014,0.1612481372834439,0.6258625548902196
121.mat,Ball,53,0.003800982035928144,0.15505679469065897,0.15501020003633217,0.540259241516966
121.mat,Ball,54,0.004132837005988023,0.1642580986636884,0.16420609804417108,0.4864932135728543
121.mat,Ball,55,0.004424895369261478,0.15751748687333617,0.15745532373299648,0.583142115768463
121.mat,Ball,56,0.00366518626746507,0.1544485990421028,0.15440510404676727,0.5327872255489022
121.mat,Ball,57,0.004406377764471058,0.1586877137284679,0.15862652465260957,0.5246654690618763
121.mat,Ball,58,0.004324348023952096,0.1594469947040819,0.15938834378439118,0.432239880239521
121.mat,Ball,59,0.004116918363273454,0.16550430245637404,0.1654530903753722,0.5344115768463074
121.mat,Ball,60,0.004247353772455089,0.154765222816935,0.1547069299660075,0.49380279441117764
121.mat,Ball,61,0.004083456726546907,0.15424038457476558,0.15418632110188635,0.4790211976047904
121.mat,Ball,62,0.004718090778443112,0.14587912234502393,0.14580280503323942,0.4954271457085829
121.mat,Ball,63,0.004038462195608782,0.16392676240349793,0.16387700953821285,0.522391377245509
121.mat,Ball,64,0.004626639800399204,0.15974294142297724,0.1596759266095616,0.5534164870259481
121.mat,Ball,65,0.0041688976047904195,0.16759888748515883,0.1675470303497609,0.530513133732535
121.mat,Ball,66,0.0037597235129740525,0.16073286191359656,0.16068888380358265,0.5815177644710579
121.mat,Ball,67,0.004250440039920159,0.15634727275370072,0.15628948607307894,0.4874678243512974
121.mat,Ball,68,0.0043867231137724545,0.1428225513033349,0.14275516740600608,0.5482185628742515
121.mat,Ball,69,0.004212267784431138,0.15478278042700938,0.15472545335796578,0.4387372854291417
121.mat,Ball,70,0.004177181796407186,0.15969273218361438,0.15963809026829204,0.470737005988024
121.mat,Ball,71,0.004412550299401198,0.16443781144989125,0.1643785972512396,0.5157315369261477
121.mat,Ball,72,0.004270257125748502,0.14708184690083254,0.147019844211045,0.5150817964071857
121.mat,Ball,73,0.0046823550499002,0.16080476839508126,0.16073658292306203,0.5686853892215569
121.mat,Ball,74,0.005060341596806386,0.1488039239034742,0.14871785606306517,0.5901268263473054
121.mat,Ball,75,0.004038299760479041,0.13439365390411093,0.13433296819746993,0.4965641916167665
121.mat,Ball,76,0.004393870259481038,0.16455730364542276,0.16449863247819024,0.720562235528942
121.mat,Ball,77,0.004295109700598802,0.14579410942713866,0.1457308285034855,0.608481996007984
121.mat,Ball,78,0.0048368308582834325,0.16267199934978793,0.16260007515282937,0.6006851097804391
121.mat,Ball,79,0.004436103393213572,0.14140965514256934,0.14134005643916062,0.47414814371257485
121.mat,Ball,80,0.0044122254291417175,0.16221650094363124,0.16215648443758748,0.6222889820359282
121.mat,Ball,81,0.004277729141716567,0.15248051895785805,0.15242050286968553,0.5282390419161677
121.mat,Ball,82,0.004414499520958084,0.15325252293969896,0.15318892904306894,0.4051132135728543
121.mat,Ball,83,0.004683979401197604,0.1458138333437192,0.14573858216463847,0.5129701397205588
121.mat,Ball,84,0.004449747944111776,0.1426053554620558,0.14253591529748968,0.5526043113772454
121.mat,Ball,85,0.00458229500998004,0.16545747341323427,0.16539400859986628,0.5301882634730539
121.mat,Ball,86,0.004233384351297407,0.15102807273463054,0.15096872924838123,0.4657015169660679
121.mat,Ball,87,0.004463230059880239,0.14826644761244048,0.14819925460354091,0.530513133732535
121.mat,Ball,88,0.004609096806387226,0.16319098490974818,0.1631258832388135,0.5566651896207585
121.mat,Ball,89,0.004169709780439121,0.14833128312867247,0.14827266462482322,0.4663512574850299
121.mat,Ball,90,0.004644832534930141,0.14580075478893567,0.14572674987024792,0.45936654690618767
121.mat,Ball,91,0.004302744151696608,0.15396794818087323,0.15390781481066224,0.42622978043912174
121.mat,Ball,92,0.004364956806387225,0.14746990332725593,0.14740529006595585,0.5435079441117764
121.mat,Ball,93,0.0046942128143712585,0.14871575856448088,0.14864165368920773,0.42947848303393216
121.mat,Ball,94,0.0049195103393213585,0.14588520090068602,0.14580222995501416,0.5805431536926148
121.mat,Ball,95,0.0039931427944111765,0.14746258186845282,0.1474085067488766,0.47236135728542916
121.mat,Ball,96,0.0049282818363273456,0.15351865641165524,0.15343953175300548,0.5946750099800399
121.mat,Ball,97,0.004545259800399201,0.14494495466724933,0.1448736708199176,0.4574173253493014
121.mat,Ball,98,0.004253363872255489,0.14663101314718338,0.14656931094993814,0.48714295409181635
121.mat,Ball,99,0.004178643712574851,0.15266107286604197,0.15260387316622845,0.44929556886227545
121.mat,Ball,100,0.0043784389221556905,0.1423451403453039,0.1422777855201901,0.5051732534930139
121.mat,Ball,101,0.004542173532934132,0.15684487552587678,0.15677909184047625,0.5383100199600799
121.mat,Ball,102,0.00428861229540918,0.14909100662762464,0.14902931276033612,0.43808754491017965
121.mat,Ball,103,0.004312652694610779,0.14645898613255662,0.1463954768622039,0.4847064271457086
121.mat,Ball,104,0.00456361497005988,0.1545439342147546,0.15447653873963982,0.5188178043912175
121.mat,Ball,105,0.003960168463073852,0.15418996468493476,0.15413910041026418,0.4302906586826347
121.mat,Ball,106,0.005060341596806387,0.1594232626322687,0.15934293084803275,0.4635898602794411
121.mat,Ball,107,0.004150542435129741,0.15483779087684763,0.15478215168783702,0.5565027544910179
121.mat,Ball,108,0.004844465309381237,0.14577429179876897,0.1456937723627844,0.44133624750499
121.mat,Ball,109,0.004349525469061877,0.16186837172047516,0.1618099236500404,0.4869805189620759
121.mat,Ball,110,0.005118818243512975,0.16110935720153793,0.1610280183001785,0.5465942115768464
121.mat,Ball,111,0.004521381836327345,0.15393019650608317,0.15386377904721926,0.4793460678642715
121.mat,Ball,112,0.00445397125748503,0.1357820101323742,0.13570894007258943,0.4171334131736527
121.mat,Ball,113,0.00517079748502994,0.14714624335025964,0.14705536299456282,0.4621279441117765
121.mat,Ball,114,0.005075285628742516,0.1474753077457661,0.1473879502214991,0.5335994011976047
121.mat,Ball,115,0.004621929181636727,0.13249427986527013,0.1324136396586713,0.4393870259481038
121.mat,Ball,116,0.00487337876247505,0.1364864299237401,0.1363993978460516,0.42720439121756487
121.mat,Ball,117,0.005058879680638721,0.15730517369221822,0.15722380674285863,0.46748830339321357
121.mat,Ball,118,0.004577909261477046,0.16294859795992314,0.16288427893415114,0.4902292215568862
121.mat,Ball,119,0.005270532654690619,0.14305580879779733,0.14295868604715067,0.4590416766467066
121.mat,Ball,120,0.005077559720558883,0.1489808358737551,0.14889428412443145,0.48015824351297404
121.mat,Ball,121,0.004524792974051896,0.15081967089235981,0.1507517806747957,0.47089944111776444
130.mat,Outer_Race,1,0.03467137235528942,0.6532538395937656,0.6523331011707117,2.9567254491017962
130.mat,Outer_Race,2,0.033864881936127744,0.7029763013206699,0.7021601313019284,3.547583233532934
130.mat,Outer_Race,3,0.03476314820359281,0.6525107044424127,0.6515840260004144,3.1053535928143714
130.mat,Outer_Race,4,0.03376701477045908,0.7163493298071455,0.7155530385852875,3.325047105788423
130.mat,Outer_Race,5,0.0346648749500998,0.6600661583763897,0.659155277516959,3.151647604790419
130.mat,Outer_Race,6,0.034537769461077845,0.7020106031460911,0.701160487627613,3.256012175648703
130.mat,Outer_Race,7,0.033051894111776454,0.6673391410050036,0.6665201432911986,3.4923552894211576
130.mat,Outer_Race,8,0.033352805189620756,0.6927353775922545,0.6919320008164579,3.132155389221557
130.mat,Outer_Race,9,0.032730678642714575,0.6646340792717057,0.6638276598673298,2.948197604790419
130.mat,Outer_Race,10,0.03486710668662674,0.6795541640639021,0.6786590799273905,3.2093120758483034
130.mat,Outer_Race,11,0.03166632245508982,0.6698335710198615,0.6690846410487915,3.10494750499002
130.mat,Outer_Race,12,0.03271281077844311,0.6515742870238921,0.6507525824164412,3.132155389221557
130.mat,Outer_Race,13,0.03155667874251497,0.6827107093359644,0.6819810031582679,3.0988561876247505
130.mat,Outer_Race,14,0.03222550538922155,0.6420944126372892,0.641285234152818,2.894594011976048
130.mat,Outer_Race,15,0.03215687654690619,0.6750697802292625,0.6743034505840317,2.9798724550898203
130.mat,Outer_Race,16,0.03120094580838323,0.6266631142195733,0.625885899908311,3.239362574850299
130.mat,Outer_Race,17,0.03142429411177644,0.6783866475479111,0.6776584370542953,3.366874151696607
130.mat,Outer_Race,18,0.030930085229540917,0.6065471453200383,0.605758012182737,3.0517499999999997
130.mat,Outer_Race,19,0.029616797205588824,0.6750987623097069,0.6744488002772198,3.1666728542914173
130.mat,Outer_Race,20,0.030240548103792415,0.5995558137073879,0.5987926878316987,3.1646424151696606
130.mat,Outer_Race,21,0.02908157345309381,0.6705855296917492,0.6699546363131285,2.93601497005988
130.mat,Outer_Race,22,0.02951568133732535,0.6121665231385465,0.6114545580881133,2.9896185628742518
130.mat,Outer_Race,23,0.02842005638722555,0.6766665601318124,0.6760694742373498,2.8714470059880237
130.mat,Outer_Race,24,0.028841169461077846,0.6050312429830468,0.6043434387248099,2.5892159680638724
130.mat,Outer_Race,25,0.027914070958083837,0.676940582364658,0.6763648103610577,3.0623082834331337
130.mat,Outer_Race,26,0.028659648203592816,0.6224157524504024,0.6217555737291358,2.821092115768463
130.mat,Outer_Race,27,0.028137013173652695,0.6877525196182006,0.6871767143398043,3.3295140718562872
130.mat,Outer_Race,28,0.02771630618762475,0.6297857885649827,0.6291756081172656,3.10494750499002
130.mat,Outer_Race,29,0.02677661896207585,0.6861153812529426,0.6855926845210869,3.3144888223552895
130.mat,Outer_Race,30,0.027101895309381233,0.6414315269981306,0.640858713834643,3.248702594810379
130.mat,Outer_Race,31,0.02676646676646707,0.7053242817699371,0.7048162162657137,3.038349101796407
130.mat,Outer_Race,32,0.027149407584830334,0.6508034640658245,0.6502369249034305,3.1427136726546907
130.mat,Outer_Race,33,0.026515910578842315,0.7092451325291746,0.7087492959449775,3.283626147704591
130.mat,Outer_Race,34,0.025988402495009978,0.6834185199672246,0.6829242098285496,3.1999720558882236
130.mat,Outer_Race,35,0.025945357185628744,0.7073858781078565,0.7069099086778551,3.1073840319361277
130.mat,Outer_Race,36,0.0253220123752495,0.6876964919724048,0.6872301366794238,2.994491616766467
130.mat,Outer_Race,37,0.025202216467065868,0.7049389000323136,0.7044882547380867,3.4253507984031937
130.mat,Outer_Race,38,0.02466618053892216,0.6858435966065592,0.6853998968075805,3.2328651696606787
130.mat,Outer_Race,39,0.02432750329341317,0.7002653164146472,0.6998426151334419,3.098044011976048
130.mat,Outer_Race,40,0.02426780838323353,0.6927335705341084,0.6923083657021699,3.2426112774451097
130.mat,Outer_Race,41,0.02672545189620758,0.7020644967680326,0.7015556341752907,3.2600730538922154
130.mat,Outer_Race,42,0.02505440049900199,0.7006060772951332,0.7001579482934618,3.1276884231536926
130.mat,Outer_Race,43,0.024457857485029943,0.6954667781419925,0.6950365837180409,3.206063373253493
130.mat,Outer_Race,44,0.023163655588822357,0.6965638126629866,0.6961785619877696,3.347788023952096
130.mat,Outer_Race,45,0.02659997075848303,0.6872815270677751,0.686766582620515,3.312052295409182
130.mat,Outer_Race,46,0.024377858183632733,0.6967109309345919,0.6962843106907727,3.4635230538922155
130.mat,Outer_Race,47,0.023213604391217557,0.6808443038334193,0.6804484511214508,3.10494750499002
130.mat,Outer_Race,48,0.023855223153692613,0.6856748967079005,0.6852597991299924,3.211748602794411
130.mat,Outer_Race,49,0.024415624351297398,0.6772712478806855,0.6768310132473225,3.206469461077844
130.mat,Outer_Race,50,0.023710655888223554,0.6796737581180908,0.6792600549654891,2.8714470059880237
130.mat,Outer_Race,51,0.024094408882235525,0.6646890505236297,0.6642522061285306,3.2353016966067867
130.mat,Outer_Race,52,0.023704158483033935,0.6748368872619279,0.6744204454789158,3.3006818363273456
130.mat,Outer_Race,53,0.02441562435129741,0.6591387322662371,0.6586863788337196,3.0671813373253496
130.mat,Outer_Race,54,0.023939283333333332,0.6745309993879696,0.6741060597923886,2.971344610778443
130.mat,Outer_Race,55,0.023189645209580837,0.6590165507117502,0.6586084227119076,3.1577389221556884
130.mat,Outer_Race,56,0.024053394011976047,0.6582182284319908,0.6577785877304406,2.926268862275449
130.mat,Outer_Race,57,0.022838379241516972,0.6574952085218664,0.6570984383354089,3.241799101796407
130.mat,Outer_Race,58,0.023432079640718563,0.665100701085181,0.66468780658871,3.2015964071856287
130.mat,Outer_Race,59,0.023637153992015967,0.6549819041225711,0.6545552533432045,3.011547305389221
130.mat,Outer_Race,60,0.023120610279441123,0.6558487626792153,0.6554411010061574,3.061496107784431
130.mat,Outer_Race,61,0.022775029540918163,0.6541757385771646,0.6537791637643319,3.278347005988024
130.mat,Outer_Race,62,0.023190457385229537,0.6438725399756288,0.6434547772928036,2.872259181636726
130.mat,Outer_Race,63,0.022425794011976048,0.660895520328302,0.6605149298486368,3.466771756487026
130.mat,Outer_Race,64,0.022861932335329342,0.6578648493389928,0.6574674836413665,2.7041388223552896
130.mat,Outer_Race,65,0.022175643912175653,0.6587742092072822,0.6584008653804766,3.3270775449101797
130.mat,Outer_Race,66,0.021996965269461072,0.6408864748651976,0.6405088658122333,2.8024120758483035
130.mat,Outer_Race,67,0.02175656127744511,0.6563726158924471,0.6560119381039302,3.3307323353293414
130.mat,Outer_Race,68,0.021175449600798407,0.6438382159246422,0.643489897837744,3.2020024950099804
130.mat,Outer_Race,69,0.021955138223552894,0.6600980819608335,0.6597328623874638,3.1573328343313376
130.mat,Outer_Race,70,0.02074337215568862,0.648747795514007,0.6484160814599638,3.3408845309381237
130.mat,Outer_Race,71,0.021026009281437125,0.6719342356530096,0.6716051845960476,3.3238288423153692
130.mat,Outer_Race,72,0.019673736826347307,0.6568142239654702,0.6565195114257081,3.0172325349301397
130.mat,Outer_Race,73,0.021928336427145707,0.6668076349516221,0.6664469747033995,3.1975355289421157
130.mat,Outer_Race,74,0.02149585289421158,0.6465604622266037,0.6462030328178828,3.0619021956087824
130.mat,Outer_Race,75,0.02094600998003992,0.6723569103883215,0.6720305644930484,3.4087011976047905
130.mat,Outer_Race,76,0.01914825918163672,0.654119964224601,0.6538396376539939,3.284032235528942
130.mat,Outer_Race,77,0.01988327814371258,0.6937593215711572,0.6934743337118772,3.093983133732535
130.mat,Outer_Race,78,0.02049403423153693,0.6647725646318035,0.6644565879333743,3.0582474051896207
130.mat,Outer_Race,79,0.018950494411177646,0.6870790266081166,0.6868176377804583,3.5041318363273453
130.mat,Outer_Race,80,0.016763305389221553,0.669518023111113,0.6693081314783501,3.3376358283433136
130.mat,Outer_Race,81,0.01878318622754491,0.7100482991524296,0.7097998161766453,3.081800499001996
130.mat,Outer_Race,82,0.018859124650698597,0.6727529274398788,0.6724885387843693,3.3595645708582835
130.mat,Outer_Race,83,0.018786841017964077,0.7086694518657969,0.7084203883375567,3.630425149700599
130.mat,Outer_Race,84,0.0182780129740519,0.6733501942531581,0.6731020712659308,3.3043366267465073
130.mat,Outer_Race,85,0.018720648702594815,0.719846970967098,0.7196035011884393,3.301900099800399
130.mat,Outer_Race,86,0.018188673652694602,0.6770336816245478,0.6767893159653493,3.1926624750499
130.mat,Outer_Race,87,0.018418519361277443,0.7244855622483655,0.7242513983768816,3.430223852295409
130.mat,Outer_Race,88,0.01780410848303393,0.6794080671638856,0.6791747458853952,2.8986548902195612
130.mat,Outer_Race,89,0.0177159874251497,0.7113259250266182,0.7111052773004332,3.2641339321357283
130.mat,Outer_Race,90,0.017992939321357284,0.6679942811523424,0.6677519103580406,3.278347005988024
130.mat,Outer_Race,91,0.017738728343313373,0.707729752862353,0.707507413815127,3.128500598802395
130.mat,Outer_Race,92,0.01814765878243513,0.6635598422160993,0.6633116361730517,3.346163672654691
130.mat,Outer_Race,93,0.01783253463073852,0.6993767264105215,0.6991493446706082,3.1386527944111773
130.mat,Outer_Race,94,0.01756126796407186,0.661074223704456,0.6608409272388803,3.1232214570858283
130.mat,Outer_Race,95,0.017951518363273453,0.6891482101759897,0.6889143622956508,3.0639326347305387
130.mat,Outer_Race,96,0.017627866367265474,0.6701772545447582,0.6699453789948009,3.2214947105788423
130.mat,Outer_Race,97,0.017109698303393216,0.6700334068434013,0.6698149181006211,2.9518523952095808
130.mat,Outer_Race,98,0.017848372055888222,0.6518310714905334,0.6515866645162802,3.1524597804391217
130.mat,Outer_Race,99,0.016459957784431135,0.6551405611007528,0.6549337558785194,3.192256387225549
130.mat,Outer_Race,100,0.017758626646706587,0.6551607119176204,0.6549199871892948,3.052968263473054
130.mat,Outer_Race,101,0.01703822684630739,0.6531928101592177,0.6529705552853281,3.143525848303393
130.mat,Outer_Race,102,0.016826655089820355,0.6526803078372748,0.6524633690231567,3.1305310379241518
130.mat,Outer_Race,103,0.016743000998003993,0.6407470412395209,0.6405282529090978,3.227586027944112
130.mat,Outer_Race,104,0.016437622954091815,0.6511265358905518,0.6509190197654768,3.016014271457086
130.mat,Outer_Race,105,0.017152743612774454,0.6312173049672227,0.6309842069946271,3.0748970059880243
130.mat,Outer_Race,106,0.016186254590818367,0.6552428628226171,0.6550429103824422,3.383117664670659
130.mat,Outer_Race,107,0.01667031127744511,0.6288828570239401,0.628661871422553,3.278347005988024
130.mat,Outer_Race,108,0.01815618662674651,0.6678272454928378,0.6675803941921344,3.379462874251497
130.mat,Outer_Race,109,0.018198013672654695,0.6341355695016387,0.6338743982884445,2.9209897205588824
130.mat,Outer_Race,110,0.018389281037924154,0.6661830092642498,0.6659291525194552,3.2109364271457084
130.mat,Outer_Race,111,0.01703091726546906,0.6353904255187228,0.6351621373302729,3.2405808383233534
130.mat,Outer_Race,112,0.017882077345309375,0.6612552378503243,0.6610134044739979,3.4058585828343313
130.mat,Outer_Race,113,0.01737812235528942,0.6383601323506989,0.6381235455914525,2.8803809381237526
130.mat,Outer_Race,114,0.018500955189620756,0.6794817137812681,0.679229794708831,3.053374351297405
130.mat,Outer_Race,115,0.016790513273453097,0.6321393885668821,0.6319163593718123,3.1451501996007987
130.mat,Outer_Race,116,0.015511742714570858,0.692230056324646,0.6920562381173797,3.35225499001996
130.mat,Outer_Race,117,0.0173549753493014,0.6359918768578038,0.6357550410808687,2.846269560878244
130.mat,Outer_Race,118,0.016468485628742518,0.6963413207242453,0.6961465534850273,3.3465697604790416
130.mat,Outer_Race,119,0.015991332435129738,0.6365405215337004,0.6363396206754255,3.372559381237525
130.mat,Outer_Race,120,0.01605630648702595,0.7228028712081609,0.7226245122113945,3.275098303393214
130.mat,Outer_Race,121,0.014823829940119758,0.644892297833932,0.6447219011879737,2.9100253493013972
131.mat,Outer_Race,1,0.004252957784431139,0.6042991117189787,0.6042841457248654,2.851954790419162
131.mat,Outer_Race,2,0.0025944951097804387,0.5764773056003925,0.576471467175448,2.7873868263473054
131.mat,Outer_Race,3,0.004837724251497008,0.5776530999733365,0.5776328421522376,2.61033253493014
131.mat,Outer_Race,4,0.0033002757485029906,0.6196099860849944,0.6196011967679136,2.868604391217565
131.mat,Outer_Race,5,0.003665348702594809,0.6331183729082982,0.6331077628120977,2.7410928143712576
131.mat,Outer_Race,6,0.0039008796407185636,0.6187653048513434,0.6187530085791944,2.8186555888223555
131.mat,Outer_Race,7,0.003390021157684629,0.5782230763051698,0.5782131386680561,2.5660689620758483
131.mat,Outer_Race,8,0.0037567184630738506,0.5828878741117579,0.5828757679410886,2.9546950099800395
131.mat,Outer_Race,9,0.003289311377245512,0.5795611976061443,0.5795518632541283,2.9051522954091817
131.mat,Outer_Race,10,0.004665136926147701,0.6208460649521005,0.6208285374110699,3.010329041916168
131.mat,Outer_Race,11,0.0027053570858283464,0.5899282522635262,0.5899220489706558,3.011953393213573
131.mat,Outer_Race,12,0.0039142805389221534,0.6207787128919765,0.6207663721463025,3.0712422155688626
131.mat,Outer_Race,13,0.0028275895209580798,0.5781854169917512,0.578178502851348,2.877132235528942
131.mat,Outer_Race,14,0.0036166181636726573,0.604098826905138,0.6040880008253948,2.966065469061876
131.mat,Outer_Race,15,0.003315707085828348,0.551725523950451,0.5517155606514291,2.79835119760479
131.mat,Outer_Race,16,0.00501437245508982,0.6096912118291108,0.6096705912626353,2.9352027944111776
131.mat,Outer_Race,17,0.0015496311377245467,0.5816106672218634,0.5816086028160159,2.542515868263473
131.mat,Outer_Race,18,0.0038830117764471045,0.6001889195744573,0.6001763585809577,2.77642245508982
131.mat,Outer_Race,19,0.0032673826347305417,0.6039423908923071,0.6039335524107221,2.9510402195608783
131.mat,Outer_Race,20,0.0035800702594810337,0.5691099636808644,0.5690987030891671,2.875507884231537
131.mat,Outer_Race,21,0.0030627143712574877,0.5850320882877347,0.5850240713910735,3.0111412175648704
131.mat,Outer_Race,22,0.004105141816367262,0.5894377230054082,0.5894234276922389,2.995709880239521
131.mat,Outer_Race,23,0.0038302203592814345,0.6062479403869571,0.6062358407710869,2.7520571856287424
131.mat,Outer_Race,24,0.0019865816367265476,0.5720747016152405,0.572071252311779,2.8600765469061877
131.mat,Outer_Race,25,0.004010523353293411,0.6216269436298647,0.621614006236217,2.793072055888224
131.mat,Outer_Race,26,0.003143119760479041,0.5740556799877272,0.5740470751814202,2.9368271457085826
131.mat,Outer_Race,27,0.002755305888223555,0.6023175508832719,0.6023112487671846,3.0143899201596804
131.mat,Outer_Race,28,0.003092358782435128,0.5536105281543248,0.5536018914350557,2.9043401197604792
131.mat,Outer_Race,29,0.003285656586826348,0.61562956856401,0.6156208006160144,2.6805857285429138
131.mat,Outer_Race,30,0.003413980339321362,0.5731425794918931,0.5731324115462881,2.8625130738522957
131.mat,Outer_Race,31,0.0009997882235528957,0.5975191291557891,0.597518292716299,2.727691916167665
131.mat,Outer_Race,32,0.004605035928143712,0.5934506518238145,0.5934327845630125,2.926268862275449
131.mat,Outer_Race,33,0.00315855109780439,0.565315080811253,0.5653062569506869,2.7122605788423155
131.mat,Outer_Race,34,0.0024803844311377245,0.5901653464268859,0.5901601340451929,2.7463719560878244
131.mat,Outer_Race,35,0.003886666566866264,0.575149180372284,0.5751360478233893,2.424344311377246
131.mat,Outer_Race,36,0.003133373652694612,0.6164950328466735,0.6164870700137787,2.913680139720559
131.mat,Outer_Race,37,0.003786768962075849,0.5687561487545523,0.5687435424925177,2.6895196606786427
131.mat,Outer_Race,38,0.0022696248502994004,0.6248319798375881,0.6248278577582781,3.0960135728542912
131.mat,Outer_Race,39,0.004026766866267464,0.5391147666219316,0.5390997280081159,2.4288112774451096
131.mat,Outer_Race,40,0.004188389820359279,0.6221669834040967,0.6221528852531878,2.9965220558882235
131.mat,Outer_Race,41,0.0028811931137724526,0.5407637442203151,0.5407560686570384,2.796320758483034
131.mat,Outer_Race,42,0.005131325748502991,0.6280139383353824,0.627992974673746,2.8820052894211576
131.mat,Outer_Race,43,0.0034736752495009974,0.5680471623427814,0.5680365412770091,2.6659665668662673
131.mat,Outer_Race,44,0.0036446382235528936,0.6357655406591328,0.6357550938072136,2.8381478043912174
131.mat,Outer_Race,45,0.0033709350299401214,0.5492374975631893,0.5492271529399273,2.640789121756487
131.mat,Outer_Race,46,0.005214167664670659,0.5890570661098438,0.5890339884841125,2.750026746506986
131.mat,Outer_Race,47,0.003549207584830337,0.5749823239984676,0.5749713697534848,2.8125642714570858
131.mat,Outer_Race,48,0.004655390818363271,0.5938785644724848,0.5938603174789737,3.063526546906188
131.mat,Outer_Race,49,0.004001183333333328,0.5930958548078016,0.5930823581275454,2.773579840319361
131.mat,Outer_Race,50,0.004235496007984033,0.6171376851383842,0.617123150587895,2.8275895209580835
131.mat,Outer_Race,51,0.0033607828343313376,0.5913975456634923,0.5913879962896973,2.7752041916167665
131.mat,Outer_Race,52,0.005388379341317367,0.5848086201417786,0.584783795569102,2.793072055888224
131.mat,Outer_Race,53,0.00399427984031936,0.5843453498479229,0.5843316982822757,2.8718530938123754
131.mat,Outer_Race,54,0.0036600695608782446,0.5771149382822716,0.5771033320639898,2.518150598802395
131.mat,Outer_Race,55,0.005011123752495011,0.6012755834569885,0.6012547013539928,2.9347967065868263
131.mat,Outer_Race,56,0.004508387025948101,0.6012952650318378,0.6012783633194633,2.936421057884232
131.mat,Outer_Race,57,0.004739044910179639,0.6240226265117363,0.6240046312744363,2.838553892215569
131.mat,Outer_Race,58,0.002971344610778443,0.5796280145716983,0.5796203985260809,2.9250505988023954
131.mat,Outer_Race,59,0.006229387225548907,0.5859410374622324,0.5859079229001016,2.948197604790419
131.mat,Outer_Race,60,0.004073060878243513,0.5760417830636303,0.5760273830385224,2.733377145708583
131.mat,Outer_Race,61,0.004239556886227542,0.5737149639554737,0.5736992993056893,2.7837320359281437
131.mat,Outer_Race,62,0.004605035928143712,0.5913854560040993,0.5913675263465834,2.8673861277445107
131.mat,Outer_Race,63,0.0047475727544910185,0.6063942275137183,0.6063756424155738,2.7329710578842312
131.mat,Outer_Race,64,0.0044836156686626745,0.613584801252912,0.6135684195907668,3.080988323353293
131.mat,Outer_Race,65,0.005320562674650699,0.600915649410908,0.6008920945725268,2.83895998003992
131.mat,Outer_Race,66,0.0035654510978043942,0.5807143554255714,0.5807034098021174,2.849518263473054
131.mat,Outer_Race,67,0.0047406692614770434,0.5486261530110879,0.5486056706074945,2.629824750499002
131.mat,Outer_Race,68,0.00437194151696607,0.6088925571736428,0.6088768613675757,2.961192415169661
131.mat,Outer_Race,69,0.004270825648702589,0.5892362582500081,0.5892207804250871,2.390639021956088
131.mat,Outer_Race,70,0.005040768163672657,0.6242956514661574,0.6242753007254684,2.940888023952096
131.mat,Outer_Race,71,0.0037611854291417137,0.5861129791892097,0.5861009109856583,2.659469161676647
131.mat,Outer_Race,72,0.005913450898203593,0.6035035495180896,0.6034745772436547,2.7861685628742516
131.mat,Outer_Race,73,0.0017031323353293426,0.5778252514567624,0.5778227414712224,2.8308382235528944
131.mat,Outer_Race,74,0.005438328143712573,0.5711169982797216,0.571091105088357,2.8085033932135732
131.mat,Outer_Race,75,0.004597320259481041,0.5975718274545468,0.5975541428304205,2.835305189620758
131.mat,Outer_Race,76,0.004834881636726547,0.6047784739046698,0.6047591474446832,2.895000099800399
131.mat,Outer_Race,77,0.004221282934131738,0.6165189184589681,0.6165044668031253,2.780483333333333
131.mat,Outer_Race,78,0.004517727045908184,0.6048267214950794,0.6048098487763117,2.8665739520958082
131.mat,Outer_Race,79,0.0036649426147704594,0.5893014973302445,0.5892901008427841,2.854797405189621
131.mat,Outer_Race,80,0.004201384630738522,0.5678690327462462,0.5678534905407748,2.938045409181637
131.mat,Outer_Race,81,0.004535188822355293,0.5792834436401882,0.5792656904547177,2.8271834331337327
131.mat,Outer_Race,82,0.0048474703592814375,0.6015192241074508,0.6014996916058607,2.871040918163673
131.mat,Outer_Race,83,0.00434107884231537,0.6087267648335505,0.6087112856348282,2.7861685628742516
131.mat,Outer_Race,84,0.003967071956087829,0.6163908495241751,0.6163780834173369,2.9388575848303393
131.mat,Outer_Race,85,0.005133356187624748,0.5981032626773646,0.5980812331778681,2.8645435129740515
131.mat,Outer_Race,86,0.003324234930139718,0.5876054907404886,0.5875960876405659,2.9035279441117763
131.mat,Outer_Race,87,0.005323811377245506,0.56491469924529,0.5648896126287117,2.8438330339321354
131.mat,Outer_Race,88,0.0037213888223552915,0.6076186460910166,0.6076072500741848,2.665560479041916
131.mat,Outer_Race,89,0.0048669625748502966,0.5863506898043137,0.5863304905164745,2.7942903193612776
131.mat,Outer_Race,90,0.004484427844311373,0.6401967095002916,0.6401810031248272,3.011953393213573
131.mat,Outer_Race,91,0.004363819760479037,0.5849305509030858,0.5849142727416434,2.8409904191616766
131.mat,Outer_Race,92,0.004330926646706583,0.6044014682674466,0.6043859511257903,2.7252553892215565
131.mat,Outer_Race,93,0.0036324555888223543,0.5654591824356244,0.5654475150419888,2.89215748502994
131.mat,Outer_Race,94,0.0058521316367265526,0.5964968797543343,0.5964681719186391,2.952258483033932
131.mat,Outer_Race,95,0.003758748902195606,0.5585518357266462,0.5585391884194848,2.711448403193613
131.mat,Outer_Race,96,0.004799551996007982,0.6118362137046075,0.6118173883611251,2.918147105788423
131.mat,Outer_Race,97,0.004571736726546903,0.6154611521934609,0.6154441721899766,3.112257085828343
131.mat,Outer_Race,98,0.004584325449101796,0.6050671335744845,0.6050497666243826,2.8190616766467063
131.mat,Outer_Race,99,0.004922190518962075,0.583149189034553,0.5831284152844483,2.9047462075848305
131.mat,Outer_Race,100,0.004386154590818361,0.5623188674402096,0.5623017609141426,2.782107684630738
131.mat,Outer_Race,101,0.004177019361277447,0.594855433519286,0.5948407680183607,2.9461671656686623
131.mat,Outer_Race,102,0.004946555788423153,0.5677848600921652,0.5677633124249151,2.82961996007984
131.mat,Outer_Race,103,0.004376814570858287,0.6347502294642584,0.6347351394866532,2.853579141716567
131.mat,Outer_Race,104,0.004390621556886227,0.5716398270541014,0.5716229651761614,2.86698003992016
131.mat,Outer_Race,105,0.004860465169660678,0.6257980047554583,0.625779129273458,3.098450099800399
131.mat,Outer_Race,106,0.004009711177644712,0.530443125901216,0.5304279706351515,3.0485012974051897
131.mat,Outer_Race,107,0.004022299900199595,0.6327928215873349,0.6327800377350516,2.741498902195609
131.mat,Outer_Race,108,0.004857622554890222,0.5423643158071737,0.5423425620067983,3.0947953093812375
131.mat,Outer_Race,109,0.004226155988023954,0.6001233981978603,0.6001085174117367,2.6013986027944114
131.mat,Outer_Race,110,0.0045022957085828355,0.5942040271155716,0.594186969878771,3.0907344311377245
131.mat,Outer_Race,111,0.004492549600798407,0.6167555346790884,0.6167391722238604,2.6891135728542914
131.mat,Outer_Race,112,0.004115294011976047,0.559218420422047,0.5592032779719055,2.9404819361277443
131.mat,Outer_Race,113,0.0044141746506986025,0.5987537440884303,0.5987374726222392,2.896218363273453
131.mat,Outer_Race,114,0.003774180239520958,0.5681142070971539,0.5681016703629267,2.968908083832335
131.mat,Outer_Race,115,0.005243812075848303,0.6110214988656038,0.610998997143925,2.9620045908183634
131.mat,Outer_Race,116,0.003891945708582835,0.5864898538081857,0.5864769401933452,3.0387551896207587
131.mat,Outer_Race,117,0.004423514670658684,0.6011618112298949,0.6011455362881489,2.814188622754491
131.mat,Outer_Race,118,0.00393986407185629,0.6059799390963281,0.6059671311699049,2.994491616766467
131.mat,Outer_Race,119,0.005026149001996011,0.576700326628971,0.5766784238725873,2.6850526946107784
131.mat,Outer_Race,120,0.0041709280439121725,0.5788180235393343,0.5788029956152904,2.9510402195608783
131.mat,Outer_Race,121,0.0043471701596806325,0.5820759712468135,0.5820597378401327,3.001395109780439
131.mat,Outer_Race,122,0.005475688223552895,0.5862687318294191,0.586243160096008,2.9100253493013972
132.mat,Outer_Race,1,0.0035374310379241536,0.5733476640953055,0.5733367513993806,2.7207884231536927
132.mat,Outer_Race,2,0.004637522954091813,0.5331515069567092,0.5331313372435166,2.7264736526946107
132.mat,Outer_Race,3,0.003992249401197601,0.583758504637733,0.583744853237783,2.702108383233533
132.mat,Outer_Race,4,0.004636304690618763,0.5670136165216589,0.5669946613503399,2.7329710578842312
132.mat,Outer_Race,5,0.0034529647704590817,0.5753381718299685,0.5753278100343701,2.6643422155688623
132.mat,Outer_Race,6,0.004737420558882238,0.5804012925190621,0.5803819580278544,2.7179458083832335
132.mat,Outer_Race,7,0.004611533333333333,0.5386343930189192,0.5386146517717236,2.752869361277445
132.mat,Outer_Race,8,0.004420672055888224,0.5637188703479388,0.5637015366707193,2.662311776447106
132.mat,Outer_Race,9,0.004637522954091819,0.5434260810908343,0.543406292741069,2.827995608782435
132.mat,Outer_Race,10,0.003387584630738523,0.5473622725011699,0.547351789645393,2.928705389221557
132.mat,Outer_Race,11,0.004469808682634731,0.5661978437380135,0.5661802001694484,2.6330734530938127
132.mat,Outer_Race,12,0.0047772171656686666,0.570595246760332,0.5705752481677033,2.5798759481037927
132.mat,Outer_Race,13,0.004653360379241518,0.5757027123753246,0.5756839056926001,2.743529341317365
132.mat,Outer_Race,14,0.004711024850299401,0.5514510798806271,0.5514309564636081,2.851954790419162
132.mat,Outer_Race,15,0.00425986127744511,0.5908694581546003,0.5908541022636704,2.561601996007984
132.mat,Outer_Race,16,0.004665543013972054,0.5541759894085058,0.5541563497292809,2.745965868263473
132.mat,Outer_Race,17,0.005011935928143711,0.5829625486629809,0.5829410035688779,2.8763200598802396
132.mat,Outer_Race,18,0.003861083033932133,0.5357688339367677,0.53575492107471,2.655002195608782
132.mat,Outer_Race,19,0.0039991528942115795,0.5398365201475038,0.5398217069191411,2.572160279441118
132.mat,Outer_Race,20,0.004516914870259477,0.5880472515465226,0.5880299036031026,2.985557684630739
132.mat,Outer_Race,21,0.003937021457085828,0.5491586816785639,0.5491445688750685,2.6781492015968063
132.mat,Outer_Race,22,0.004279759580838324,0.5730617260036801,0.5730457446559106,2.647286526946108
132.mat,Outer_Race,23,0.0038956004990019946,0.5530296686545795,0.5530159479698087,2.6363221556886227
132.mat,Outer_Race,24,0.004172146307385233,0.6045217427204049,0.6045073453787847,2.6708396207584832
132.mat,Outer_Race,25,0.0022692187624750496,0.5234138057686972,0.5234088867372043,2.711854491017964
132.mat,Outer_Race,26,0.005059042115768465,0.5546132540086743,0.5545901798760606,2.6716517964071858
132.mat,Outer_Race,27,0.003752657584830338,0.5623136109695316,0.5623010889573706,2.8133764471057883
132.mat,Outer_Race,28,0.004276510878243512,0.578897002252599,0.5788812060101398,2.498252295409182
132.mat,Outer_Race,29,0.0036811861277445085,0.544924130360186,0.544911696256832,2.7691128742514968
132.mat,Outer_Race,30,0.0031869772455089818,0.5434565016611773,0.5434471569286584,2.5827185628742515
132.mat,Outer_Race,31,0.0038635195608782437,0.6084950503556781,0.6084827849035351,3.0822065868263473
132.mat,Outer_Race,32,0.003904940518962076,0.5674176151070335,0.567404178142263,2.938451497005988
132.mat,Outer_Race,33,0.0022359195608782426,0.5342442023372685,0.5342395234299888,2.7890111776447104
132.mat,Outer_Race,34,0.00415549670658682,0.5756096720153008,0.5755946719391032,2.6541900199600796
132.mat,Outer_Race,35,0.0037437236526946106,0.5951447799915269,0.5951330050370045,2.7585545908183633
132.mat,Outer_Race,36,0.0039597623752495,0.5686013295858539,0.5685875414469898,2.7289101796407182
132.mat,Outer_Race,37,0.003945143213572857,0.5406514904878353,0.540637096407324,2.470232235528942
132.mat,Outer_Race,38,0.00269642315369261,0.5774134568999599,0.5774071609456694,2.650535229540918
132.mat,Outer_Race,39,0.003803012475049904,0.5945585035785497,0.5945463407285246,2.736625848303393
132.mat,Outer_Race,40,0.0033725593812375244,0.5633753245349626,0.5633652297915576,2.6196725548902196
132.mat,Outer_Race,41,0.00349641616766467,0.580287080943214,0.5802765473320276,2.778452894211577
132.mat,Outer_Race,42,0.0033542854291417168,0.5597092626052386,0.5596992115550635,2.6671848303393215
132.mat,Outer_Race,43,0.004260267365269467,0.6127419532168712,0.6127271426613994,2.8080973053892215
132.mat,Outer_Race,44,0.0029546950099800413,0.5265918138619706,0.5265835244325807,2.7561180638722558
132.mat,Outer_Race,45,0.004633462075848307,0.580486793772731,0.5804683012652258,2.8600765469061877
132.mat,Outer_Race,46,0.004011335528942114,0.5717300784728863,0.5717160062635005,2.612362974051896
132.mat,Outer_Race,47,0.0034679900199600794,0.587417862498646,0.5874076252720078,2.815406886227545
132.mat,Outer_Race,48,0.0040966139720558905,0.5620299328144214,0.5620150025874282,2.650129141716567
132.mat,Outer_Race,49,0.0035366188622754455,0.5835519331174739,0.5835412161725715,2.7041388223552896
132.mat,Outer_Race,50,0.0045104174650698586,0.5928193666684674,0.5928022078497123,2.7752041916167665
132.mat,Outer_Race,51,0.0037425053892215553,0.5548473956316826,0.5548347736873317,2.9116497005988027
132.mat,Outer_Race,52,0.004624934231536923,0.5710153137953597,0.5709965836781925,2.866167864271457
132.mat,Outer_Race,53,0.0028483000000000024,0.5406526231633317,0.5406451203150746,2.884847904191617
132.mat,Outer_Race,54,0.003744941916167666,0.5696665234792733,0.569654213872772,2.6379465069860277
132.mat,Outer_Race,55,0.0038529612774451136,0.5672407134993307,0.5672276278008893,2.8040364271457086
132.mat,Outer_Race,56,0.0037299166666666683,0.5795143602930343,0.5795023567747628,2.810533832335329
132.mat,Outer_Race,57,0.004010117265469063,0.5809784102156251,0.5809645704310998,2.998146407185629
132.mat,Outer_Race,58,0.0035577354291417185,0.5472778063157372,0.5472662421567602,2.523023652694611
132.mat,Outer_Race,59,0.004363007584830342,0.6023039841241142,0.6022881814020561,2.7642398203592813
132.mat,Outer_Race,60,0.004189608083832338,0.5651833045758357,0.5651677759350454,2.439775648702595
132.mat,Outer_Race,61,0.0034192594810379252,0.5380225000237285,0.5380116348150701,2.736625848303393
132.mat,Outer_Race,62,0.003981691117764468,0.5717512240184248,0.5717373595475546,2.7179458083832335
132.mat,Outer_Race,63,0.0032381443113772457,0.5621015904516982,0.5620922632537717,3.0095168662674654
132.mat,Outer_Race,64,0.004064533033932136,0.5825114626782183,0.5824972821590959,2.7618032934131738
132.mat,Outer_Race,65,0.0038407786427145734,0.538324457083159,0.538310755524442,2.715509281437126
132.mat,Outer_Race,66,0.004344327544910183,0.6143143317994539,0.6142989704308417,2.650535229540918
132.mat,Outer_Race,67,0.003937021457085829,0.571550352379486,0.5715367924877287,2.794696407185629
132.mat,Outer_Race,68,0.002873477445109783,0.5708039998597997,0.5707967671451184,2.665154391217565
132.mat,Outer_Race,69,0.00488929740518962,0.5563832272581898,0.5563617441423538,2.9189592814371257
132.mat,Outer_Race,70,0.003701896606786426,0.578698176559397,0.5786863360359253,2.609114271457086
132.mat,Outer_Race,71,0.004001589421157686,0.5856821245743465,0.5856684542708654,2.6773370259481037
132.mat,Outer_Race,72,0.0024154103792415225,0.52892586782886,0.5289203526536036,2.647286526946108
132.mat,Outer_Race,73,0.005600357185628745,0.5857008138267619,0.5856740384520425,2.786980738522954
132.mat,Outer_Race,74,0.0036174303393213584,0.5558503643672902,0.5558385932669568,2.714291017964072
132.mat,Outer_Race,75,0.004929906187624752,0.6078808511463949,0.60786086007856,2.805660778443114
132.mat,Outer_Race,76,0.003645044311377244,0.5187243754367182,0.5187115685274251,2.573784630738523
132.mat,Outer_Race,77,0.0029713446107784403,0.5803995117542124,0.5803919058323713,2.5912464071856287
132.mat,Outer_Race,78,0.004081588722554891,0.5834125272165998,0.5833982495232221,2.7959146706586826
132.mat,Outer_Race,79,0.0035760093812375274,0.5820177952419308,0.582006809354653,2.6480987025948104
132.mat,Outer_Race,80,0.003780677644710576,0.5334193376203633,0.5334059394343992,3.005455988023952
132.mat,Outer_Race,81,0.003640983433133735,0.5751853635617474,0.5751738395435759,2.8182495009980038
132.mat,Outer_Race,82,0.003801794211576846,0.5847598334144278,0.5847474746723086,2.975405489021956
132.mat,Outer_Race,83,0.003614587724550896,0.5606379869731313,0.5606263347300645,2.7796711576846307
132.mat,Outer_Race,84,0.00391184401197605,0.5530506020153295,0.5530367671917884,2.687083133732535
132.mat,Outer_Race,85,0.004065751297405186,0.6030657224143652,0.6030520170081084,2.7658641716566867
132.mat,Outer_Race,86,0.0036239277445109766,0.5720147809421307,0.5720033013575851,2.745965868263473
132.mat,Outer_Race,87,0.003972757185628742,0.5845277854981727,0.5845142848722706,2.8588582834331335
132.mat,Outer_Race,88,0.0031963172654690623,0.5535764903003221,0.5535672625518611,2.9977403193612773
132.mat,Outer_Race,89,0.004250115169660678,0.594557743747697,0.5945425528685031,2.780889421157685
132.mat,Outer_Race,90,0.003714891417165668,0.5683087644901972,0.568296622705197,2.459267864271457
132.mat,Outer_Race,91,0.004247678642714574,0.5527127707664268,0.5526964485089884,2.77642245508982
132.mat,Outer_Race,92,0.003946767564870259,0.5838898146379339,0.5838764755183323,2.525054091816367
132.mat,Outer_Race,93,0.0035252484031936104,0.5602391261466534,0.5602280349012013,2.929923652694611
132.mat,Outer_Race,94,0.004629401197604791,0.5985330762985418,0.5985151727967702,2.933984530938124
132.mat,Outer_Race,95,0.00402189381237525,0.5550276088179027,0.5550130367120044,3.1012927145708584
132.mat,Outer_Race,96,0.004117730538922155,0.593266346804616,0.5932520565038976,2.7325649700598804
132.mat,Outer_Race,97,0.0039650415169660705,0.5629470400436923,0.5629330762530509,3.010329041916168
132.mat,Outer_Race,98,0.004459250399201593,0.5795468739165873,0.5795297180924943,2.8836296407185626
132.mat,Outer_Race,99,0.0036694095808383256,0.5840636549167361,0.5840521281769497,2.878350499001996
132.mat,Outer_Race,100,0.004352449301397206,0.5858117777358244,0.585795608654662,2.9043401197604792
132.mat,Outer_Race,101,0.0035788519960079806,0.5896596453148144,0.5896487845583872,2.7268797405189624
132.mat,Outer_Race,102,0.004191638522954093,0.5622359035209191,0.5622202783380169,2.649316966067864
132.mat,Outer_Race,103,0.003936615369261476,0.5809530823922543,0.5809397447244387,2.8803809381237526
132.mat,Outer_Race,104,0.003374183732534932,0.5717536167868451,0.5717436603872207,2.9023096806387225
132.mat,Outer_Race,105,0.003970726746506988,0.5760719944793257,0.5760583096809669,2.91408622754491
132.mat,Outer_Race,106,0.003992249401197603,0.5866259260318948,0.5866123413613942,2.8231225548902197
132.mat,Outer_Race,107,0.004417017265469061,0.564641629697744,0.5646243529517663,2.6497230538922154
132.mat,Outer_Race,108,0.003165860678642713,0.5866094303149948,0.5866008873677624,2.6566265469061876
132.mat,Outer_Race,109,0.003963823253493013,0.5492689746349777,0.5492546718979956,3.0302273453093815
132.mat,Outer_Race,110,0.003555298902195605,0.6216303033026486,0.6216201362840966,2.7605850299401196
132.mat,Outer_Race,111,0.004029609481037921,0.5456265566250337,0.5456116765080468,2.8487060878243513
132.mat,Outer_Race,112,0.0036852470059880247,0.563619108217355,0.5636070600180868,2.810533832335329
132.mat,Outer_Race,113,0.003623115568862274,0.6006411209957918,0.6006301934340765,2.936421057884232
132.mat,Outer_Race,114,0.003336417564870258,0.5870339632889938,0.587024481919295,2.739468463073852
132.mat,Outer_Race,115,0.004698436127744509,0.568080677145531,0.5680612470887965,2.7752041916167665
132.mat,Outer_Race,116,0.004037731237524952,0.5480740140024926,0.5480591405599015,2.6789613772455088
132.mat,Outer_Race,117,0.0037542819361277404,0.6095517200529186,0.6095401584691658,2.891751397205589
132.mat,Outer_Race,118,0.002949415868263471,0.5580862282604702,0.5580784345591878,2.87022874251497
132.mat,Outer_Race,119,0.004045040818363271,0.5570682566443814,0.5570535703193977,2.5888098802395207
132.mat,Outer_Race,120,0.0037295105788423123,0.5716626656513994,0.5716504999127578,2.872665269461078
132.mat,Outer_Race,121,0.004290317864271451,0.5999326417674564,0.5999173008262911,2.551449800399202
133.mat,Outer_Race,1,0.004333363173652695,0.5660864846796693,0.5660698985996259,2.759772854291417
133.mat,Outer_Race,2,0.004694375249501,0.5386570442673057,0.5386365882297701,2.792259880239521
133.mat,Outer_Race,3,0.004600162874251494,0.6086905683680293,0.6086731853151779,2.9599741516966067
133.mat,Outer_Race,4,0.00447833652694611,0.533059478112397,0.5330406660916336,2.631043013972056
133.mat,Outer_Race,5,0.004848688622754487,0.5627252228780717,0.5627043332708707,2.8219042914171655
133.mat,Outer_Race,6,0.004620061177644715,0.5995421847292324,0.5995243834112303,2.8137825349301395
133.mat,Outer_Race,7,0.004388997205588824,0.5404505286178499,0.5404327068070943,2.3512485029940122
133.mat,Outer_Race,8,0.004745948403193612,0.5919183326629301,0.5918993060616117,2.9705324351297406
133.mat,Outer_Race,9,0.0040263607784431135,0.5734489095553096,0.5734347742237608,2.896218363273453
133.mat,Outer_Race,10,0.0052190407185628744,0.5467026154151089,0.5466777033277453,2.61358123752495
133.mat,Outer_Race,11,0.004590416766467067,0.5979985354494397,0.5979809164794349,2.657032634730539
133.mat,Outer_Race,12,0.004448286027944113,0.5365688715971483,0.5365504325955301,3.0862674650698603
133.mat,Outer_Race,13,0.0051443205588822295,0.6106716062638364,0.6106499379045588,2.7317527944111775
133.mat,Outer_Race,14,0.004734984031936126,0.5616109581275638,0.5615909972704135,2.524648003992016
133.mat,Outer_Race,15,0.004647675149700598,0.5857952771095452,0.5857768395895757,2.821092115768463
133.mat,Outer_Race,16,0.004815389421157684,0.6054341547593812,0.6054150045827482,2.9388575848303393
133.mat,Outer_Race,17,0.005108178742514979,0.5214204814932618,0.5213954593498101,2.6541900199600796
133.mat,Outer_Race,18,0.00458838632734531,0.5859895378617251,0.5859715737084088,3.1630180638722556
133.mat,Outer_Race,19,0.004724019660678644,0.5731856399154006,0.5731661726266413,2.7504328343313373
133.mat,Outer_Race,20,0.005136604890219561,0.5586387010838413,0.5586150854021426,2.933172355289421
133.mat,Outer_Race,21,0.0047045274451097815,0.6058024112891748,0.6057841438543079,2.7122605788423155
133.mat,Outer_Race,22,0.00499609850299401,0.5610606647775166,0.5610384198611867,2.814594710578842
133.mat,Outer_Race,23,0.005277517365269463,0.5497903211836989,0.5497649907712696,2.969720259481038
133.mat,Outer_Race,24,0.004914068762475049,0.5963695332673411,0.5963492870270777,3.1841346307385225
133.mat,Outer_Race,25,0.0056141641716566815,0.5555900156729562,0.5555616497528689,2.838553892215569
133.mat,Outer_Race,26,0.00439021546906188,0.6091173133349305,0.6091014918816888,2.8438330339321354
133.mat,Outer_Race,27,0.004743511876247503,0.5690556128900246,0.5690358421547113,2.7752041916167665
133.mat,Outer_Race,28,0.005836294211576849,0.5668827215127312,0.5668526771741991,2.791041616766467
133.mat,Outer_Race,29,0.005130919660678641,0.5776972837305686,0.5776744977001432,2.7252553892215565
133.mat,Outer_Race,30,0.004463717365269465,0.5844602008743036,0.5844431551770577,2.696017065868263
133.mat,Outer_Race,31,0.00599060758483034,0.5802425029627306,0.5802115776725064,2.9782481037924153
133.mat,Outer_Race,32,0.0056852295409181635,0.5796559587332987,0.5796280778741544,2.5372367265469062
133.mat,Outer_Race,33,0.004551432335329343,0.5414342783921734,0.5414151478133489,2.9879942115768463
133.mat,Outer_Race,34,0.005405028942115772,0.6011366529214901,0.6011123531818215,3.134998003992016
133.mat,Outer_Race,35,0.005304319161676648,0.5807523316253861,0.5807281075396244,2.9246445109780437
133.mat,Outer_Race,36,0.005882182135728545,0.5710800089595892,0.5710497146191447,2.7833259481037924
133.mat,Outer_Race,37,0.00556096666666666,0.6074483402850475,0.6074228854470262,2.6456621756487024
133.mat,Outer_Race,38,0.003730728842315371,0.5526395267654584,0.5526269340213658,2.895000099800399
133.mat,Outer_Race,39,0.005949998802395209,0.6126734055719758,0.6126445130819456,2.9741872255489024
133.mat,Outer_Race,40,0.005949592714570861,0.5628631635030501,0.5628317183450059,3.1301249500998
133.mat,Outer_Race,41,0.004974169760479038,0.5932179376297403,0.5931970828998373,2.9404819361277443
133.mat,Outer_Race,42,0.005036301197604793,0.5812641189342038,0.5812423002764021,3.0444404191616767
133.mat,Outer_Race,43,0.005110615269461082,0.5915458964400263,0.5915238196443164,2.661093512974052
133.mat,Outer_Race,44,0.005264116467065866,0.5971582154549097,0.5971350126756204,2.5782515968063873
133.mat,Outer_Race,45,0.005102899600798401,0.5646983718399743,0.5646753151806638,2.74190499001996
133.mat,Outer_Race,46,0.005066757784431141,0.5829643385712258,0.5829423196263424,3.0334760479041916
133.mat,Outer_Race,47,0.00543629770459082,0.5999890814067027,0.5999644526757615,2.977842015968064
133.mat,Outer_Race,48,0.004048289520958085,0.5741755571102942,0.5741612854720102,2.5270845309381236
133.mat,Outer_Race,49,0.005774162774451102,0.5951465735777547,0.5951185622089064,2.8584521956087823
133.mat,Outer_Race,50,0.005169498003992012,0.5646085005983839,0.5645848344034242,3.003019461077844
133.mat,Outer_Race,51,0.0023138884231536892,0.5786915588357376,0.5786869327953598,2.905558383233533
133.mat,Outer_Race,52,0.006665119461077844,0.5979786156157421,0.597941469473634,3.236113872255489
133.mat,Outer_Race,53,0.00491772355289421,0.5833631287547745,0.5833424002981584,2.8937818363273453
133.mat,Outer_Race,54,0.0037490027944111787,0.5797510590746944,0.5797389373470418,2.839772155688623
133.mat,Outer_Race,55,0.004444631237524951,0.5583868359330443,0.5583691465298551,2.6931744510978044
133.mat,Outer_Race,56,0.0043077796407185644,0.627679964258503,0.6276651818972616,2.943730638722555
133.mat,Outer_Race,57,0.00396341716566866,0.5419754179734194,0.5419609257242015,2.9035279441117763
133.mat,Outer_Race,58,0.004178237624750498,0.6146311059906292,0.614616904080595,2.52586626746507
133.mat,Outer_Race,59,0.004536000998003992,0.5626280008866802,0.56260971559038,3.156926746506986
133.mat,Outer_Race,60,0.0034533708582834325,0.5816405939165156,0.5816303419881671,2.8937818363273453
133.mat,Outer_Race,61,0.0028539852295409213,0.6025418070844288,0.6025350479871513,2.9490097804391215
133.mat,Outer_Race,62,0.00506716387225549,0.5553790134711611,0.5553558971096749,2.555104590818363
133.mat,Outer_Race,63,0.004383311976047901,0.5845289496676096,0.5845125144730774,2.7991633732534926
133.mat,Outer_Race,64,0.002799569461077847,0.5846596071353535,0.5846529044026878,3.019262974051896
133.mat,Outer_Race,65,0.0051024935129740535,0.5796249660879335,0.579602506785804,2.947791516966068
133.mat,Outer_Race,66,0.004017426846307384,0.5950810391940602,0.5950674780979189,2.851954790419162
133.mat,Outer_Race,67,0.003995498103792418,0.573823808163461,0.5738098977972749,3.1276884231536926
133.mat,Outer_Race,68,0.0038257533932135705,0.5802805491182289,0.5802679375046734,3.0452525948103792
133.mat,Outer_Race,69,0.004337424051896209,0.5958119547260695,0.5957961666099354,2.799975548902196
133.mat,Outer_Race,70,0.003931742315369265,0.5530276241184521,0.5530136476077833,2.822310379241517
133.mat,Outer_Race,71,0.003952858882235534,0.6098523176238749,0.6098395069342989,2.606271656686627
133.mat,Outer_Race,72,0.0036592573852295427,0.5752676252175467,0.5752559868952469,2.5583532934131736
133.mat,Outer_Race,73,0.004301282235528938,0.5794829406086779,0.5794669769949025,2.609114271457086
133.mat,Outer_Race,74,0.004316713572854288,0.5945774513297252,0.5945617811579227,2.592058582834331
133.mat,Outer_Race,75,0.004260673453093811,0.5576151495072103,0.5575988716108333,2.8625130738522957
133.mat,Outer_Race,76,0.0037814898203592825,0.5761637480587632,0.5761513385490487,2.6704335329341315
133.mat,Outer_Race,77,0.0046602638722554905,0.6030289506949291,0.6030109429495192,2.704544910179641
133.mat,Outer_Race,78,0.004465341716566866,0.5692377185487609,0.569220204263651,2.7979451097804393
133.mat,Outer_Race,79,0.00425052125748503,0.6154848646555348,0.615470187490086,3.144744111776447
133.mat,Outer_Race,80,0.0043260535928143695,0.5580540455291978,0.558037277421335,3.091546606786427
133.mat,Outer_Race,81,0.00443853992015968,0.5907849001494714,0.5907682266405312,2.83571127744511
133.mat,Outer_Race,82,0.004422296407185627,0.5923871948640792,0.5923706879424568,3.159769361277445
133.mat,Outer_Race,83,0.004186359381237525,0.5556957248035206,0.5556799555140002,2.63550998003992
133.mat,Outer_Race,84,0.0048669625748503035,0.6177060406375562,0.6176868667176122,3.003831636726547
133.mat,Outer_Race,85,0.0029148984031936143,0.5461009344173068,0.5460931550008246,2.663936127744511
133.mat,Outer_Race,86,0.005912638722554888,0.5807246950821646,0.5806945945861814,2.568911576846307
133.mat,Outer_Race,87,0.004382905888223552,0.6005485300639613,0.6005325362525826,2.7833259481037924
133.mat,Outer_Race,88,0.00420382115768463,0.5498266629205915,0.5498105920642744,2.5607898203592816
133.mat,Outer_Race,89,0.0042285925149700586,0.6017885071383533,0.6017736504111412,2.872259181636726
133.mat,Outer_Race,90,0.004415799001996009,0.5822173242484409,0.5822005783011454,2.88281746506986
133.mat,Outer_Race,91,0.0038545856287425153,0.5614440560122803,0.561430824056848,2.9648472055888226
133.mat,Outer_Race,92,0.004959956686626747,0.6078252587899459,0.6078050214112511,2.5953072854291417
133.mat,Outer_Race,93,0.004123821856287423,0.5569502545382101,0.5569349873400617,2.6330734530938127
133.mat,Outer_Race,94,0.004216815968063871,0.5945767951142295,0.5945618418225305,2.869010479041916
133.mat,Outer_Race,95,0.0048474703592814375,0.5724561883045954,0.5724356641224778,2.9721567864271456
133.mat,Outer_Race,96,0.0037839263473053927,0.5528032550192045,0.5527903044204246,2.9774359281437124
133.mat,Outer_Race,97,0.00494290099800399,0.6221303920052582,0.6221107557230787,2.9104314371257485
133.mat,Outer_Race,98,0.003277534830339323,0.529603658829545,0.5295935169647349,2.4446487025948103
133.mat,Outer_Race,99,0.005350613173652697,0.6079701650992793,0.6079466198520317,2.913680139720559
133.mat,Outer_Race,100,0.004569706287425154,0.5792060919419225,0.5791880650765187,2.876726147704591
133.mat,Outer_Race,101,0.0038968187624750512,0.5760259715000919,0.576012790349448,2.727691916167665
133.mat,Outer_Race,102,0.00443163642714571,0.6097806996749737,0.6097645958029033,2.9741872255489024
133.mat,Outer_Race,103,0.004650517764471056,0.5849847819925514,0.5849662963345796,2.988806387225549
133.mat,Outer_Race,104,0.0043325509980039955,0.572368285996369,0.5723518881040499,2.5270845309381236
133.mat,Outer_Race,105,0.003759154990019965,0.5976419760001536,0.5976301533817794,2.8901270459081836
133.mat,Outer_Race,106,0.0032336773453093813,0.5729476651779061,0.5729385397786052,2.923832335329341
133.mat,Outer_Race,107,0.004480773053892215,0.5980027634700098,0.5979859762491158,2.7220066866267465
133.mat,Outer_Race,108,0.004648893413173651,0.5789734046177946,0.5789547400658823,3.013577744510978
133.mat,Outer_Race,109,0.003925244910179643,0.5825938396742366,0.5825806162916557,2.6420073852295407
133.mat,Outer_Race,110,0.003806261177644713,0.5952730411681773,0.5952608721539305,2.8170312375249504
133.mat,Outer_Race,111,0.00407671566866267,0.5810382562393,0.5810239544140701,2.961192415169661
133.mat,Outer_Race,112,0.004430824251497006,0.6036629057537886,0.6036466446353859,3.110632734530938
133.mat,Outer_Race,113,0.0038598647704590813,0.56410350458372,0.5640902989128502,2.687489221556886
133.mat,Outer_Race,114,0.004116918363273454,0.5773025742254183,0.5772878945469798,2.5733785429141713
133.mat,Outer_Race,115,0.0044153929141716565,0.5876509633776131,0.5876343753253807,3.0992622754491017
133.mat,Outer_Race,116,0.0035751972055888246,0.5945754369178108,0.5945646879448415,2.8815992015968064
133.mat,Outer_Race,117,0.004860059081836323,0.5570494874676397,0.5570282859188401,2.933172355289421
133.mat,Outer_Race,118,0.004587168063872257,0.5991499004055247,0.5991323401762786,2.957131536926148
133.mat,Outer_Race,119,0.0017855681636726544,0.5479819591917751,0.5479790500977105,2.7837320359281437
133.mat,Outer_Race,120,0.005873654291417164,0.6047150346244483,0.6046865082719414,2.550637624750499
133.mat,Outer_Race,121,0.0045843254491018,0.5853552880020076,0.5853373362020315,3.147586726546906
133.mat,Outer_Race,122,0.0037818959081836355,0.577915791164682,0.5779034166198016,2.5644446107784433
