file,label,window,mean,rms,std,peak
97.mat,Normal,1,0.0123556633846153,0.0761159899736235,0.0751064678439269,0.2177944615384615
97.mat,Normal,2,0.0121449618461538,0.0716323983072404,0.0705953283794516,0.272868923076923
97.mat,Normal,3,0.0126464732307692,0.077434051969236,0.0763943657555829,0.2123704615384615
97.mat,Normal,4,0.0132996479999999,0.0801118062697569,0.0790001320687451,0.226764923076923
97.mat,Normal,5,0.0100287673846153,0.0754504262765263,0.0747809511176129,0.1885883076923076
97.mat,Normal,6,0.0126585729230769,0.0709319479325707,0.0697932788243973,0.2192547692307692
97.mat,Normal,7,0.010301219076923,0.0749439116003829,0.0742325721735091,0.2492953846153846
97.mat,Normal,8,0.0117571458461538,0.0720703415548478,0.0711048778452272,0.2474178461538461
97.mat,Normal,9,0.0105190135384615,0.0765377842440551,0.0758114949804262,0.2207150769230769
97.mat,Normal,10,0.011070384,0.0684636186456935,0.0675626648094604,0.2246787692307692
97.mat,Normal,11,0.0100147901538461,0.0735763458478836,0.0728915814515079,0.1958898461538461
97.mat,Normal,12,0.0126692123076923,0.0708867942953191,0.0697454562317109,0.208824
97.mat,Normal,13,0.0089836043076923,0.0727048221164062,0.0721476681024486,0.2054861538461538
97.mat,Normal,14,0.013032203076923,0.070686237798302,0.0694744981776762,0.1835815384615384
97.mat,Normal,15,0.0109097501538461,0.0759917795437219,0.0752045737292771,0.2367784615384615
97.mat,Normal,16,0.0115462356923076,0.0712286811497767,0.0702866236183973,0.2196719999999999
97.mat,Normal,17,0.0118088824615384,0.0722100329207192,0.0712379052851845,0.1940123076923077
97.mat,Normal,18,0.013653251076923,0.0734357815882097,0.0721554069526445,0.206112
97.mat,Normal,19,0.0109084984615384,0.0756497663502369,0.0748591464696202,0.210492923076923
97.mat,Normal,20,0.0115833692307692,0.0738259985667793,0.0729116151353525,0.2482523076923077
97.mat,Normal,21,0.0113818467692307,0.0727896281739784,0.0718942524394529,0.2382387692307692
97.mat,Normal,22,0.0140565046153846,0.0750197056367976,0.0736910504188224,0.2196719999999999
97.mat,Normal,23,0.0137356541538461,0.0732025695082784,0.0719023503620032,0.2171686153846153
97.mat,Normal,24,0.0116947698461538,0.07310141192229,0.0721598834760549,0.2086153846153846
97.mat,Normal,25,0.0133013169230769,0.0739949047113595,0.0727895658137554,0.2063206153846153
97.mat,Normal,26,0.0098702196923076,0.0735130154184256,0.0728473897894445,0.2184203076923076
97.mat,Normal,27,0.0095867113846153,0.071527438866051,0.0708820814844255,0.2073636923076923
97.mat,Normal,28,0.0111565421538461,0.0790903572244494,0.0782995285621853,0.2004793846153846
97.mat,Normal,29,0.0070376399999999,0.0739122132036138,0.0735764016780303,0.2866375384615384
97.mat,Normal,30,0.0108744941538461,0.0719075270441944,0.0710805024075485,0.2315630769230769
97.mat,Normal,31,0.00850212,0.0681902716327106,0.067658163593527,0.21696
97.mat,Normal,32,0.0093240646153846,0.0734913802199578,0.0728974950576667,0.2052775384615384
97.mat,Normal,33,0.0107257513846153,0.0731182519248012,0.0723272909887693,0.2207150769230769
97.mat,Normal,34,0.0099634707692307,0.0742492580940061,0.0735777247388163,0.2086153846153846
97.mat,Normal,35,0.0112235076923076,0.0709867950737388,0.0700939223465323,0.2278079999999999
97.mat,Normal,36,0.0136298861538461,0.0738476930820428,0.072578977513966,0.213204923076923
97.mat,Normal,37,0.0104228418461538,0.0703829248416962,0.0696068996373342,0.1904658461538461
97.mat,Normal,38,0.0137392006153846,0.0715149692583008,0.0701827984228751,0.2309372307692307
97.mat,Normal,39,0.0136828744615384,0.0767476303483643,0.0755180621477998,0.2401163076923076
97.mat,Normal,40,0.012733883076923,0.0720523992520092,0.0709182378500353,0.225096
97.mat,Normal,41,0.0131494449230769,0.0705757488559919,0.0693399482607177,0.2063206153846153
97.mat,Normal,42,0.0144720664615384,0.0750003869172201,0.0735908780357018,0.2526332307692308
97.mat,Normal,43,0.0107380596923076,0.0726561260763589,0.0718582405188729,0.195264
97.mat,Normal,44,0.0154016566153846,0.0745500975242575,0.0729417988150695,0.2486695384615384
97.mat,Normal,45,0.0120410713846153,0.07096069618179,0.0699316309155942,0.2221753846153846
97.mat,Normal,46,0.0144553772307692,0.0757168732336086,0.0743242017205064,0.2246787692307692
97.mat,Normal,47,0.013674947076923,0.0748667901670074,0.073607282875773,0.2536763076923076
97.mat,Normal,48,0.0127804043076923,0.0744914083870222,0.0733868597857549,0.1900486153846153
97.mat,Normal,49,0.012100944,0.0747966907207737,0.0738113277017013,0.2436627692307692
97.mat,Normal,50,0.0145440387692307,0.0769414652355504,0.0755543513563086,0.3112541538461538
97.mat,Normal,51,0.0104762473846153,0.071720417644648,0.070951156071336,0.1981846153846153
97.mat,Normal,52,0.0158028239999999,0.0741145205441097,0.0724101713097565,0.2330233846153846
97.mat,Normal,53,0.0111221206153846,0.0685619982381311,0.0676538693307509,0.2526332307692308
97.mat,Normal,54,0.0133177975384615,0.07575546691258,0.0745756463992606,0.2286424615384615
97.mat,Normal,55,0.0150294867692307,0.0682728643715623,0.0665980370352705,0.2004793846153846
97.mat,Normal,56,0.0132750313846153,0.0736322497134082,0.0724256980608069,0.2052775384615384
97.mat,Normal,57,0.0116332283076923,0.0667020836002335,0.0656797986884373,0.1817039999999999
97.mat,Normal,58,0.0136818313846153,0.0782822374645321,0.077077339033054,0.2714086153846153
97.mat,Normal,59,0.0102565753846153,0.0705227592273875,0.0697729333654804,0.2580572307692307
97.mat,Normal,60,0.0158464246153846,0.077603722968388,0.0759686030242971,0.2601433846153846
97.mat,Normal,61,0.0128406941538461,0.070046563742772,0.0688595502876514,0.2645243076923076
97.mat,Normal,62,0.013690176,0.075356770446775,0.0741027795245021,0.2261390769230769
97.mat,Normal,63,0.0128340184615384,0.070107929390976,0.068923216216446,0.2330233846153846
97.mat,Normal,64,0.0120573433846153,0.0718032913188724,0.0707837065625157,0.2140393846153846
97.mat,Normal,65,0.0106191489230769,0.0690266391055991,0.068204916115806,0.214248
97.mat,Normal,66,0.0134079193846153,0.07562392317744,0.0744258386215635,0.2205064615384615
97.mat,Normal,67,0.0085382104615384,0.0711926022192197,0.0706787490895143,0.1973501538461538
97.mat,Normal,68,0.0131392227692307,0.075995694123541,0.074851228115104,0.2261390769230769
97.mat,Normal,69,0.0114271163076923,0.0689202397042897,0.0679663185245988,0.1904658461538461
97.mat,Normal,70,0.011789064,0.0739528777210067,0.0730071646704765,0.2157083076923077
97.mat,Normal,71,0.0112691944615384,0.0723704975489992,0.0714877204258027,0.2369870769230769
97.mat,Normal,72,0.0148196196923076,0.0757022879914269,0.0742375597612981,0.2109101538461538
97.mat,Normal,73,0.0108609341538461,0.0673227232493142,0.0664408697640961,0.2086153846153846
97.mat,Normal,74,0.0142338276923076,0.0734797354904201,0.0720879301753615,0.2303113846153846
97.mat,Normal,75,0.0084956529230769,0.071838336582263,0.0713342167849141,0.2259304615384615
97.mat,Normal,76,0.0151880344615384,0.0723999564571708,0.0707889631524248,0.1854590769230769
97.mat,Normal,77,0.0118560295384615,0.0713865459111473,0.0703951241259469,0.2278079999999999
97.mat,Normal,78,0.0125513446153846,0.0730575863385453,0.0719713461730421,0.192552
97.mat,Normal,79,0.0114135563076923,0.0709378353251415,0.0700136216248526,0.2461661538461538
97.mat,Normal,80,0.0119949673846153,0.0711742276938868,0.070156193206753,0.2459575384615384
97.mat,Normal,81,0.0105296529230769,0.0693248428309587,0.0685205096511743,0.2161255384615384
97.mat,Normal,82,0.0144635132307692,0.074775736858336,0.0733635986558081,0.200688
97.mat,Normal,83,0.010225283076923,0.0699450970857003,0.0691936427161111,0.187128
97.mat,Normal,84,0.0142455101538461,0.0721990715397182,0.0707797384260073,0.1938036923076923
97.mat,Normal,85,0.0135841993846153,0.0724399577303546,0.0711548803881686,0.2125790769230769
97.mat,Normal,86,0.0136868381538461,0.0728368705717854,0.0715393610262312,0.2257218461538461
97.mat,Normal,87,0.012563027076923,0.0757665186231659,0.0747177067028897,0.2328147692307692
97.mat,Normal,88,0.0149570972307692,0.0759717396123204,0.0744848337727321,0.2286424615384615
97.mat,Normal,89,0.013494912,0.0725739888057954,0.0713082828379422,0.2075723076923077
97.mat,Normal,90,0.0149625212307692,0.0719114106811413,0.0703375713582047,0.2209236923076923
97.mat,Normal,91,0.0100389895384615,0.0699243144383529,0.0691999164646917,0.1837901538461538
97.mat,Normal,92,0.0143408473846153,0.0768449455987287,0.0754949386406979,0.254928
97.mat,Normal,93,0.0127209489230769,0.0734289633392558,0.0723186705877136,0.2071550769230769
97.mat,Normal,94,0.0119503236923076,0.0728053764557106,0.0718179128386979,0.2628553846153846
97.mat,Normal,95,0.0108630203076923,0.0754440514181149,0.0746578842733561,0.2351095384615384
97.mat,Normal,96,0.013875635076923,0.0799440145964149,0.0787306307672171,0.2046516923076922
97.mat,Normal,97,0.011331779076923,0.0701824616706748,0.0692615962067547,0.200688
97.mat,Normal,98,0.0157135366153846,0.0783270960752711,0.0767347297292544,0.245748923076923
97.mat,Normal,99,0.0110682978461538,0.0710457798520162,0.070178313014563,0.218628923076923
97.mat,Normal,100,0.0151129329230769,0.074051840789213,0.072493271292814,0.2641070769230769
97.mat,Normal,101,0.0133618153846153,0.0690040390773606,0.0676980006988195,0.1938036923076923
97.mat,Normal,102,0.0153067366153846,0.0694336195783921,0.0677254113456988,0.1785747692307692
97.mat,Normal,103,0.0119190313846153,0.074351220799627,0.0733896499872253,0.1913003076923077
97.mat,Normal,104,0.0150474276923076,0.0707108633276174,0.0690912520684186,0.2100756923076923
97.mat,Normal,105,0.0109070381538461,0.068933496880395,0.0680651416722978,0.2079895384615384
97.mat,Normal,106,0.0143418904615384,0.0702408867423101,0.0687611252695537,0.2127876923076923
97.mat,Normal,107,0.0113165501538461,0.068516709059792,0.0675756991306762,0.205068923076923
97.mat,Normal,108,0.0119384326153846,0.0696814230340468,0.0686511073671628,0.1981846153846153
97.mat,Normal,109,0.0111106467692307,0.0713997078259966,0.0705299355310003,0.2180030769230769
97.mat,Normal,110,0.0126898652307692,0.0724794886918051,0.0713599579697916,0.237612923076923
97.mat,Normal,111,0.0099713981538461,0.073461374377186,0.072781486273932,0.2123704615384615
97.mat,Normal,112,0.0153851759999999,0.0716326783879837,0.0699609674924906,0.2207150769230769
97.mat,Normal,113,0.0101253563076923,0.0697053636969727,0.0689660415550256,0.2052775384615384
97.mat,Normal,114,0.0115018006153846,0.0686865087800118,0.0677166528336316,0.2355267692307692
97.mat,Normal,115,0.0135305852307692,0.0729157758406604,0.0716493798281487,0.2253046153846153
97.mat,Normal,116,0.013403747076923,0.075011372050324,0.0738041021974389,0.2486695384615384
97.mat,Normal,117,0.0097298215384615,0.0715359766389276,0.0708711967340392,0.2194633846153846
97.mat,Normal,118,0.0119023421538461,0.0697587923726209,0.0687358957498861,0.1954726153846153
97.mat,Normal,119,0.010229664,0.0790621570727893,0.0783975679179495,0.2419938461538461
97.mat,Normal,120,0.0116315593846153,0.0736068449351593,0.0726820091053539,0.2134135384615384
97.mat,Normal,121,0.01225824,0.0761202949485061,0.0751267918598283,0.235944
97.mat,Normal,122,0.0133234301538461,0.065507826451267,0.0641386118910045,0.1983932307692307
97.mat,Normal,123,0.0150059132307692,0.0761966557130729,0.0747044370166002,0.2371956923076923
97.mat,Normal,124,0.0125968227692307,0.0702129368537331,0.0690737038079391,0.2094498461538461
97.mat,Normal,125,0.0141866806153846,0.0747128895235329,0.0733536226376906,0.2205064615384615
97.mat,Normal,126,0.0145968184615384,0.0711119174492827,0.0695976845456406,0.2094498461538461
97.mat,Normal,127,0.0145052363076923,0.0777679812549444,0.0764032527326383,0.2113273846153845
97.mat,Normal,128,0.0139413489230769,0.0740884666930287,0.0727649619468673,0.2029827692307692
97.mat,Normal,129,0.0139761876923076,0.0729869033585362,0.0716362634386921,0.1981846153846153
97.mat,Normal,130,0.0150057046153846,0.0684897848812925,0.0668257395176555,0.2052775384615384
97.mat,Normal,131,0.0126911169230769,0.0802040155750064,0.0791935582329817,0.1954726153846153
97.mat,Normal,132,0.0142006578461538,0.0709404309971503,0.0695045758694915,0.2459575384615384
97.mat,Normal,133,0.0133530535384615,0.0763460753822474,0.075169270233725,0.2205064615384615
97.mat,Normal,134,0.0152952627692307,0.0725738622755045,0.0709437835360089,0.1983932307692307
97.mat,Normal,135,0.0109389563076923,0.0773967760914708,0.0766198419748545,0.1946381538461538
97.mat,Normal,136,0.0150194732307692,0.0736524431403191,0.0721047696370229,0.1940123076923077
97.mat,Normal,137,0.0129072424615384,0.0734623918606379,0.0723196108253147,0.1942209230769231
97.mat,Normal,138,0.0137521347692307,0.0760975231886386,0.0748445844716523,0.226764923076923
97.mat,Normal,139,0.0114200233846153,0.0716002592117538,0.0706836627876992,0.1935950769230769
97.mat,Normal,140,0.0131283747692307,0.0749947914673381,0.0738367423654928,0.2507556923076923
97.mat,Normal,141,0.0117185519999999,0.0775385872787332,0.0766479488062467,0.2148738461538461
97.mat,Normal,142,0.0155261999999999,0.0767641186317818,0.0751775699452587,0.2561796923076923
97.mat,Normal,143,0.012348779076923,0.0745648667008796,0.0735352092635174,0.2075723076923077
97.mat,Normal,144,0.0172606283076923,0.0751246225523014,0.0731148386037296,0.205068923076923
97.mat,Normal,145,0.0149652332307692,0.0812431465650034,0.0798529314310458,0.2653587692307692
97.mat,Normal,146,0.0147845723076923,0.0721079660852783,0.0705760242195199,0.1958898461538461
97.mat,Normal,147,0.0135270387692307,0.0771524214833072,0.075957325932879,0.2090326153846154
97.mat,Normal,148,0.0158094996923076,0.0796187061308798,0.078033313946252,0.238656
97.mat,Normal,149,0.0107875015384615,0.0764168706989436,0.07565162217677,0.2071550769230769
97.mat,Normal,150,0.0146650356923076,0.0729090453569722,0.0714189444265902,0.2353181538461538
97.mat,Normal,151,0.0117857261538461,0.0757452645211115,0.0748227355581156,0.2048603076923076
97.mat,Normal,152,0.0146500153846153,0.0764664241636924,0.0750499238747932,0.245748923076923
97.mat,Normal,153,0.0133839286153846,0.0755312234643381,0.0743359682309854,0.2313544615384615
97.mat,Normal,154,0.0120308492307692,0.0716136847922324,0.0705958817234244,0.2255132307692307
97.mat,Normal,155,0.0132393581538461,0.079283976802889,0.0781707641855651,0.2384473846153846
97.mat,Normal,156,0.014401763076923,0.0735605981476844,0.0721370280793524,0.2263476923076922
97.mat,Normal,157,0.0106297883076923,0.0743754912699397,0.0736119643955962,0.2033999999999999
97.mat,Normal,158,0.0142920313846153,0.0732355730788607,0.0718274808349167,0.2361526153846153
97.mat,Normal,159,0.0132785778461538,0.0774856202998415,0.076339378590835,0.2367784615384615
97.mat,Normal,160,0.0127418104615384,0.0716243171112534,0.0704818350202066,0.2282252307692307
97.mat,Normal,161,0.0127737286153846,0.0764269410133134,0.0753519022315495,0.2184203076923076
97.mat,Normal,162,0.0120231304615384,0.073521512034918,0.0725317659084998,0.2442886153846153
97.mat,Normal,163,0.0108930609230769,0.0806801486015018,0.0799414010515612,0.2584744615384615
97.mat,Normal,164,0.0123128972307692,0.0687905812884726,0.0676796619065911,0.2355267692307692
97.mat,Normal,165,0.0110751821538461,0.0760230604840356,0.0752120074563793,0.2453316923076923
97.mat,Normal,166,0.0115426892307692,0.0766780335009556,0.0758042686588002,0.23052
97.mat,Normal,167,0.0103711052307692,0.077016910682699,0.0763154290258474,0.2150824615384615
97.mat,Normal,168,0.0112241335384615,0.0728806846686173,0.0720112006848741,0.2090326153846154
97.mat,Normal,169,0.0127975107692307,0.0732733512193296,0.0721471254938314,0.2002707692307692
97.mat,Normal,170,0.012206712,0.0740251081808443,0.0730117307241429,0.2242615384615384
97.mat,Normal,171,0.0117688283076923,0.080167732886764,0.0792991808057788,0.2436627692307692
97.mat,Normal,172,0.0146687907692307,0.07512509179122,0.0736790743291999,0.2098670769230769
97.mat,Normal,173,0.0110317901538461,0.0726934677734714,0.0718515126001828,0.218628923076923
97.mat,Normal,174,0.0145655261538461,0.072477664198594,0.0709989947502483,0.2100756923076923
97.mat,Normal,175,0.0124330596923076,0.071409772616813,0.0703190916598932,0.2595175384615384
97.mat,Normal,176,0.0136436547692307,0.0728984953449628,0.0716103435831557,0.2309372307692307
97.mat,Normal,177,0.0131467329230769,0.0780119469218301,0.0768962110638991,0.2290596923076923
97.mat,Normal,178,0.0123281261538461,0.0673943773864031,0.0662572215598856,0.21696
97.mat,Normal,179,0.0096246793846153,0.0781028590889883,0.0775075618544263,0.233232
97.mat,Normal,180,0.0130313686153846,0.0757984655391396,0.0746698788675735,0.2107015384615384
97.mat,Normal,181,0.0057375489230769,0.0667597963660499,0.0665127878170186,0.213204923076923
97.mat,Normal,182,0.0093449261538461,0.0753865726127659,0.0748051314114145,0.2553452307692307
97.mat,Normal,183,0.0093263593846153,0.0747275117956571,0.0741432400141717,0.2090326153846154
97.mat,Normal,184,0.007838723076923,0.071104170657753,0.0706707683943664,0.1967243076923076
97.mat,Normal,185,0.0091915938461538,0.074280481595808,0.0737095960419844,0.2732861538461538
97.mat,Normal,186,0.0111867913846153,0.0761792530920466,0.0753533960759513,0.2123704615384615
97.mat,Normal,187,0.0093739236923076,0.0796851704859098,0.0791318895893388,0.2271821538461538
97.mat,Normal,188,0.0115946344615384,0.0741738766547459,0.0732620531359637,0.2094498461538461
97.mat,Normal,189,0.0091327643076923,0.0727725464712474,0.0721972031037907,0.2219667692307692
97.mat,Normal,190,0.0106786043076923,0.0766445592544819,0.0758970083294034,0.2584744615384615
97.mat,Normal,191,0.0113215569230769,0.074840977845863,0.0739796885216645,0.1975587692307692
97.mat,Normal,192,0.0104063612307692,0.0750323207204951,0.074307178648082,0.2165427692307692
97.mat,Normal,193,0.0101013655384615,0.0738463871236853,0.0731522474397033,0.2309372307692307
97.mat,Normal,194,0.0128732381538461,0.0728439566338468,0.0716974320147389,0.1812867692307692
97.mat,Normal,195,0.0120281372307692,0.0745858914742396,0.0736096401415251,0.2040258461538461
97.mat,Normal,196,0.0121361999999999,0.0782994077939816,0.077353150617465,0.2244701538461538
97.mat,Normal,197,0.0113766313846153,0.0701239848180467,0.0691949817913137,0.208824
97.mat,Normal,198,0.0135470658461538,0.0753109316712442,0.0740824772544141,0.241368
97.mat,Normal,199,0.0131517396923076,0.077267814004744,0.0761403101132212,0.2572227692307692
97.mat,Normal,200,0.015212651076923,0.0764735048364129,0.074945127854829,0.2269735384615384
97.mat,Normal,201,0.0132063969230769,0.0770933243987987,0.0759537474201803,0.2100756923076923
97.mat,Normal,202,0.0163535686153846,0.0794615476955216,0.0777605192608021,0.2561796923076923
97.mat,Normal,203,0.0115180726153846,0.0722498640674193,0.0713258498791798,0.2171686153846153
97.mat,Normal,204,0.0156440676923076,0.0778513294975411,0.0762633113008687,0.2597261538461538
97.mat,Normal,205,0.0108340227692307,0.0734966794785475,0.0726937813365637,0.2196719999999999
97.mat,Normal,206,0.0165436172307692,0.0805160172545712,0.0787980822321216,0.2451230769230769
97.mat,Normal,207,0.0132305963076923,0.0767427982927089,0.0755937061608854,0.2361526153846153
97.mat,Normal,208,0.0147173981538461,0.0754428815444053,0.0739934224597317,0.2242615384615384
97.mat,Normal,209,0.0133008996923076,0.0746367136513835,0.0734419845323762,0.2154996923076923
97.mat,Normal,210,0.0160779876923076,0.0790727691863957,0.0774209347565051,0.2265563076923076
97.mat,Normal,211,0.0131085563076923,0.0728287595902204,0.0716393325972415,0.2405335384615384
97.mat,Normal,212,0.0162553107692307,0.077971424292831,0.0762581659761655,0.2486695384615384
97.mat,Normal,213,0.0134694609230769,0.0698319470012468,0.0685206132811627,0.2228012307692307
97.mat,Normal,214,0.0137344024615384,0.072123394054346,0.0708036027257297,0.202356923076923
97.mat,Normal,215,0.0151559076923076,0.0757615145619231,0.074230085213064,0.2326061538461538
97.mat,Normal,216,0.0137982387692307,0.0770252614825837,0.0757792815572152,0.2225926153846154
97.mat,Normal,217,0.0120283458461538,0.0702412411454927,0.0692036910422022,0.2367784615384615
97.mat,Normal,218,0.0158378713846153,0.076700447370587,0.0750474546993605,0.2111187692307692
97.mat,Normal,219,0.0120458695384615,0.069434941781747,0.0683820748975707,0.2401163076923076
97.mat,Normal,220,0.0140679784615384,0.0753165128796211,0.0739910068478042,0.205068923076923
97.mat,Normal,221,0.0136102763076923,0.0698198808108559,0.0684804799579442,0.2008966153846154
97.mat,Normal,222,0.0148108578461538,0.0801631688779586,0.0787830701002261,0.2605606153846154
97.mat,Normal,223,0.0130052916923076,0.0697832378446943,0.068560649589157,0.2313544615384615
97.mat,Normal,224,0.0153180018461538,0.0798623678533,0.0783795676090206,0.2234270769230769
97.mat,Normal,225,0.0123018406153846,0.0731180915167688,0.0720757936101174,0.2344836923076922
97.mat,Normal,226,0.0152195353846153,0.075544476125272,0.073995497266511,0.2134135384615384
97.mat,Normal,227,0.0113178018461538,0.0730558572998474,0.0721738570895782,0.2474178461538461
97.mat,Normal,228,0.014279723076923,0.0707895215078301,0.0693343051032743,0.2234270769230769
97.mat,Normal,229,0.012967115076923,0.0721932791647499,0.071019176868937,0.2261390769230769
97.mat,Normal,230,0.01499736,0.075028797875637,0.0735146223801333,0.2280166153846153
97.mat,Normal,231,0.0123421033846153,0.0713676596902546,0.0702923561541898,0.2298941538461538
97.mat,Normal,232,0.016319147076923,0.0782081826594337,0.076486634607447,0.2290596923076923
97.mat,Normal,233,0.0118827323076923,0.0652034785063155,0.0641115768190681,0.2438713846153846
97.mat,Normal,234,0.0140389809230769,0.0751549840905368,0.0738320976831237,0.2121618461538461
97.mat,Normal,235,0.0111231636923076,0.066982445546502,0.0660524279710006,0.2152910769230769
97.mat,Normal,236,0.0127395156923076,0.0766816826244922,0.0756160379155692,0.243036923076923
97.mat,Normal,237,0.010263251076923,0.070472380028735,0.0697210299998967,0.2096584615384615
97.mat,Normal,238,0.0139240338461538,0.0743219034868397,0.0730059355077262,0.1975587692307692
97.mat,Normal,239,0.0112560516923076,0.0727530725116802,0.0718770537806739,0.2246787692307692
97.mat,Normal,240,0.0135130615384615,0.075077308222031,0.073851197537505,0.2165427692307692
97.mat,Normal,241,0.0101284855384615,0.0709847869112822,0.0702584781612676,0.2033999999999999
97.mat,Normal,242,0.0123176953846153,0.0766684996689779,0.0756725394175713,0.1981846153846153
97.mat,Normal,243,0.0116559673846153,0.0764492363707537,0.0755554376997457,0.2021483076923077
98.mat,Normal,1,0.0062935089230769,0.0654326202761265,0.065129252580042,0.1988104615384615
98.mat,Normal,2,0.0105421698461538,0.0683677080782039,0.0675500271117736,0.2042344615384615
98.mat,Normal,3,0.0076246836923076,0.0623331064178022,0.0618650172091249,0.2044430769230769
98.mat,Normal,4,0.0113595249230769,0.0646359917705957,0.0636299664127721,0.1823298461538461
98.mat,Normal,5,0.0083112369230769,0.0651888349046717,0.0646568444716955,0.2048603076923076
98.mat,Normal,6,0.0131997212307692,0.0622335067799796,0.0608175692178152,0.1635544615384615
98.mat,Normal,7,0.0085390449230769,0.0671864862888758,0.0666416435245033,0.2113273846153845
98.mat,Normal,8,0.0141472523076923,0.0638227411375967,0.0622350185864773,0.196932923076923
98.mat,Normal,9,0.0114894923076923,0.0665825520236389,0.0655837464658132,0.2115359999999999
98.mat,Normal,10,0.0127649667692307,0.0620126328573241,0.0606846130190982,0.1679353846153846
98.mat,Normal,11,0.0116728652307692,0.0621697577451025,0.0610640892455544,0.2278079999999999
98.mat,Normal,12,0.0154102098461538,0.0707517620642872,0.0690531481374963,0.2123704615384615
98.mat,Normal,13,0.0086243686153846,0.0632455669919595,0.0626547844152416,0.2054861538461538
98.mat,Normal,14,0.0131417261538461,0.0651855932689962,0.0638471346540181,0.2115359999999999
98.mat,Normal,15,0.0107384769230769,0.0666143794842343,0.065743141600034,0.2008966153846154
98.mat,Normal,16,0.0111646781538461,0.069822127544584,0.0689237220162492,0.210492923076923
98.mat,Normal,17,0.0094127261538461,0.0655950452222517,0.0649161809109405,0.1940123076923077
98.mat,Normal,18,0.0116073599999999,0.0666436394216154,0.0656250247176235,0.1848332307692307
98.mat,Normal,19,0.0089840215384615,0.0627624524569536,0.0621161234737634,0.1967243076923076
98.mat,Normal,20,0.011261267076923,0.0676603846698477,0.066716650976304,0.2234270769230769
98.mat,Normal,21,0.0100650664615384,0.0673005805128368,0.0665436892161055,0.1908830769230769
98.mat,Normal,22,0.0121249347692307,0.0673369328540733,0.0662363078910342,0.196932923076923
98.mat,Normal,23,0.007277339076923,0.0619790311112021,0.0615503097753605,0.2036086153846153
98.mat,Normal,24,0.0106758923076923,0.0642923491827796,0.063399775132685,0.1896313846153846
98.mat,Normal,25,0.0084620658461538,0.070460699294499,0.0699507225601364,0.2211323076923076
98.mat,Normal,26,0.0105592763076923,0.0636941990175375,0.0628128384356533,0.2384473846153846
98.mat,Normal,27,0.0109268566153846,0.0656521650682124,0.064736470267158,0.1883796923076923
98.mat,Normal,28,0.0108267212307692,0.066686270032877,0.0658015251972855,0.1835815384615384
98.mat,Normal,29,0.0064055353846153,0.0702022922541729,0.0699094482468339,0.2230098461538461
98.mat,Normal,30,0.0114723858461538,0.0671371160242949,0.0661496538997492,0.1714818461538461
98.mat,Normal,31,0.0079023507692307,0.0662404798912382,0.0657674237639089,0.1906744615384615
98.mat,Normal,32,0.0105911944615384,0.06342670636598,0.0625361789711694,0.1867107692307692
98.mat,Normal,33,0.0096609784615384,0.0641270696129758,0.063395161899889,0.2019396923076923
98.mat,Normal,34,0.0114329575384615,0.0626621423876738,0.0616103203249005,0.2513815384615384
98.mat,Normal,35,0.0080118738461538,0.0624883366049723,0.0619725914346789,0.2234270769230769
98.mat,Normal,36,0.0116227975384615,0.0644407277132425,0.0633838935818256,0.2271821538461538
98.mat,Normal,37,0.0090795673846153,0.0648280465962651,0.0641890729142878,0.2238443076923077
98.mat,Normal,38,0.0111657212307692,0.0732810626021844,0.0724254154665475,0.2271821538461538
98.mat,Normal,39,0.0083243796923076,0.0659493981179484,0.065421921516094,0.2171686153846153
98.mat,Normal,40,0.0107537058461538,0.0694946581908753,0.0686575948285475,0.232188923076923
98.mat,Normal,41,0.0088375735384615,0.0602682195430311,0.0596167390993443,0.1883796923076923
98.mat,Normal,42,0.0134909483076923,0.0657650743764545,0.0643664456180374,0.1900486153846153
98.mat,Normal,43,0.0106035027692307,0.0651054183912,0.0642361365036544,0.1814953846153846
98.mat,Normal,44,0.0123431464615384,0.0643714845033046,0.0631770112666641,0.2323975384615384
98.mat,Normal,45,0.0110221938461538,0.071513384578577,0.0706588665115798,0.2065292307692307
98.mat,Normal,46,0.0130854,0.0678765702810581,0.0666033114789304,0.1858763076923077
98.mat,Normal,47,0.0114967938461538,0.067411156902873,0.0664235485821316,0.2121618461538461
98.mat,Normal,48,0.0137704929230769,0.0703432235088477,0.0689821905876524,0.2042344615384615
98.mat,Normal,49,0.012614555076923,0.0600191421299792,0.0586785345951134,0.1810781538461538
98.mat,Normal,50,0.013551864,0.0638867675590808,0.0624328923827298,0.1944295384615384
98.mat,Normal,51,0.0130920756923076,0.0709363966524999,0.0697177877166773,0.2002707692307692
98.mat,Normal,52,0.015721464,0.0643143809829185,0.062363251766667,0.2027741538461538
98.mat,Normal,53,0.01191924,0.0669909655392621,0.0659220841729462,0.2067378461538461
98.mat,Normal,54,0.0129981987692307,0.063516498564246,0.0621722801465205,0.2044430769230769
98.mat,Normal,55,0.0114419279999999,0.0590402801367578,0.0579209544316187,0.200688
98.mat,Normal,56,0.0106423052307692,0.0698647827585525,0.0690494692903202,0.2056947692307692
98.mat,Normal,57,0.0095072289230769,0.0609792721737775,0.0602335806095557,0.1992276923076923
98.mat,Normal,58,0.0125598978461538,0.0653169079089776,0.0640979517994455,0.2194633846153846
98.mat,Normal,59,0.0086427267692307,0.0675271710789492,0.0669718008412354,0.2215495384615384
98.mat,Normal,60,0.0097813495384615,0.0680850987079179,0.0673788235818448,0.1869193846153846
98.mat,Normal,61,0.0087257556923076,0.0614867164392725,0.060864418883956,0.165432
98.mat,Normal,62,0.0117815538461538,0.0646853111164187,0.0636033368872896,0.1846246153846154
98.mat,Normal,63,0.0094719729230769,0.0583103451032468,0.0575358851066379,0.2000621538461538
98.mat,Normal,64,0.0116956043076923,0.0664818985697325,0.065445058463677,0.2040258461538461
98.mat,Normal,65,0.0078149409230769,0.0652379984771571,0.0647682263434346,0.1710646153846154
98.mat,Normal,66,0.008768939076923,0.0682848001733969,0.0677194185015344,0.1960984615384615
98.mat,Normal,67,0.007176995076923,0.0653132854916385,0.0649177633885988,0.2059033846153846
98.mat,Normal,68,0.0083938486153846,0.0658797482246425,0.0653428231067827,0.1938036923076923
98.mat,Normal,69,0.0070566239999999,0.0743669944924996,0.0740314387781981,0.2691138461538461
98.mat,Normal,70,0.010249691076923,0.0604863743065799,0.0596116205918219,0.1764886153846153
98.mat,Normal,71,0.0094940861538461,0.0670773124170606,0.0664020193156751,0.2405335384615384
98.mat,Normal,72,0.0091538344615384,0.0650990265955748,0.0644522348591739,0.1727335384615384
98.mat,Normal,73,0.010774776,0.0680886922271607,0.0672307534641315,0.205068923076923
98.mat,Normal,74,0.0129247661538461,0.0710002064011854,0.069813893523276,0.2232184615384615
98.mat,Normal,75,0.0080235563076923,0.0670728656556817,0.0665912295384491,0.2444972307692307
98.mat,Normal,76,0.0107714381538461,0.0669981560792998,0.066126613690133,0.21696
98.mat,Normal,77,0.0111538301538461,0.0656847434926551,0.0647308087435577,0.1867107692307692
98.mat,Normal,78,0.0110384658461538,0.0649679216828393,0.0640233013796605,0.1835815384615384
98.mat,Normal,79,0.0107117741538461,0.059427929249481,0.0584545692769891,0.1748196923076923
98.mat,Normal,80,0.0121336966153846,0.0720124640216411,0.0709828738564026,0.2513815384615384
98.mat,Normal,81,0.008383835076923,0.0664000045953545,0.0658685958531533,0.213204923076923
98.mat,Normal,82,0.011780928,0.0678234032488728,0.066792393007872,0.1781575384615384
98.mat,Normal,83,0.009967643076923,0.0673030458467698,0.0665608448845375,0.2144566153846153
98.mat,Normal,84,0.0084898116923076,0.0666281777663751,0.0660850752431806,0.1890055384615384
98.mat,Normal,85,0.0097694584615384,0.0639350727134632,0.0631842638973036,0.2432455384615384
98.mat,Normal,86,0.0107159464615384,0.0686840696595,0.0678429798610327,0.2177944615384615
98.mat,Normal,87,0.0082511556923076,0.0607931253442282,0.0602305779389534,0.1814953846153846
98.mat,Normal,88,0.0093445089230769,0.0648406017539463,0.0641637264254532,0.1800350769230769
98.mat,Normal,89,0.0093511846153846,0.0625188346330212,0.0618155322727229,0.1839987692307692
98.mat,Normal,90,0.0100694473846153,0.0639921046164471,0.0631949023467145,0.2090326153846154
98.mat,Normal,91,0.0081773058461538,0.0659498986544646,0.0654409718878976,0.200688
98.mat,Normal,92,0.010539875076923,0.0650457092164499,0.0641860991246065,0.1998535384615384
98.mat,Normal,93,0.0100813384615384,0.0638468163386603,0.0630458767201038,0.1879624615384615
98.mat,Normal,94,0.0101257735384615,0.06789206205074,0.0671327103560502,0.2157083076923077
98.mat,Normal,95,0.0102340449230769,0.0709668504064029,0.0702250537993188,0.2011052307692307
98.mat,Normal,96,0.0104017716923076,0.0633111766138257,0.0624508465105809,0.1850418461538461
98.mat,Normal,97,0.0112139113846153,0.0688633311296127,0.0679441429832233,0.2025655384615384
98.mat,Normal,98,0.0111219119999999,0.0689755211212638,0.0680729431375944,0.2094498461538461
98.mat,Normal,99,0.0098090953846153,0.0660032195056994,0.0652702584095777,0.1802436923076923
98.mat,Normal,100,0.0093712116923076,0.0726479523819432,0.072040997888057,0.2415766153846154
98.mat,Normal,101,0.0106506498461538,0.059131224674479,0.0581641245903206,0.2215495384615384
98.mat,Normal,102,0.011894832,0.0654228675970017,0.064332453523137,0.2065292307692307
98.mat,Normal,103,0.0101238959999999,0.06194680359672,0.0611139362636034,0.1814953846153846
98.mat,Normal,104,0.0123617132307692,0.066102593143621,0.0649364371236313,0.1881710769230769
98.mat,Normal,105,0.0119407273846153,0.066941483581818,0.0658679076156295,0.1942209230769231
98.mat,Normal,106,0.0120408627692307,0.0686597088676984,0.0675956599610482,0.2054861538461538
98.mat,Normal,107,0.0124852135384615,0.0655226139639569,0.0643220987186266,0.224052923076923
98.mat,Normal,108,0.0146418793846153,0.0675464259252631,0.0659403899242599,0.2296855384615384
98.mat,Normal,109,0.0130733003076923,0.0657898478096718,0.0644778480866466,0.2196719999999999
98.mat,Normal,110,0.0145901427692307,0.0660445693366969,0.0644128315853544,0.1917175384615384
98.mat,Normal,111,0.014610587076923,0.0658334236467222,0.0641916693529343,0.2015224615384615
98.mat,Normal,112,0.0126441784615384,0.0694807404778888,0.0683205536305767,0.1944295384615384
98.mat,Normal,113,0.0118639569230769,0.0700075976142748,0.0689950016294629,0.208824
98.mat,Normal,114,0.0132195396923076,0.0620652226442264,0.0606410391748104,0.206112
98.mat,Normal,115,0.0110733046153846,0.0601128754740801,0.0590841748919046,0.1904658461538461
98.mat,Normal,116,0.0124117809230769,0.0664747500626051,0.0653057431640079,0.2290596923076923
98.mat,Normal,117,0.011886696,0.0683396327334931,0.067297933551873,0.2127876923076923
98.mat,Normal,118,0.0115819089230769,0.0699543409259287,0.0689889063551424,0.1963070769230769
98.mat,Normal,119,0.0110995901538461,0.0657594045445333,0.064815880650256,0.1764886153846153
98.mat,Normal,120,0.0110793544615384,0.065441682871702,0.0644969903313016,0.1852504615384615
98.mat,Normal,121,0.0100277243076923,0.0667504002678671,0.0659928835642858,0.196932923076923
98.mat,Normal,122,0.0101305716923076,0.0668235154234121,0.0660511448101395,0.2257218461538461
98.mat,Normal,123,0.0117648646153846,0.0595445440275369,0.0583707176932831,0.1933864615384615
98.mat,Normal,124,0.0116874683076923,0.0667229087998335,0.0656913209127933,0.2071550769230769
98.mat,Normal,125,0.0127378467692307,0.0692521413637902,0.0680705982282658,0.199644923076923
98.mat,Normal,126,0.0128957686153846,0.0729406388033531,0.0717916146973982,0.2228012307692307
98.mat,Normal,127,0.0111383926153846,0.0659499666241929,0.0650025715466527,0.235944
98.mat,Normal,128,0.010276811076923,0.0643468051588956,0.0635208508148789,0.2111187692307692
98.mat,Normal,129,0.0137988646153846,0.0660478913732163,0.0645903653045442,0.1929692307692307
98.mat,Normal,130,0.0120143686153846,0.0662573801947126,0.0651590007369692,0.2011052307692307
98.mat,Normal,131,0.0102138092307692,0.0609757817663668,0.0601142584002917,0.1708559999999999
98.mat,Normal,132,0.0136015144615384,0.0697516384068629,0.0684126440418312,0.2019396923076923
98.mat,Normal,133,0.0114734289230769,0.0765182808921779,0.0756532070664644,0.2553452307692307
98.mat,Normal,134,0.0113499286153846,0.0634180791298025,0.0623941654398836,0.1973501538461538
98.mat,Normal,135,0.0129712873846153,0.0645625418767986,0.0632460869712829,0.1904658461538461
98.mat,Normal,136,0.011876891076923,0.0605766367637084,0.0594009122821289,0.2102843076923076
98.mat,Normal,137,0.0118952492307692,0.0645268454897343,0.0634209494930021,0.195264
98.mat,Normal,138,0.0105012812307692,0.065475988191099,0.0646283848019834,0.1825384615384615
98.mat,Normal,139,0.011781971076923,0.0641574971724527,0.0630663904229172,0.2081981538461538
98.mat,Normal,140,0.0108442449230769,0.0652365385087835,0.0643289072552637,0.1787833846153846
98.mat,Normal,141,0.0129877679999999,0.0664529364559181,0.0651713943842885,0.1906744615384615
98.mat,Normal,142,0.0118992129230769,0.0645079907385564,0.0634010220811696,0.1794092307692308
98.mat,Normal,143,0.0123612959999999,0.0653029042024409,0.0641222867533088,0.1877538461538461
98.mat,Normal,144,0.0116186252307692,0.0669139431429414,0.0658975214608541,0.2323975384615384
98.mat,Normal,145,0.0115566664615384,0.060173197071952,0.0590530025160171,0.1919261538461538
98.mat,Normal,146,0.0088315236923076,0.0662716244989776,0.0656805329074429,0.1919261538461538
98.mat,Normal,147,0.010301219076923,0.0610078102948833,0.0601318368462639,0.168144
98.mat,Normal,148,0.011596512,0.064686669824914,0.0636387159084098,0.2275993846153846
98.mat,Normal,149,0.0088548886153846,0.0679632801816758,0.0673839624885781,0.2323975384615384
98.mat,Normal,150,0.0091396486153846,0.0661370985261409,0.0655025390702053,0.187128
98.mat,Normal,151,0.0102680492307692,0.0655684691712185,0.0647594882194998,0.2011052307692307
98.mat,Normal,152,0.0107708123076923,0.069207544346977,0.0683642728094964,0.1894227692307692
98.mat,Normal,153,0.0091778252307692,0.0613388874839317,0.0606483853189835,0.2033999999999999
98.mat,Normal,154,0.0089195593846153,0.0719812092742724,0.0714264373252014,0.2342750769230769
98.mat,Normal,155,0.010134744,0.0678452361537182,0.067083999827144,0.2328147692307692
98.mat,Normal,156,0.0088008572307692,0.0671049495647318,0.0665253272678069,0.1998535384615384
98.mat,Normal,157,0.0133958196923076,0.0739039534798543,0.07267975202712,0.3079163076923077
98.mat,Normal,158,0.0093724633846153,0.0616870983099009,0.0609709359285178,0.2011052307692307
98.mat,Normal,159,0.0119899606153846,0.0671694391025797,0.0660906528474087,0.2244701538461538
98.mat,Normal,160,0.011348051076923,0.065284392911617,0.064290541252924,0.2559710769230769
98.mat,Normal,161,0.0122242356923076,0.0638396901034521,0.0626583920496186,0.1723163076923076
98.mat,Normal,162,0.0118522744615384,0.0643584676015377,0.0632576947264642,0.1960984615384615
98.mat,Normal,163,0.0144336812307692,0.0716238528879502,0.0701544378399776,0.2188375384615384
98.mat,Normal,164,0.0116401126153846,0.0706584086410826,0.0696930304262297,0.2313544615384615
98.mat,Normal,165,0.0113770486153846,0.0708192647346607,0.069899435064678,0.2572227692307692
98.mat,Normal,166,0.0136094418461538,0.0644265541639367,0.0629727240483912,0.238656
98.mat,Normal,167,0.0130541076923076,0.0620261880193189,0.0606369381859402,0.1910916923076923
98.mat,Normal,168,0.0129646116923076,0.0677450277800689,0.0664929141532389,0.1837901538461538
98.mat,Normal,169,0.0154819735384615,0.0660588226359973,0.0642189733911134,0.1896313846153846
98.mat,Normal,170,0.014881787076923,0.0748207591046367,0.0733258372362103,0.2079895384615384
98.mat,Normal,171,0.0146362467692307,0.0653861802595578,0.0637270182061389,0.1837901538461538
98.mat,Normal,172,0.0124140756923076,0.0734947170979135,0.072438692464787,0.205068923076923
98.mat,Normal,173,0.0144616356923076,0.067995153240512,0.0664394608444686,0.2309372307692307
98.mat,Normal,174,0.0100193796923076,0.0637809139993581,0.0629890230212763,0.1858763076923077
98.mat,Normal,175,0.0112278886153846,0.0604725153709403,0.0594210369526578,0.1998535384615384
98.mat,Normal,176,0.0111828276923076,0.0677392313485229,0.0668097884182614,0.2021483076923077
98.mat,Normal,177,0.0112107821538461,0.0681005133244516,0.0671714096811495,0.1933864615384615
98.mat,Normal,178,0.011816184,0.0722358250207597,0.0712628389282097,0.2292683076923077
98.mat,Normal,179,0.0145446646153846,0.0663815065144662,0.0647684887762259,0.2225926153846154
98.mat,Normal,180,0.010903283076923,0.0674049895641912,0.066517298774779,0.1944295384615384
98.mat,Normal,181,0.014100731076923,0.0739619996046548,0.0726054183144429,0.2903926153846153
98.mat,Normal,182,0.0138612406153846,0.0646891510173902,0.0631866462787283,0.1708559999999999
98.mat,Normal,183,0.012602664,0.062730387031774,0.0614513980089897,0.1677267692307692
98.mat,Normal,184,0.0130561938461538,0.0655627365349844,0.064249577618903,0.1896313846153846
98.mat,Normal,185,0.0146898609230769,0.064662399847519,0.0629716915772562,0.1986018461538461
98.mat,Normal,186,0.0100510892307692,0.0647830145712529,0.0639985514071552,0.2154996923076923
98.mat,Normal,187,0.0135944215384615,0.0613414845798411,0.0598161302116201,0.184416
98.mat,Normal,188,0.0119705593846153,0.0627906722330788,0.0616390641355085,0.2455403076923076
98.mat,Normal,189,0.0132412356923076,0.0689358848773574,0.0676522423956888,0.2490867692307692
98.mat,Normal,190,0.0118047101538461,0.0701380485289299,0.069137505520739,0.2336492307692307
98.mat,Normal,191,0.0157817538461538,0.0655817134177786,0.0636545157891492,0.2232184615384615
98.mat,Normal,192,0.0146934073846153,0.0673115766602232,0.0656882952428729,0.1923433846153846
98.mat,Normal,193,0.0161330621538461,0.0632050958331916,0.0611114428304803,0.218628923076923
98.mat,Normal,194,0.0142348707692307,0.0663765784390635,0.0648322344166885,0.1860849230769231
98.mat,Normal,195,0.0172994307692307,0.0646253589165186,0.0622668989925581,0.1873366153846154
98.mat,Normal,196,0.0155305809230769,0.0673415004788792,0.0655261683828579,0.2017310769230769
98.mat,Normal,197,0.01685508,0.0643339753830816,0.06208676724379,0.2027741538461538
98.mat,Normal,198,0.0146414621538461,0.0684442330024117,0.0668598580411738,0.2296855384615384
98.mat,Normal,199,0.0169529206153846,0.0711949874905488,0.0691471237752364,0.1860849230769231
98.mat,Normal,200,0.0179876529230769,0.0684658396462739,0.0660606958848317,0.1960984615384615
98.mat,Normal,201,0.0165417396923076,0.0653380996724195,0.0632094780610863,0.2011052307692307
98.mat,Normal,202,0.0143126843076923,0.0670479843705009,0.0655025135094468,0.205068923076923
98.mat,Normal,203,0.0172773175384615,0.0699776738949798,0.0678112759239,0.2069464615384615
98.mat,Normal,204,0.0155184812307692,0.0648602837695547,0.0629764491771125,0.2315630769230769
98.mat,Normal,205,0.0161180418461538,0.0647158971816649,0.0626765991026433,0.2027741538461538
98.mat,Normal,206,0.0155503993846153,0.0693274571491794,0.0675609457730593,0.2244701538461538
98.mat,Normal,207,0.0194890578461538,0.0707068561999893,0.0679679052049953,0.2180030769230769
98.mat,Normal,208,0.013989539076923,0.0690636847601479,0.0676319846601024,0.2200892307692307
98.mat,Normal,209,0.0164489058461538,0.0736136375447533,0.0717523597454096,0.2424110769230769
98.mat,Normal,210,0.014880744,0.065106045738042,0.0633826525924127,0.1879624615384615
98.mat,Normal,211,0.0156136098461538,0.0665645659349023,0.0647074696281198,0.1973501538461538
98.mat,Normal,212,0.0139547003076923,0.066692518517071,0.065216243110688,0.1940123076923077
98.mat,Normal,213,0.0161964812307692,0.0613469888109852,0.0591703222225169,0.172524923076923
98.mat,Normal,214,0.0132157846153846,0.0660408408658189,0.0647049897555373,0.2048603076923076
98.mat,Normal,215,0.0168054295384615,0.0653013883701601,0.0631018926903012,0.1971415384615384
98.mat,Normal,216,0.0133887267692307,0.0719047508142359,0.0706472588651269,0.2052775384615384
98.mat,Normal,217,0.0129203852307692,0.0657826988567281,0.0645013729649493,0.1708559999999999
98.mat,Normal,218,0.0154807218461538,0.0646240450495879,0.0627424453595266,0.2086153846153846
98.mat,Normal,219,0.015443171076923,0.0637416484994104,0.0618425922848588,0.2004793846153846
98.mat,Normal,220,0.0135418504615384,0.0666556955734653,0.0652656114539641,0.2269735384615384
98.mat,Normal,221,0.0163293692307692,0.0652110646906834,0.0631334670251658,0.1988104615384615
98.mat,Normal,222,0.0156461538461538,0.0712989973401052,0.06956108748091,0.2641070769230769
98.mat,Normal,223,0.0165210867692307,0.0650866339560791,0.0629549331799834,0.1875452307692307
98.mat,Normal,224,0.0157108246153846,0.0692458451146522,0.0674400256194126,0.1908830769230769
98.mat,Normal,225,0.0201242916923076,0.0739767355884855,0.0711868688187057,0.2630639999999999
98.mat,Normal,226,0.0157156227692307,0.0631341231434998,0.0611468454302741,0.1931778461538461
98.mat,Normal,227,0.0191838535384615,0.0696856390132328,0.0669930447740469,0.2232184615384615
98.mat,Normal,228,0.0181691483076923,0.064570957228846,0.0619620090638009,0.214248
98.mat,Normal,229,0.0186877661538461,0.0706745160519656,0.0681590391317154,0.2234270769230769
98.mat,Normal,230,0.0161497513846153,0.0700001349032302,0.0681117054307521,0.207780923076923
98.mat,Normal,231,0.0204345027692307,0.0648538074194349,0.0615503650141204,0.1879624615384615
98.mat,Normal,232,0.0167474344615384,0.0702212954400626,0.0681949688190928,0.2705741538461538
98.mat,Normal,233,0.0188398467692307,0.0694476043878939,0.0668433237423852,0.2307286153846153
98.mat,Normal,234,0.0179135944615384,0.0658714244275883,0.0633888609267197,0.214248
98.mat,Normal,235,0.0175960818461538,0.0621681858193079,0.0596260113685919,0.1958898461538461
98.mat,Normal,236,0.0145598935384615,0.0647989880296786,0.0631420489833763,0.1906744615384615
98.mat,Normal,237,0.0181140738461538,0.0636522692932658,0.0610204204744487,0.1771144615384615
98.mat,Normal,238,0.0155345446153846,0.0723919014280706,0.0707054829271685,0.2232184615384615
98.mat,Normal,239,0.0169514603076923,0.0629544577876266,0.0606292977756694,0.1950553846153846
98.mat,Normal,240,0.0150269833846153,0.0622478734500675,0.0604068499378515,0.2165427692307692
98.mat,Normal,241,0.0181201236923076,0.0653702753865922,0.0628087097582364,0.1944295384615384
98.mat,Normal,242,0.0137022756923076,0.0647214617441176,0.063254369423363,0.199644923076923
98.mat,Normal,243,0.0170002763076923,0.068813376012661,0.0666803668535349,0.200688
98.mat,Normal,244,0.0169404036923076,0.0661944090781809,0.0639900188775656,0.2067378461538461
98.mat,Normal,245,0.0162331975384615,0.066431263088347,0.0644173580115675,0.224052923076923
98.mat,Normal,246,0.0146266504615384,0.0710630757511163,0.0695415115703194,0.2309372307692307
98.mat,Normal,247,0.0174494252307692,0.0679425949656809,0.0656636411554093,0.2361526153846153
98.mat,Normal,248,0.0128208756923076,0.068027778103479,0.066808710062226,0.2221753846153846
98.mat,Normal,249,0.0150246886153846,0.0636217841140937,0.0618222463670731,0.2086153846153846
98.mat,Normal,250,0.0127055113846153,0.0686292541994652,0.0674428981615575,0.1998535384615384
98.mat,Normal,251,0.0152954713846153,0.071447009486707,0.0697905704211967,0.2163341538461538
98.mat,Normal,252,0.0119914209230769,0.0679609726363866,0.0668946905660627,0.2056947692307692
98.mat,Normal,253,0.0130941618461538,0.0652867713955957,0.0639601864037895,0.2138307692307692
98.mat,Normal,254,0.0094060504615384,0.0639156964749628,0.0632197949268626,0.187128
98.mat,Normal,255,0.011613827076923,0.0679935918177076,0.0669943844579556,0.2163341538461538
98.mat,Normal,256,0.0107232479999999,0.0653290653425475,0.0644429882210728,0.205068923076923
98.mat,Normal,257,0.0090050916923076,0.0638081056617619,0.0631694757913639,0.1825384615384615
98.mat,Normal,258,0.0085778473846153,0.0694826289459407,0.0689511149981313,0.1960984615384615
98.mat,Normal,259,0.0130173913846153,0.0698378539031944,0.068613944350574,0.2382387692307692
98.mat,Normal,260,0.006480011076923,0.0662297152907447,0.0659119461398012,0.199644923076923
98.mat,Normal,261,0.0097748824615384,0.0613012628425759,0.060516910851081,0.1781575384615384
98.mat,Normal,262,0.0091421519999999,0.0600596036748174,0.0593597258280817,0.2134135384615384
98.mat,Normal,263,0.0085611581538461,0.064732416650049,0.0641637930333017,0.2284338461538461
98.mat,Normal,264,0.0060012387692307,0.0677933711628116,0.0675272264116736,0.226764923076923
98.mat,Normal,265,0.0095212061538461,0.0665517291582477,0.0658671335897404,0.173568
98.mat,Normal,266,0.0047295193846153,0.0626310008626792,0.0624521730242548,0.2033999999999999
98.mat,Normal,267,0.0078408092307692,0.0658021281838331,0.0653333129737677,0.1967243076923076
98.mat,Normal,268,0.0054976412307692,0.0637574483861421,0.0635199824119097,0.1846246153846154
98.mat,Normal,269,0.0069285341538461,0.0637099662700085,0.0633321025752707,0.2015224615384615
98.mat,Normal,270,0.0068338227692307,0.0601954441654985,0.0598062736227596,0.2238443076923077
98.mat,Normal,271,0.0096657766153846,0.0686299806000439,0.0679459123096003,0.2269735384615384
98.mat,Normal,272,0.0071131587692307,0.0636321985824195,0.0632333746431122,0.1979759999999999
98.mat,Normal,273,0.0108934781538461,0.0713605124139906,0.0705241438494576,0.2094498461538461
98.mat,Normal,274,0.0088513421538461,0.0724250145241182,0.0718821011858605,0.226764923076923
98.mat,Normal,275,0.0099401058461538,0.0627547956564959,0.0619625586435536,0.1856676923076923
98.mat,Normal,276,0.0068632375384615,0.0678080851292863,0.0674598575405492,0.2246787692307692
98.mat,Normal,277,0.0132716935384615,0.0670200552208404,0.0656928455193231,0.1998535384615384
98.mat,Normal,278,0.0090226153846153,0.0624519866980809,0.0617967883806155,0.1904658461538461
98.mat,Normal,279,0.0106181058461538,0.0670084552858509,0.0661618387594824,0.2246787692307692
98.mat,Normal,280,0.0111073089230769,0.0667487569149527,0.0658181148178735,0.2301027692307692
98.mat,Normal,281,0.0142891107692307,0.0623939470625569,0.0607357056719506,0.1775316923076923
98.mat,Normal,282,0.0094640455384615,0.0689726928121186,0.0683203058819324,0.1965156923076922
98.mat,Normal,283,0.0131237852307692,0.0653616892874681,0.0640305918114784,0.1940123076923077
98.mat,Normal,284,0.0100037335384615,0.0639191019197523,0.0631314256572679,0.2086153846153846
98.mat,Normal,285,0.010510043076923,0.0701670457588799,0.0693754517466371,0.2119532307692307
98.mat,Normal,286,0.0083704836923076,0.0655887406224,0.0650524242376045,0.1785747692307692
98.mat,Normal,287,0.0099104824615384,0.0672112732415711,0.0664765942880099,0.1875452307692307
98.mat,Normal,288,0.0078489452307692,0.062913343502181,0.0624218138905608,0.2033999999999999
98.mat,Normal,289,0.0117112504615384,0.0677725650566284,0.0667530312943318,0.2384473846153846
98.mat,Normal,290,0.0098948363076923,0.0685290332834273,0.0678109181268404,0.2027741538461538
98.mat,Normal,291,0.0115940086153846,0.0651387673491662,0.0640986581450438,0.1929692307692307
98.mat,Normal,292,0.0088183809230769,0.0586942189256603,0.0580279888776861,0.2094498461538461
98.mat,Normal,293,0.0129153784615384,0.0643338296023774,0.0630240797672046,0.1821212307692307
98.mat,Normal,294,0.0090501526153846,0.062310278741586,0.0616495383153223,0.1875452307692307
98.mat,Normal,295,0.0111048055384615,0.0695631736548323,0.0686710886973936,0.213204923076923
98.mat,Normal,296,0.0102774369230769,0.0636044828620322,0.0627686588230044,0.1929692307692307
98.mat,Normal,297,0.0125283969230769,0.0636395073912956,0.0623941196872318,0.1919261538461538
98.mat,Normal,298,0.0089266523076923,0.0731499534299747,0.0726032407361066,0.2136221538461538
98.mat,Normal,299,0.0135099323076923,0.0666111562614925,0.0652267419662713,0.2109101538461538
98.mat,Normal,300,0.0104485015384615,0.0656149187932113,0.0647776688669828,0.175236923076923
98.mat,Normal,301,0.0121228486153846,0.0606789650469668,0.0594556417896527,0.1758627692307692
98.mat,Normal,302,0.0107914652307692,0.0682758357692409,0.0674176091845554,0.1994363076923077
98.mat,Normal,303,0.0144076043076923,0.0713786106487543,0.0699094199393717,0.2052775384615384
98.mat,Normal,304,0.0078093083076923,0.0712451580887005,0.0708158686654293,0.2309372307692307
98.mat,Normal,305,0.0119163193846153,0.065671745010152,0.0645815718684694,0.1835815384615384
98.mat,Normal,306,0.009696443076923,0.0644719728742772,0.0637386403836599,0.1958898461538461
98.mat,Normal,307,0.0112118252307692,0.0658163625727234,0.0648543642116617,0.1906744615384615
98.mat,Normal,308,0.0109477181538461,0.0639661042613379,0.0630222973367069,0.2140393846153846
98.mat,Normal,309,0.0107416061538461,0.0656297733551187,0.0647447684981567,0.2184203076923076
98.mat,Normal,310,0.0101476781538461,0.0661989286536895,0.0654165329483475,0.224052923076923
98.mat,Normal,311,0.0139505279999999,0.0743666620919433,0.0730464454933879,0.1960984615384615
98.mat,Normal,312,0.0104643563076923,0.0693858479262943,0.0685922236081941,0.2042344615384615
98.mat,Normal,313,0.0119146504615384,0.0609907558135793,0.0598156618210567,0.1656406153846154
98.mat,Normal,314,0.0095910923076923,0.0657204973366625,0.0650168802583113,0.2428283076923076
98.mat,Normal,315,0.0112301833846153,0.0670558152204931,0.0661087387266829,0.2019396923076923
98.mat,Normal,316,0.008767896,0.0674766592144772,0.0669045853322467,0.2096584615384615
98.mat,Normal,317,0.0130710055384615,0.0700643830291495,0.0688343415997341,0.2086153846153846
98.mat,Normal,318,0.0112162061538461,0.0600700438142795,0.0590136160844587,0.2188375384615384
98.mat,Normal,319,0.0118295353846153,0.0665911865747003,0.0655320396600829,0.1883796923076923
98.mat,Normal,320,0.0096618129230769,0.0660892965559192,0.0653792359262151,0.1817039999999999
98.mat,Normal,321,0.012844032,0.0633880549531582,0.0620731532365449,0.1885883076923076
98.mat,Normal,322,0.0098493581538461,0.0610174748100774,0.0602172929992348,0.1835815384615384
98.mat,Normal,323,0.0106187316923076,0.0672719249289711,0.0664285663016741,0.2209236923076923
98.mat,Normal,324,0.0107280461538461,0.0711252286983238,0.0703115010727962,0.214248
98.mat,Normal,325,0.0128557144615384,0.061903157756076,0.0605535428018627,0.1679353846153846
98.mat,Normal,326,0.0116098633846153,0.0677638716693641,0.0667619156092201,0.2248873846153846
98.mat,Normal,327,0.0149137052307692,0.0629375449499472,0.0611450403599208,0.1883796923076923
98.mat,Normal,328,0.0111000073846153,0.0672650628919338,0.0663428859932796,0.2048603076923076
98.mat,Normal,329,0.0143272873846153,0.0665856766303484,0.0650260037871001,0.1923433846153846
98.mat,Normal,330,0.012629784,0.0622346018864092,0.0609395949122834,0.1731507692307692
98.mat,Normal,331,0.0133655704615384,0.0687545202619124,0.0674429060960704,0.2415766153846154
98.mat,Normal,332,0.0126585729230769,0.064990755714405,0.063746049759029,0.1831643076923076
98.mat,Normal,333,0.0169433243076923,0.0657628094803468,0.0635426696964548,0.1712732307692308
98.mat,Normal,334,0.0120162461538461,0.0708499396009093,0.0698235187442073,0.206112
98.mat,Normal,335,0.0142682492307692,0.0637252245906241,0.0621073370304519,0.2238443076923077
98.mat,Normal,336,0.0134283636923076,0.0669193109485444,0.0655581667404991,0.1960984615384615
98.mat,Normal,337,0.0139348818461538,0.0637518194769849,0.0622102367344781,0.2067378461538461
98.mat,Normal,338,0.0124053138461538,0.0673520489409954,0.0661997483751159,0.2328147692307692
98.mat,Normal,339,0.0150328246153846,0.0693539491422128,0.0677051286514081,0.2315630769230769
98.mat,Normal,340,0.012385704,0.0668372916923309,0.0656796612140327,0.2230098461538461
98.mat,Normal,341,0.0133945679999999,0.0649280317851984,0.0635313690989979,0.2096584615384615
98.mat,Normal,342,0.0133893526153846,0.0728190167331466,0.0715774715572098,0.2278079999999999
98.mat,Normal,343,0.0149187119999999,0.0646487831520336,0.0629038726574106,0.2211323076923076
98.mat,Normal,344,0.0145678209230769,0.065851657016828,0.0642200850623473,0.2044430769230769
98.mat,Normal,345,0.0170903981538461,0.067991911623993,0.0658089533211696,0.2196719999999999
98.mat,Normal,346,0.014232576,0.062246468849036,0.0605974971808096,0.2036086153846153
98.mat,Normal,347,0.0164153187692307,0.0721187696308955,0.0702257377517582,0.2228012307692307
98.mat,Normal,348,0.0147582867692307,0.0715920628395188,0.0700543819704003,0.2127876923076923
98.mat,Normal,349,0.0177416953846153,0.064940283465234,0.0624697739824986,0.1935950769230769
98.mat,Normal,350,0.0132283015384615,0.0710634569809292,0.0698213932579973,0.2428283076923076
98.mat,Normal,351,0.0157281396923076,0.0615760638163958,0.0595334969318963,0.1854590769230769
98.mat,Normal,352,0.015974723076923,0.0667482926873204,0.0648085086951382,0.2138307692307692
98.mat,Normal,353,0.0153240516923076,0.0600646247179196,0.0580769539682997,0.1865021538461538
98.mat,Normal,354,0.0133881009230769,0.0620083078726538,0.0605457595451847,0.2025655384615384
98.mat,Normal,355,0.0185325563076923,0.0723996084133174,0.0699874821314777,0.2244701538461538
98.mat,Normal,356,0.0127639236923076,0.0672167574788332,0.0659937477185924,0.2177944615384615
98.mat,Normal,357,0.013427112,0.0670405145164563,0.0656821379826406,0.1983932307692307
98.mat,Normal,358,0.0134615335384615,0.0657437303008864,0.064350797886806,0.1837901538461538
98.mat,Normal,359,0.014613299076923,0.062439612349608,0.0607054913534,0.2438713846153846
98.mat,Normal,360,0.0133518018461538,0.0664082526362118,0.065052174488298,0.2261390769230769
98.mat,Normal,361,0.0162158824615384,0.068458467287001,0.066510201467737,0.1963070769230769
98.mat,Normal,362,0.0120291803076923,0.063731175776113,0.0625856340299501,0.2002707692307692
98.mat,Normal,363,0.0139932941538461,0.0694571133773273,0.0680329208356869,0.208824
98.mat,Normal,364,0.014030219076923,0.0674433734873074,0.0659678829431564,0.1854590769230769
98.mat,Normal,365,0.0133613981538461,0.0565297206670024,0.0549279742759891,0.17628
98.mat,Normal,366,0.0133718289230769,0.0732261806223627,0.0719949145411733,0.2248873846153846
98.mat,Normal,367,0.0150593187692307,0.0641644246501795,0.0623721917916571,0.1904658461538461
98.mat,Normal,368,0.0141399507692307,0.0714841691224729,0.0700717362948432,0.235944
98.mat,Normal,369,0.0162336147692307,0.0690875087720558,0.0671532100487617,0.2438713846153846
98.mat,Normal,370,0.0143178996923076,0.069455355800589,0.0679635505089855,0.2079895384615384
98.mat,Normal,371,0.0148740683076923,0.0647796652912252,0.0630489264557397,0.2188375384615384
98.mat,Normal,372,0.0132228775384615,0.0649872008357709,0.0636277595242177,0.1906744615384615
98.mat,Normal,373,0.016083203076923,0.0627340562670869,0.0606373844629572,0.1992276923076923
98.mat,Normal,374,0.0148219144615384,0.064374088717097,0.0626445061426101,0.2044430769230769
98.mat,Normal,375,0.013880016,0.0675212669983876,0.0660792452507388,0.2038172307692307
98.mat,Normal,376,0.0159826504615384,0.0654803679332348,0.0634998698336941,0.1869193846153846
98.mat,Normal,377,0.0164382664615384,0.0708628425210526,0.068929861786478,0.2117446153846153
98.mat,Normal,378,0.0136595095384615,0.0682711696958841,0.0668907348652479,0.1975587692307692
98.mat,Normal,379,0.0163619132307692,0.0639630115817697,0.0618348982859872,0.2238443076923077
98.mat,Normal,380,0.0159524012307692,0.0730257490841666,0.071262058097393,0.2209236923076923
98.mat,Normal,381,0.0144457809230769,0.0684798625779852,0.0669388601054888,0.2269735384615384
98.mat,Normal,382,0.0150874818461538,0.060702589734243,0.0587977235272405,0.1664750769230769
98.mat,Normal,383,0.0169514603076923,0.0712531558546068,0.0692073710863057,0.2401163076923076
98.mat,Normal,384,0.0135059686153846,0.0642853014468721,0.0628505273953645,0.1875452307692307
98.mat,Normal,385,0.0174206363076923,0.0730674090633016,0.070960324815061,0.2365698461538461
98.mat,Normal,386,0.015626544,0.0657979114043358,0.0639153836551803,0.2004793846153846
98.mat,Normal,387,0.0134133433846153,0.0627485347833012,0.061298130776538,0.2184203076923076
98.mat,Normal,388,0.0152756529230769,0.0702096153936753,0.0685276916399604,0.199644923076923
98.mat,Normal,389,0.0152946369230769,0.0676423966164227,0.0658905752092414,0.2029827692307692
98.mat,Normal,390,0.0129712873846153,0.0719755868095813,0.0707971101117078,0.2361526153846153
98.mat,Normal,391,0.0149798363076923,0.0686510390697635,0.0669967885017852,0.1877538461538461
98.mat,Normal,392,0.0151765606153846,0.0619941678925723,0.0601078103126374,0.1710646153846154
98.mat,Normal,393,0.0129009839999999,0.0632723125910455,0.0619431202996,0.1750283076923076
98.mat,Normal,394,0.0147292892307692,0.0678313585525883,0.0662128480118937,0.1921347692307692
98.mat,Normal,395,0.0162682449230769,0.064749458187666,0.0626724544175436,0.1990190769230769
98.mat,Normal,396,0.014080704,0.067990595923319,0.0665165761962567,0.1898399999999999
98.mat,Normal,397,0.0153922689230769,0.067426080463969,0.0656456730038874,0.2238443076923077
98.mat,Normal,398,0.013940723076923,0.0633360695059294,0.0617827964772757,0.2117446153846153
98.mat,Normal,399,0.0166508455384615,0.0699935680044303,0.0679841812839215,0.2044430769230769
98.mat,Normal,400,0.013129835076923,0.0607832483076547,0.0593482156908092,0.1746110769230769
98.mat,Normal,401,0.0160996836923076,0.0659358973766641,0.0639401497329622,0.2150824615384615
98.mat,Normal,402,0.0144603839999999,0.0688449879399095,0.0673092093180334,0.205068923076923
98.mat,Normal,403,0.0166533489230769,0.0621865959639649,0.0599152625566447,0.1896313846153846
98.mat,Normal,404,0.0162094153846153,0.0703303508748425,0.0684369279487869,0.2173772307692307
98.mat,Normal,405,0.0159813987692307,0.0633818264214111,0.0613339287335543,0.1802436923076923
98.mat,Normal,406,0.0154523501538461,0.0628859452277825,0.0609579115612944,0.1764886153846153
98.mat,Normal,407,0.0163047526153846,0.0671109068071848,0.0651001448126942,0.2052775384615384
98.mat,Normal,408,0.0159325827692307,0.0636126609907156,0.0615850910904686,0.1919261538461538
98.mat,Normal,409,0.0130246929230769,0.0639923705310129,0.0626528599541793,0.1783661538461538
98.mat,Normal,410,0.0158958664615384,0.0635179442823835,0.0614967533720026,0.2161255384615384
98.mat,Normal,411,0.014431595076923,0.0630850729300215,0.0614121770508248,0.1827470769230769
98.mat,Normal,412,0.0137871821538461,0.0678456377099362,0.0664299944642824,0.232188923076923
98.mat,Normal,413,0.0151302479999999,0.0626591228706589,0.0608049444895629,0.1965156923076922
98.mat,Normal,414,0.0164230375384615,0.0711883492447664,0.0692680655584167,0.2019396923076923
98.mat,Normal,415,0.0149752467692307,0.0695263875702595,0.0678944810184935,0.2056947692307692
98.mat,Normal,416,0.0168799052307692,0.0695164942761072,0.0674359827973189,0.1983932307692307
98.mat,Normal,417,0.0157617267692307,0.0602713631737687,0.0581739218901085,0.1704387692307692
98.mat,Normal,418,0.0146654529230769,0.064077425872186,0.0623766061674287,0.1837901538461538
98.mat,Normal,419,0.0150071649230769,0.057793919622024,0.0558114875831897,0.161676923076923
98.mat,Normal,420,0.0170797587692307,0.0658773885074148,0.0636247762820566,0.2275993846153846
98.mat,Normal,421,0.0149648159999999,0.0674280668169014,0.065746471211394,0.1965156923076922
98.mat,Normal,422,0.0150130061538461,0.0641603454446248,0.0623791597714987,0.1702301538461538
98.mat,Normal,423,0.0153006867692307,0.0755391047639579,0.0739732744505074,0.2584744615384615
98.mat,Normal,424,0.0144770732307692,0.0628479660262685,0.061157838290034,0.2073636923076923
98.mat,Normal,425,0.0153759969230769,0.0688203407294753,0.0670806828881654,0.2081981538461538
98.mat,Normal,426,0.0142450929230769,0.0687957220123502,0.0673047449650726,0.2111187692307692
98.mat,Normal,427,0.0135451883076923,0.0641872550030539,0.0627417849485989,0.2075723076923077
98.mat,Normal,428,0.0138180572307692,0.0680709458634073,0.0666536943095138,0.196932923076923
98.mat,Normal,429,0.0153613938461538,0.0695707770712513,0.0678536705079474,0.1900486153846153
98.mat,Normal,430,0.013769867076923,0.0663772711388269,0.0649332956542421,0.2021483076923077
98.mat,Normal,431,0.0121875193846153,0.0620347615314453,0.0608257840846537,0.1942209230769231
98.mat,Normal,432,0.0149437458461538,0.0688880438233577,0.0672476545456747,0.2029827692307692
98.mat,Normal,433,0.0125261021538461,0.0623404401278105,0.0610690366729371,0.1729421538461538
98.mat,Normal,434,0.013890864,0.0638399631291257,0.0623103907038115,0.2027741538461538
98.mat,Normal,435,0.013940723076923,0.0712397759576129,0.0698624499898438,0.2607692307692307
98.mat,Normal,436,0.0137663206153846,0.0688139009364279,0.0674228550181832,0.2129963076923076
98.mat,Normal,437,0.0099570036923076,0.0733256146348673,0.0726464303256012,0.1986018461538461
98.mat,Normal,438,0.0122079636923076,0.0687329704914921,0.0676401275506753,0.1975587692307692
98.mat,Normal,439,0.0086450215384615,0.0627027297428827,0.0621039122745784,0.2154996923076923
98.mat,Normal,440,0.0103900892307692,0.06714142273479,0.0663326216324097,0.2056947692307692
98.mat,Normal,441,0.0113684953846153,0.0640709712591275,0.0630543152431134,0.2113273846153845
98.mat,Normal,442,0.010284947076923,0.0673944949140415,0.0666050884568413,0.183372923076923
98.mat,Normal,443,0.0096499218461538,0.0678278065800218,0.0671378459128677,0.2081981538461538
98.mat,Normal,444,0.0100442049230769,0.0647563307396355,0.0639726216308531,0.1831643076923076
98.mat,Normal,445,0.0096908104615384,0.0631367570265737,0.0623886069762032,0.2236356923076923
98.mat,Normal,446,0.0110173956923076,0.0643627790255154,0.0634128087695731,0.1798264615384615
98.mat,Normal,447,0.0112646049230769,0.0646898140205792,0.0637014969521449,0.2171686153846153
98.mat,Normal,448,0.011054112,0.0607497621162188,0.0597355857514483,0.1773230769230769
98.mat,Normal,449,0.0093545224615384,0.0623661953529108,0.0616606457338391,0.1741938461538461
98.mat,Normal,450,0.0120154116923076,0.0653367152111948,0.0642223966887964,0.1965156923076922
98.mat,Normal,451,0.0127345089230769,0.0670025808433198,0.0657812900614884,0.207780923076923
98.mat,Normal,452,0.010971083076923,0.0631422357166166,0.0621818081709758,0.1973501538461538
98.mat,Normal,453,0.0100673612307692,0.0632838020348941,0.0624778987950208,0.1858763076923077
98.mat,Normal,454,0.0121253519999999,0.0649302443630078,0.0637880276534398,0.188796923076923
98.mat,Normal,455,0.011792819076923,0.0605753460814018,0.0594163443094622,0.2019396923076923
98.mat,Normal,456,0.0108223403076923,0.0662696330353253,0.0653799756263428,0.2154996923076923
98.mat,Normal,457,0.0124071913846153,0.059318268677117,0.0580061945036577,0.2013138461538461
98.mat,Normal,458,0.0129675323076923,0.0684863045495774,0.0672474313019198,0.2271821538461538
98.mat,Normal,459,0.0100016473846153,0.0674839153747629,0.0667386386128903,0.2100756923076923
98.mat,Normal,460,0.0127874972307692,0.0642397693868306,0.0629541728993897,0.1927606153846154
98.mat,Normal,461,0.009598811076923,0.06783544957085,0.0671528930455633,0.214248
98.mat,Normal,462,0.011486363076923,0.0636450474247825,0.062599964256922,0.1967243076923076
98.mat,Normal,463,0.0121142953846153,0.0640991177227845,0.0629439491942924,0.1696043076923077
98.mat,Normal,464,0.0124132412307692,0.069149130454494,0.0680258310111634,0.2065292307692307
98.mat,Normal,465,0.0108215058461538,0.0694219483729383,0.0685733324778413,0.2196719999999999
98.mat,Normal,466,0.0143984252307692,0.0667675267415112,0.0651965334818682,0.1927606153846154
98.mat,Normal,467,0.011627387076923,0.070578143258696,0.0696137786333166,0.2079895384615384
98.mat,Normal,468,0.0125016941538461,0.0654999264750999,0.0642957853325332,0.1950553846153846
98.mat,Normal,469,0.0140861279999999,0.0701031307320536,0.0686733568161847,0.224052923076923
98.mat,Normal,470,0.012432851076923,0.0663966523275789,0.0652222328229297,0.2472092307692307
98.mat,Normal,471,0.0112733667692307,0.061901115040466,0.0608659120110708,0.1983932307692307
98.mat,Normal,472,0.01303116,0.0662842801407028,0.0649907275142044,0.2079895384615384
98.mat,Normal,473,0.0114319144615384,0.0660470683750777,0.0650501850319141,0.2200892307692307
98.mat,Normal,474,0.0155199415384615,0.0666335783893543,0.0648009659157405,0.2096584615384615
98.mat,Normal,475,0.0134419236923076,0.0682691097015091,0.066932697740991,0.2027741538461538
98.mat,Normal,476,0.0170073692307692,0.069077984500405,0.066951604420555,0.2467919999999999
98.mat,Normal,477,0.0156380178461538,0.0632900264607879,0.0613276434183689,0.1666836923076923
98.mat,Normal,478,0.0170536818461538,0.0620336727189984,0.0596435116881792,0.1975587692307692
98.mat,Normal,479,0.0168373476923076,0.0643974485768801,0.0621573415285778,0.1885883076923076
98.mat,Normal,480,0.0176816141538461,0.0722009735966719,0.0700024364520394,0.2367784615384615
98.mat,Normal,481,0.0146222695384615,0.0808965434221224,0.0795640620581422,0.3458843076923076
98.mat,Normal,482,0.0173559655384615,0.0724321604056242,0.0703220329715646,0.1963070769230769
98.mat,Normal,483,0.0130432596923076,0.0627968211383471,0.0614273076219411,0.1817039999999999
99.mat,Normal,1,0.0062935089230769,0.0654326202761265,0.065129252580042,0.1988104615384615
99.mat,Normal,2,0.0105421698461538,0.0683677080782039,0.0675500271117736,0.2042344615384615
99.mat,Normal,3,0.0076246836923076,0.0623331064178022,0.0618650172091249,0.2044430769230769
99.mat,Normal,4,0.0113595249230769,0.0646359917705957,0.0636299664127721,0.1823298461538461
99.mat,Normal,5,0.0083112369230769,0.0651888349046717,0.0646568444716955,0.2048603076923076
99.mat,Normal,6,0.0131997212307692,0.0622335067799796,0.0608175692178152,0.1635544615384615
99.mat,Normal,7,0.0085390449230769,0.0671864862888758,0.0666416435245033,0.2113273846153845
99.mat,Normal,8,0.0141472523076923,0.0638227411375967,0.0622350185864773,0.196932923076923
99.mat,Normal,9,0.0114894923076923,0.0665825520236389,0.0655837464658132,0.2115359999999999
99.mat,Normal,10,0.0127649667692307,0.0620126328573241,0.0606846130190982,0.1679353846153846
99.mat,Normal,11,0.0116728652307692,0.0621697577451025,0.0610640892455544,0.2278079999999999
99.mat,Normal,12,0.0154102098461538,0.0707517620642872,0.0690531481374963,0.2123704615384615
99.mat,Normal,13,0.0086243686153846,0.0632455669919595,0.0626547844152416,0.2054861538461538
99.mat,Normal,14,0.0131417261538461,0.0651855932689962,0.0638471346540181,0.2115359999999999
99.mat,Normal,15,0.0107384769230769,0.0666143794842343,0.065743141600034,0.2008966153846154
99.mat,Normal,16,0.0111646781538461,0.069822127544584,0.0689237220162492,0.210492923076923
99.mat,Normal,17,0.0094127261538461,0.0655950452222517,0.0649161809109405,0.1940123076923077
99.mat,Normal,18,0.0116073599999999,0.0666436394216154,0.0656250247176235,0.1848332307692307
99.mat,Normal,19,0.0089840215384615,0.0627624524569536,0.0621161234737634,0.1967243076923076
99.mat,Normal,20,0.011261267076923,0.0676603846698477,0.066716650976304,0.2234270769230769
99.mat,Normal,21,0.0100650664615384,0.0673005805128368,0.0665436892161055,0.1908830769230769
99.mat,Normal,22,0.0121249347692307,0.0673369328540733,0.0662363078910342,0.196932923076923
99.mat,Normal,23,0.007277339076923,0.0619790311112021,0.0615503097753605,0.2036086153846153
99.mat,Normal,24,0.0106758923076923,0.0642923491827796,0.063399775132685,0.1896313846153846
99.mat,Normal,25,0.0084620658461538,0.070460699294499,0.0699507225601364,0.2211323076923076
99.mat,Normal,26,0.0105592763076923,0.0636941990175375,0.0628128384356533,0.2384473846153846
99.mat,Normal,27,0.0109268566153846,0.0656521650682124,0.064736470267158,0.1883796923076923
99.mat,Normal,28,0.0108267212307692,0.066686270032877,0.0658015251972855,0.1835815384615384
99.mat,Normal,29,0.0064055353846153,0.0702022922541729,0.0699094482468339,0.2230098461538461
99.mat,Normal,30,0.0114723858461538,0.0671371160242949,0.0661496538997492,0.1714818461538461
99.mat,Normal,31,0.0079023507692307,0.0662404798912382,0.0657674237639089,0.1906744615384615
99.mat,Normal,32,0.0105911944615384,0.06342670636598,0.0625361789711694,0.1867107692307692
99.mat,Normal,33,0.0096609784615384,0.0641270696129758,0.063395161899889,0.2019396923076923
99.mat,Normal,34,0.0114329575384615,0.0626621423876738,0.0616103203249005,0.2513815384615384
99.mat,Normal,35,0.0080118738461538,0.0624883366049723,0.0619725914346789,0.2234270769230769
99.mat,Normal,36,0.0116227975384615,0.0644407277132425,0.0633838935818256,0.2271821538461538
99.mat,Normal,37,0.0090795673846153,0.0648280465962651,0.0641890729142878,0.2238443076923077
99.mat,Normal,38,0.0111657212307692,0.0732810626021844,0.0724254154665475,0.2271821538461538
99.mat,Normal,39,0.0083243796923076,0.0659493981179484,0.065421921516094,0.2171686153846153
99.mat,Normal,40,0.0107537058461538,0.0694946581908753,0.0686575948285475,0.232188923076923
99.mat,Normal,41,0.0088375735384615,0.0602682195430311,0.0596167390993443,0.1883796923076923
99.mat,Normal,42,0.0134909483076923,0.0657650743764545,0.0643664456180374,0.1900486153846153
99.mat,Normal,43,0.0106035027692307,0.0651054183912,0.0642361365036544,0.1814953846153846
99.mat,Normal,44,0.0123431464615384,0.0643714845033046,0.0631770112666641,0.2323975384615384
99.mat,Normal,45,0.0110221938461538,0.071513384578577,0.0706588665115798,0.2065292307692307
99.mat,Normal,46,0.0130854,0.0678765702810581,0.0666033114789304,0.1858763076923077
99.mat,Normal,47,0.0114967938461538,0.067411156902873,0.0664235485821316,0.2121618461538461
99.mat,Normal,48,0.0137704929230769,0.0703432235088477,0.0689821905876524,0.2042344615384615
99.mat,Normal,49,0.012614555076923,0.0600191421299792,0.0586785345951134,0.1810781538461538
99.mat,Normal,50,0.013551864,0.0638867675590808,0.0624328923827298,0.1944295384615384
99.mat,Normal,51,0.0130920756923076,0.0709363966524999,0.0697177877166773,0.2002707692307692
99.mat,Normal,52,0.015721464,0.0643143809829185,0.062363251766667,0.2027741538461538
99.mat,Normal,53,0.01191924,0.0669909655392621,0.0659220841729462,0.2067378461538461
99.mat,Normal,54,0.0129981987692307,0.063516498564246,0.0621722801465205,0.2044430769230769
99.mat,Normal,55,0.0114419279999999,0.0590402801367578,0.0579209544316187,0.200688
99.mat,Normal,56,0.0106423052307692,0.0698647827585525,0.0690494692903202,0.2056947692307692
99.mat,Normal,57,0.0095072289230769,0.0609792721737775,0.0602335806095557,0.1992276923076923
99.mat,Normal,58,0.0125598978461538,0.0653169079089776,0.0640979517994455,0.2194633846153846
99.mat,Normal,59,0.0086427267692307,0.0675271710789492,0.0669718008412354,0.2215495384615384
99.mat,Normal,60,0.0097813495384615,0.0680850987079179,0.0673788235818448,0.1869193846153846
99.mat,Normal,61,0.0087257556923076,0.0614867164392725,0.060864418883956,0.165432
99.mat,Normal,62,0.0117815538461538,0.0646853111164187,0.0636033368872896,0.1846246153846154
99.mat,Normal,63,0.0094719729230769,0.0583103451032468,0.0575358851066379,0.2000621538461538
99.mat,Normal,64,0.0116956043076923,0.0664818985697325,0.065445058463677,0.2040258461538461
99.mat,Normal,65,0.0078149409230769,0.0652379984771571,0.0647682263434346,0.1710646153846154
99.mat,Normal,66,0.008768939076923,0.0682848001733969,0.0677194185015344,0.1960984615384615
99.mat,Normal,67,0.007176995076923,0.0653132854916385,0.0649177633885988,0.2059033846153846
99.mat,Normal,68,0.0083938486153846,0.0658797482246425,0.0653428231067827,0.1938036923076923
99.mat,Normal,69,0.0070566239999999,0.0743669944924996,0.0740314387781981,0.2691138461538461
99.mat,Normal,70,0.010249691076923,0.0604863743065799,0.0596116205918219,0.1764886153846153
99.mat,Normal,71,0.0094940861538461,0.0670773124170606,0.0664020193156751,0.2405335384615384
99.mat,Normal,72,0.0091538344615384,0.0650990265955748,0.0644522348591739,0.1727335384615384
99.mat,Normal,73,0.010774776,0.0680886922271607,0.0672307534641315,0.205068923076923
99.mat,Normal,74,0.0129247661538461,0.0710002064011854,0.069813893523276,0.2232184615384615
99.mat,Normal,75,0.0080235563076923,0.0670728656556817,0.0665912295384491,0.2444972307692307
99.mat,Normal,76,0.0107714381538461,0.0669981560792998,0.066126613690133,0.21696
99.mat,Normal,77,0.0111538301538461,0.0656847434926551,0.0647308087435577,0.1867107692307692
99.mat,Normal,78,0.0110384658461538,0.0649679216828393,0.0640233013796605,0.1835815384615384
99.mat,Normal,79,0.0107117741538461,0.059427929249481,0.0584545692769891,0.1748196923076923
99.mat,Normal,80,0.0121336966153846,0.0720124640216411,0.0709828738564026,0.2513815384615384
99.mat,Normal,81,0.008383835076923,0.0664000045953545,0.0658685958531533,0.213204923076923
99.mat,Normal,82,0.011780928,0.0678234032488728,0.066792393007872,0.1781575384615384
99.mat,Normal,83,0.009967643076923,0.0673030458467698,0.0665608448845375,0.2144566153846153
99.mat,Normal,84,0.0084898116923076,0.0666281777663751,0.0660850752431806,0.1890055384615384
99.mat,Normal,85,0.0097694584615384,0.0639350727134632,0.0631842638973036,0.2432455384615384
99.mat,Normal,86,0.0107159464615384,0.0686840696595,0.0678429798610327,0.2177944615384615
99.mat,Normal,87,0.0082511556923076,0.0607931253442282,0.0602305779389534,0.1814953846153846
99.mat,Normal,88,0.0093445089230769,0.0648406017539463,0.0641637264254532,0.1800350769230769
99.mat,Normal,89,0.0093511846153846,0.0625188346330212,0.0618155322727229,0.1839987692307692
99.mat,Normal,90,0.0100694473846153,0.0639921046164471,0.0631949023467145,0.2090326153846154
99.mat,Normal,91,0.0081773058461538,0.0659498986544646,0.0654409718878976,0.200688
99.mat,Normal,92,0.010539875076923,0.0650457092164499,0.0641860991246065,0.1998535384615384
99.mat,Normal,93,0.0100813384615384,0.0638468163386603,0.0630458767201038,0.1879624615384615
99.mat,Normal,94,0.0101257735384615,0.06789206205074,0.0671327103560502,0.2157083076923077
99.mat,Normal,95,0.0102340449230769,0.0709668504064029,0.0702250537993188,0.2011052307692307
99.mat,Normal,96,0.0104017716923076,0.0633111766138257,0.0624508465105809,0.1850418461538461
99.mat,Normal,97,0.0112139113846153,0.0688633311296127,0.0679441429832233,0.2025655384615384
99.mat,Normal,98,0.0111219119999999,0.0689755211212638,0.0680729431375944,0.2094498461538461
99.mat,Normal,99,0.0098090953846153,0.0660032195056994,0.0652702584095777,0.1802436923076923
99.mat,Normal,100,0.0093712116923076,0.0726479523819432,0.072040997888057,0.2415766153846154
99.mat,Normal,101,0.0106506498461538,0.059131224674479,0.0581641245903206,0.2215495384615384
99.mat,Normal,102,0.011894832,0.0654228675970017,0.064332453523137,0.2065292307692307
99.mat,Normal,103,0.0101238959999999,0.06194680359672,0.0611139362636034,0.1814953846153846
99.mat,Normal,104,0.0123617132307692,0.066102593143621,0.0649364371236313,0.1881710769230769
99.mat,Normal,105,0.0119407273846153,0.066941483581818,0.0658679076156295,0.1942209230769231
99.mat,Normal,106,0.0120408627692307,0.0686597088676984,0.0675956599610482,0.2054861538461538
99.mat,Normal,107,0.0124852135384615,0.0655226139639569,0.0643220987186266,0.224052923076923
99.mat,Normal,108,0.0146418793846153,0.0675464259252631,0.0659403899242599,0.2296855384615384
99.mat,Normal,109,0.0130733003076923,0.0657898478096718,0.0644778480866466,0.2196719999999999
99.mat,Normal,110,0.0145901427692307,0.0660445693366969,0.0644128315853544,0.1917175384615384
99.mat,Normal,111,0.014610587076923,0.0658334236467222,0.0641916693529343,0.2015224615384615
99.mat,Normal,112,0.0126441784615384,0.0694807404778888,0.0683205536305767,0.1944295384615384
99.mat,Normal,113,0.0118639569230769,0.0700075976142748,0.0689950016294629,0.208824
99.mat,Normal,114,0.0132195396923076,0.0620652226442264,0.0606410391748104,0.206112
99.mat,Normal,115,0.0110733046153846,0.0601128754740801,0.0590841748919046,0.1904658461538461
99.mat,Normal,116,0.0124117809230769,0.0664747500626051,0.0653057431640079,0.2290596923076923
99.mat,Normal,117,0.011886696,0.0683396327334931,0.067297933551873,0.2127876923076923
99.mat,Normal,118,0.0115819089230769,0.0699543409259287,0.0689889063551424,0.1963070769230769
99.mat,Normal,119,0.0110995901538461,0.0657594045445333,0.064815880650256,0.1764886153846153
99.mat,Normal,120,0.0110793544615384,0.065441682871702,0.0644969903313016,0.1852504615384615
99.mat,Normal,121,0.0100277243076923,0.0667504002678671,0.0659928835642858,0.196932923076923
99.mat,Normal,122,0.0101305716923076,0.0668235154234121,0.0660511448101395,0.2257218461538461
99.mat,Normal,123,0.0117648646153846,0.0595445440275369,0.0583707176932831,0.1933864615384615
99.mat,Normal,124,0.0116874683076923,0.0667229087998335,0.0656913209127933,0.2071550769230769
99.mat,Normal,125,0.0127378467692307,0.0692521413637902,0.0680705982282658,0.199644923076923
99.mat,Normal,126,0.0128957686153846,0.0729406388033531,0.0717916146973982,0.2228012307692307
99.mat,Normal,127,0.0111383926153846,0.0659499666241929,0.0650025715466527,0.235944
99.mat,Normal,128,0.010276811076923,0.0643468051588956,0.0635208508148789,0.2111187692307692
99.mat,Normal,129,0.0137988646153846,0.0660478913732163,0.0645903653045442,0.1929692307692307
99.mat,Normal,130,0.0120143686153846,0.0662573801947126,0.0651590007369692,0.2011052307692307
99.mat,Normal,131,0.0102138092307692,0.0609757817663668,0.0601142584002917,0.1708559999999999
99.mat,Normal,132,0.0136015144615384,0.0697516384068629,0.0684126440418312,0.2019396923076923
99.mat,Normal,133,0.0114734289230769,0.0765182808921779,0.0756532070664644,0.2553452307692307
99.mat,Normal,134,0.0113499286153846,0.0634180791298025,0.0623941654398836,0.1973501538461538
99.mat,Normal,135,0.0129712873846153,0.0645625418767986,0.0632460869712829,0.1904658461538461
99.mat,Normal,136,0.011876891076923,0.0605766367637084,0.0594009122821289,0.2102843076923076
99.mat,Normal,137,0.0118952492307692,0.0645268454897343,0.0634209494930021,0.195264
99.mat,Normal,138,0.0105012812307692,0.065475988191099,0.0646283848019834,0.1825384615384615
99.mat,Normal,139,0.011781971076923,0.0641574971724527,0.0630663904229172,0.2081981538461538
99.mat,Normal,140,0.0108442449230769,0.0652365385087835,0.0643289072552637,0.1787833846153846
99.mat,Normal,141,0.0129877679999999,0.0664529364559181,0.0651713943842885,0.1906744615384615
99.mat,Normal,142,0.0118992129230769,0.0645079907385564,0.0634010220811696,0.1794092307692308
99.mat,Normal,143,0.0123612959999999,0.0653029042024409,0.0641222867533088,0.1877538461538461
99.mat,Normal,144,0.0116186252307692,0.0669139431429414,0.0658975214608541,0.2323975384615384
99.mat,Normal,145,0.0115566664615384,0.060173197071952,0.0590530025160171,0.1919261538461538
99.mat,Normal,146,0.0088315236923076,0.0662716244989776,0.0656805329074429,0.1919261538461538
99.mat,Normal,147,0.010301219076923,0.0610078102948833,0.0601318368462639,0.168144
99.mat,Normal,148,0.011596512,0.064686669824914,0.0636387159084098,0.2275993846153846
99.mat,Normal,149,0.0088548886153846,0.0679632801816758,0.0673839624885781,0.2323975384615384
99.mat,Normal,150,0.0091396486153846,0.0661370985261409,0.0655025390702053,0.187128
99.mat,Normal,151,0.0102680492307692,0.0655684691712185,0.0647594882194998,0.2011052307692307
99.mat,Normal,152,0.0107708123076923,0.069207544346977,0.0683642728094964,0.1894227692307692
99.mat,Normal,153,0.0091778252307692,0.0613388874839317,0.0606483853189835,0.2033999999999999
99.mat,Normal,154,0.0089195593846153,0.0719812092742724,0.0714264373252014,0.2342750769230769
99.mat,Normal,155,0.010134744,0.0678452361537182,0.067083999827144,0.2328147692307692
99.mat,Normal,156,0.0088008572307692,0.0671049495647318,0.0665253272678069,0.1998535384615384
99.mat,Normal,157,0.0133958196923076,0.0739039534798543,0.07267975202712,0.3079163076923077
99.mat,Normal,158,0.0093724633846153,0.0616870983099009,0.0609709359285178,0.2011052307692307
99.mat,Normal,159,0.0119899606153846,0.0671694391025797,0.0660906528474087,0.2244701538461538
99.mat,Normal,160,0.011348051076923,0.065284392911617,0.064290541252924,0.2559710769230769
99.mat,Normal,161,0.0122242356923076,0.0638396901034521,0.0626583920496186,0.1723163076923076
99.mat,Normal,162,0.0118522744615384,0.0643584676015377,0.0632576947264642,0.1960984615384615
99.mat,Normal,163,0.0144336812307692,0.0716238528879502,0.0701544378399776,0.2188375384615384
99.mat,Normal,164,0.0116401126153846,0.0706584086410826,0.0696930304262297,0.2313544615384615
99.mat,Normal,165,0.0113770486153846,0.0708192647346607,0.069899435064678,0.2572227692307692
99.mat,Normal,166,0.0136094418461538,0.0644265541639367,0.0629727240483912,0.238656
99.mat,Normal,167,0.0130541076923076,0.0620261880193189,0.0606369381859402,0.1910916923076923
99.mat,Normal,168,0.0129646116923076,0.0677450277800689,0.0664929141532389,0.1837901538461538
99.mat,Normal,169,0.0154819735384615,0.0660588226359973,0.0642189733911134,0.1896313846153846
99.mat,Normal,170,0.014881787076923,0.0748207591046367,0.0733258372362103,0.2079895384615384
99.mat,Normal,171,0.0146362467692307,0.0653861802595578,0.0637270182061389,0.1837901538461538
99.mat,Normal,172,0.0124140756923076,0.0734947170979135,0.072438692464787,0.205068923076923
99.mat,Normal,173,0.0144616356923076,0.067995153240512,0.0664394608444686,0.2309372307692307
99.mat,Normal,174,0.0100193796923076,0.0637809139993581,0.0629890230212763,0.1858763076923077
99.mat,Normal,175,0.0112278886153846,0.0604725153709403,0.0594210369526578,0.1998535384615384
99.mat,Normal,176,0.0111828276923076,0.0677392313485229,0.0668097884182614,0.2021483076923077
99.mat,Normal,177,0.0112107821538461,0.0681005133244516,0.0671714096811495,0.1933864615384615
99.mat,Normal,178,0.011816184,0.0722358250207597,0.0712628389282097,0.2292683076923077
99.mat,Normal,179,0.0145446646153846,0.0663815065144662,0.0647684887762259,0.2225926153846154
99.mat,Normal,180,0.010903283076923,0.0674049895641912,0.066517298774779,0.1944295384615384
99.mat,Normal,181,0.014100731076923,0.0739619996046548,0.0726054183144429,0.2903926153846153
99.mat,Normal,182,0.0138612406153846,0.0646891510173902,0.0631866462787283,0.1708559999999999
99.mat,Normal,183,0.012602664,0.062730387031774,0.0614513980089897,0.1677267692307692
99.mat,Normal,184,0.0130561938461538,0.0655627365349844,0.064249577618903,0.1896313846153846
99.mat,Normal,185,0.0146898609230769,0.064662399847519,0.0629716915772562,0.1986018461538461
99.mat,Normal,186,0.0100510892307692,0.0647830145712529,0.0639985514071552,0.2154996923076923
99.mat,Normal,187,0.0135944215384615,0.0613414845798411,0.0598161302116201,0.184416
99.mat,Normal,188,0.0119705593846153,0.0627906722330788,0.0616390641355085,0.2455403076923076
99.mat,Normal,189,0.0132412356923076,0.0689358848773574,0.0676522423956888,0.2490867692307692
99.mat,Normal,190,0.0118047101538461,0.0701380485289299,0.069137505520739,0.2336492307692307
99.mat,Normal,191,0.0157817538461538,0.0655817134177786,0.0636545157891492,0.2232184615384615
99.mat,Normal,192,0.0146934073846153,0.0673115766602232,0.0656882952428729,0.1923433846153846
99.mat,Normal,193,0.0161330621538461,0.0632050958331916,0.0611114428304803,0.218628923076923
99.mat,Normal,194,0.0142348707692307,0.0663765784390635,0.0648322344166885,0.1860849230769231
99.mat,Normal,195,0.0172994307692307,0.0646253589165186,0.0622668989925581,0.1873366153846154
99.mat,Normal,196,0.0155305809230769,0.0673415004788792,0.0655261683828579,0.2017310769230769
99.mat,Normal,197,0.01685508,0.0643339753830816,0.06208676724379,0.2027741538461538
99.mat,Normal,198,0.0146414621538461,0.0684442330024117,0.0668598580411738,0.2296855384615384
99.mat,Normal,199,0.0169529206153846,0.0711949874905488,0.0691471237752364,0.1860849230769231
99.mat,Normal,200,0.0179876529230769,0.0684658396462739,0.0660606958848317,0.1960984615384615
99.mat,Normal,201,0.0165417396923076,0.0653380996724195,0.0632094780610863,0.2011052307692307
99.mat,Normal,202,0.0143126843076923,0.0670479843705009,0.0655025135094468,0.205068923076923
99.mat,Normal,203,0.0172773175384615,0.0699776738949798,0.0678112759239,0.2069464615384615
99.mat,Normal,204,0.0155184812307692,0.0648602837695547,0.0629764491771125,0.2315630769230769
99.mat,Normal,205,0.0161180418461538,0.0647158971816649,0.0626765991026433,0.2027741538461538
99.mat,Normal,206,0.0155503993846153,0.0693274571491794,0.0675609457730593,0.2244701538461538
99.mat,Normal,207,0.0194890578461538,0.0707068561999893,0.0679679052049953,0.2180030769230769
99.mat,Normal,208,0.013989539076923,0.0690636847601479,0.0676319846601024,0.2200892307692307
99.mat,Normal,209,0.0164489058461538,0.0736136375447533,0.0717523597454096,0.2424110769230769
99.mat,Normal,210,0.014880744,0.065106045738042,0.0633826525924127,0.1879624615384615
99.mat,Normal,211,0.0156136098461538,0.0665645659349023,0.0647074696281198,0.1973501538461538
99.mat,Normal,212,0.0139547003076923,0.066692518517071,0.065216243110688,0.1940123076923077
99.mat,Normal,213,0.0161964812307692,0.0613469888109852,0.0591703222225169,0.172524923076923
99.mat,Normal,214,0.0132157846153846,0.0660408408658189,0.0647049897555373,0.2048603076923076
99.mat,Normal,215,0.0168054295384615,0.0653013883701601,0.0631018926903012,0.1971415384615384
99.mat,Normal,216,0.0133887267692307,0.0719047508142359,0.0706472588651269,0.2052775384615384
99.mat,Normal,217,0.0129203852307692,0.0657826988567281,0.0645013729649493,0.1708559999999999
99.mat,Normal,218,0.0154807218461538,0.0646240450495879,0.0627424453595266,0.2086153846153846
99.mat,Normal,219,0.015443171076923,0.0637416484994104,0.0618425922848588,0.2004793846153846
99.mat,Normal,220,0.0135418504615384,0.0666556955734653,0.0652656114539641,0.2269735384615384
99.mat,Normal,221,0.0163293692307692,0.0652110646906834,0.0631334670251658,0.1988104615384615
99.mat,Normal,222,0.0156461538461538,0.0712989973401052,0.06956108748091,0.2641070769230769
99.mat,Normal,223,0.0165210867692307,0.0650866339560791,0.0629549331799834,0.1875452307692307
99.mat,Normal,224,0.0157108246153846,0.0692458451146522,0.0674400256194126,0.1908830769230769
99.mat,Normal,225,0.0201242916923076,0.0739767355884855,0.0711868688187057,0.2630639999999999
99.mat,Normal,226,0.0157156227692307,0.0631341231434998,0.0611468454302741,0.1931778461538461
99.mat,Normal,227,0.0191838535384615,0.0696856390132328,0.0669930447740469,0.2232184615384615
99.mat,Normal,228,0.0181691483076923,0.064570957228846,0.0619620090638009,0.214248
99.mat,Normal,229,0.0186877661538461,0.0706745160519656,0.0681590391317154,0.2234270769230769
99.mat,Normal,230,0.0161497513846153,0.0700001349032302,0.0681117054307521,0.207780923076923
99.mat,Normal,231,0.0204345027692307,0.0648538074194349,0.0615503650141204,0.1879624615384615
99.mat,Normal,232,0.0167474344615384,0.0702212954400626,0.0681949688190928,0.2705741538461538
99.mat,Normal,233,0.0188398467692307,0.0694476043878939,0.0668433237423852,0.2307286153846153
99.mat,Normal,234,0.0179135944615384,0.0658714244275883,0.0633888609267197,0.214248
99.mat,Normal,235,0.0175960818461538,0.0621681858193079,0.0596260113685919,0.1958898461538461
99.mat,Normal,236,0.0145598935384615,0.0647989880296786,0.0631420489833763,0.1906744615384615
99.mat,Normal,237,0.0181140738461538,0.0636522692932658,0.0610204204744487,0.1771144615384615
99.mat,Normal,238,0.0155345446153846,0.0723919014280706,0.0707054829271685,0.2232184615384615
99.mat,Normal,239,0.0169514603076923,0.0629544577876266,0.0606292977756694,0.1950553846153846
99.mat,Normal,240,0.0150269833846153,0.0622478734500675,0.0604068499378515,0.2165427692307692
99.mat,Normal,241,0.0181201236923076,0.0653702753865922,0.0628087097582364,0.1944295384615384
99.mat,Normal,242,0.0137022756923076,0.0647214617441176,0.063254369423363,0.199644923076923
99.mat,Normal,243,0.0170002763076923,0.068813376012661,0.0666803668535349,0.200688
99.mat,Normal,244,0.0169404036923076,0.0661944090781809,0.0639900188775656,0.2067378461538461
99.mat,Normal,245,0.0162331975384615,0.066431263088347,0.0644173580115675,0.224052923076923
99.mat,Normal,246,0.0146266504615384,0.0710630757511163,0.0695415115703194,0.2309372307692307
99.mat,Normal,247,0.0174494252307692,0.0679425949656809,0.0656636411554093,0.2361526153846153
99.mat,Normal,248,0.0128208756923076,0.068027778103479,0.066808710062226,0.2221753846153846
99.mat,Normal,249,0.0150246886153846,0.0636217841140937,0.0618222463670731,0.2086153846153846
99.mat,Normal,250,0.0127055113846153,0.0686292541994652,0.0674428981615575,0.1998535384615384
99.mat,Normal,251,0.0152954713846153,0.071447009486707,0.0697905704211967,0.2163341538461538
99.mat,Normal,252,0.0119914209230769,0.0679609726363866,0.0668946905660627,0.2056947692307692
99.mat,Normal,253,0.0130941618461538,0.0652867713955957,0.0639601864037895,0.2138307692307692
99.mat,Normal,254,0.0094060504615384,0.0639156964749628,0.0632197949268626,0.187128
99.mat,Normal,255,0.011613827076923,0.0679935918177076,0.0669943844579556,0.2163341538461538
99.mat,Normal,256,0.0107232479999999,0.0653290653425475,0.0644429882210728,0.205068923076923
99.mat,Normal,257,0.0090050916923076,0.0638081056617619,0.0631694757913639,0.1825384615384615
99.mat,Normal,258,0.0085778473846153,0.0694826289459407,0.0689511149981313,0.1960984615384615
99.mat,Normal,259,0.0130173913846153,0.0698378539031944,0.068613944350574,0.2382387692307692
99.mat,Normal,260,0.006480011076923,0.0662297152907447,0.0659119461398012,0.199644923076923
99.mat,Normal,261,0.0097748824615384,0.0613012628425759,0.060516910851081,0.1781575384615384
99.mat,Normal,262,0.0091421519999999,0.0600596036748174,0.0593597258280817,0.2134135384615384
99.mat,Normal,263,0.0085611581538461,0.064732416650049,0.0641637930333017,0.2284338461538461
99.mat,Normal,264,0.0060012387692307,0.0677933711628116,0.0675272264116736,0.226764923076923
99.mat,Normal,265,0.0095212061538461,0.0665517291582477,0.0658671335897404,0.173568
99.mat,Normal,266,0.0047295193846153,0.0626310008626792,0.0624521730242548,0.2033999999999999
99.mat,Normal,267,0.0078408092307692,0.0658021281838331,0.0653333129737677,0.1967243076923076
99.mat,Normal,268,0.0054976412307692,0.0637574483861421,0.0635199824119097,0.1846246153846154
99.mat,Normal,269,0.0069285341538461,0.0637099662700085,0.0633321025752707,0.2015224615384615
99.mat,Normal,270,0.0068338227692307,0.0601954441654985,0.0598062736227596,0.2238443076923077
99.mat,Normal,271,0.0096657766153846,0.0686299806000439,0.0679459123096003,0.2269735384615384
99.mat,Normal,272,0.0071131587692307,0.0636321985824195,0.0632333746431122,0.1979759999999999
99.mat,Normal,273,0.0108934781538461,0.0713605124139906,0.0705241438494576,0.2094498461538461
99.mat,Normal,274,0.0088513421538461,0.0724250145241182,0.0718821011858605,0.226764923076923
99.mat,Normal,275,0.0099401058461538,0.0627547956564959,0.0619625586435536,0.1856676923076923
99.mat,Normal,276,0.0068632375384615,0.0678080851292863,0.0674598575405492,0.2246787692307692
99.mat,Normal,277,0.0132716935384615,0.0670200552208404,0.0656928455193231,0.1998535384615384
99.mat,Normal,278,0.0090226153846153,0.0624519866980809,0.0617967883806155,0.1904658461538461
99.mat,Normal,279,0.0106181058461538,0.0670084552858509,0.0661618387594824,0.2246787692307692
99.mat,Normal,280,0.0111073089230769,0.0667487569149527,0.0658181148178735,0.2301027692307692
99.mat,Normal,281,0.0142891107692307,0.0623939470625569,0.0607357056719506,0.1775316923076923
99.mat,Normal,282,0.0094640455384615,0.0689726928121186,0.0683203058819324,0.1965156923076922
99.mat,Normal,283,0.0131237852307692,0.0653616892874681,0.0640305918114784,0.1940123076923077
99.mat,Normal,284,0.0100037335384615,0.0639191019197523,0.0631314256572679,0.2086153846153846
99.mat,Normal,285,0.010510043076923,0.0701670457588799,0.0693754517466371,0.2119532307692307
99.mat,Normal,286,0.0083704836923076,0.0655887406224,0.0650524242376045,0.1785747692307692
99.mat,Normal,287,0.0099104824615384,0.0672112732415711,0.0664765942880099,0.1875452307692307
99.mat,Normal,288,0.0078489452307692,0.062913343502181,0.0624218138905608,0.2033999999999999
99.mat,Normal,289,0.0117112504615384,0.0677725650566284,0.0667530312943318,0.2384473846153846
99.mat,Normal,290,0.0098948363076923,0.0685290332834273,0.0678109181268404,0.2027741538461538
99.mat,Normal,291,0.0115940086153846,0.0651387673491662,0.0640986581450438,0.1929692307692307
99.mat,Normal,292,0.0088183809230769,0.0586942189256603,0.0580279888776861,0.2094498461538461
99.mat,Normal,293,0.0129153784615384,0.0643338296023774,0.0630240797672046,0.1821212307692307
99.mat,Normal,294,0.0090501526153846,0.062310278741586,0.0616495383153223,0.1875452307692307
99.mat,Normal,295,0.0111048055384615,0.0695631736548323,0.0686710886973936,0.213204923076923
99.mat,Normal,296,0.0102774369230769,0.0636044828620322,0.0627686588230044,0.1929692307692307
99.mat,Normal,297,0.0125283969230769,0.0636395073912956,0.0623941196872318,0.1919261538461538
99.mat,Normal,298,0.0089266523076923,0.0731499534299747,0.0726032407361066,0.2136221538461538
99.mat,Normal,299,0.0135099323076923,0.0666111562614925,0.0652267419662713,0.2109101538461538
99.mat,Normal,300,0.0104485015384615,0.0656149187932113,0.0647776688669828,0.175236923076923
99.mat,Normal,301,0.0121228486153846,0.0606789650469668,0.0594556417896527,0.1758627692307692
99.mat,Normal,302,0.0107914652307692,0.0682758357692409,0.0674176091845554,0.1994363076923077
99.mat,Normal,303,0.0144076043076923,0.0713786106487543,0.0699094199393717,0.2052775384615384
99.mat,Normal,304,0.0078093083076923,0.0712451580887005,0.0708158686654293,0.2309372307692307
99.mat,Normal,305,0.0119163193846153,0.065671745010152,0.0645815718684694,0.1835815384615384
99.mat,Normal,306,0.009696443076923,0.0644719728742772,0.0637386403836599,0.1958898461538461
99.mat,Normal,307,0.0112118252307692,0.0658163625727234,0.0648543642116617,0.1906744615384615
99.mat,Normal,308,0.0109477181538461,0.0639661042613379,0.0630222973367069,0.2140393846153846
99.mat,Normal,309,0.0107416061538461,0.0656297733551187,0.0647447684981567,0.2184203076923076
99.mat,Normal,310,0.0101476781538461,0.0661989286536895,0.0654165329483475,0.224052923076923
99.mat,Normal,311,0.0139505279999999,0.0743666620919433,0.0730464454933879,0.1960984615384615
99.mat,Normal,312,0.0104643563076923,0.0693858479262943,0.0685922236081941,0.2042344615384615
99.mat,Normal,313,0.0119146504615384,0.0609907558135793,0.0598156618210567,0.1656406153846154
99.mat,Normal,314,0.0095910923076923,0.0657204973366625,0.0650168802583113,0.2428283076923076
99.mat,Normal,315,0.0112301833846153,0.0670558152204931,0.0661087387266829,0.2019396923076923
99.mat,Normal,316,0.008767896,0.0674766592144772,0.0669045853322467,0.2096584615384615
99.mat,Normal,317,0.0130710055384615,0.0700643830291495,0.0688343415997341,0.2086153846153846
99.mat,Normal,318,0.0112162061538461,0.0600700438142795,0.0590136160844587,0.2188375384615384
99.mat,Normal,319,0.0118295353846153,0.0665911865747003,0.0655320396600829,0.1883796923076923
99.mat,Normal,320,0.0096618129230769,0.0660892965559192,0.0653792359262151,0.1817039999999999
99.mat,Normal,321,0.012844032,0.0633880549531582,0.0620731532365449,0.1885883076923076
99.mat,Normal,322,0.0098493581538461,0.0610174748100774,0.0602172929992348,0.1835815384615384
99.mat,Normal,323,0.0106187316923076,0.0672719249289711,0.0664285663016741,0.2209236923076923
99.mat,Normal,324,0.0107280461538461,0.0711252286983238,0.0703115010727962,0.214248
99.mat,Normal,325,0.0128557144615384,0.061903157756076,0.0605535428018627,0.1679353846153846
99.mat,Normal,326,0.0116098633846153,0.0677638716693641,0.0667619156092201,0.2248873846153846
99.mat,Normal,327,0.0149137052307692,0.0629375449499472,0.0611450403599208,0.1883796923076923
99.mat,Normal,328,0.0111000073846153,0.0672650628919338,0.0663428859932796,0.2048603076923076
99.mat,Normal,329,0.0143272873846153,0.0665856766303484,0.0650260037871001,0.1923433846153846
99.mat,Normal,330,0.012629784,0.0622346018864092,0.0609395949122834,0.1731507692307692
99.mat,Normal,331,0.0133655704615384,0.0687545202619124,0.0674429060960704,0.2415766153846154
99.mat,Normal,332,0.0126585729230769,0.064990755714405,0.063746049759029,0.1831643076923076
99.mat,Normal,333,0.0169433243076923,0.0657628094803468,0.0635426696964548,0.1712732307692308
99.mat,Normal,334,0.0120162461538461,0.0708499396009093,0.0698235187442073,0.206112
99.mat,Normal,335,0.0142682492307692,0.0637252245906241,0.0621073370304519,0.2238443076923077
99.mat,Normal,336,0.0134283636923076,0.0669193109485444,0.0655581667404991,0.1960984615384615
99.mat,Normal,337,0.0139348818461538,0.0637518194769849,0.0622102367344781,0.2067378461538461
99.mat,Normal,338,0.0124053138461538,0.0673520489409954,0.0661997483751159,0.2328147692307692
99.mat,Normal,339,0.0150328246153846,0.0693539491422128,0.0677051286514081,0.2315630769230769
99.mat,Normal,340,0.012385704,0.0668372916923309,0.0656796612140327,0.2230098461538461
99.mat,Normal,341,0.0133945679999999,0.0649280317851984,0.0635313690989979,0.2096584615384615
99.mat,Normal,342,0.0133893526153846,0.0728190167331466,0.0715774715572098,0.2278079999999999
99.mat,Normal,343,0.0149187119999999,0.0646487831520336,0.0629038726574106,0.2211323076923076
99.mat,Normal,344,0.0145678209230769,0.065851657016828,0.0642200850623473,0.2044430769230769
99.mat,Normal,345,0.0170903981538461,0.067991911623993,0.0658089533211696,0.2196719999999999
99.mat,Normal,346,0.014232576,0.062246468849036,0.0605974971808096,0.2036086153846153
99.mat,Normal,347,0.0164153187692307,0.0721187696308955,0.0702257377517582,0.2228012307692307
99.mat,Normal,348,0.0147582867692307,0.0715920628395188,0.0700543819704003,0.2127876923076923
99.mat,Normal,349,0.0177416953846153,0.064940283465234,0.0624697739824986,0.1935950769230769
99.mat,Normal,350,0.0132283015384615,0.0710634569809292,0.0698213932579973,0.2428283076923076
99.mat,Normal,351,0.0157281396923076,0.0615760638163958,0.0595334969318963,0.1854590769230769
99.mat,Normal,352,0.015974723076923,0.0667482926873204,0.0648085086951382,0.2138307692307692
99.mat,Normal,353,0.0153240516923076,0.0600646247179196,0.0580769539682997,0.1865021538461538
99.mat,Normal,354,0.0133881009230769,0.0620083078726538,0.0605457595451847,0.2025655384615384
99.mat,Normal,355,0.0185325563076923,0.0723996084133174,0.0699874821314777,0.2244701538461538
99.mat,Normal,356,0.0127639236923076,0.0672167574788332,0.0659937477185924,0.2177944615384615
99.mat,Normal,357,0.013427112,0.0670405145164563,0.0656821379826406,0.1983932307692307
99.mat,Normal,358,0.0134615335384615,0.0657437303008864,0.064350797886806,0.1837901538461538
99.mat,Normal,359,0.014613299076923,0.062439612349608,0.0607054913534,0.2438713846153846
99.mat,Normal,360,0.0133518018461538,0.0664082526362118,0.065052174488298,0.2261390769230769
99.mat,Normal,361,0.0162158824615384,0.068458467287001,0.066510201467737,0.1963070769230769
99.mat,Normal,362,0.0120291803076923,0.063731175776113,0.0625856340299501,0.2002707692307692
99.mat,Normal,363,0.0139932941538461,0.0694571133773273,0.0680329208356869,0.208824
99.mat,Normal,364,0.014030219076923,0.0674433734873074,0.0659678829431564,0.1854590769230769
99.mat,Normal,365,0.0133613981538461,0.0565297206670024,0.0549279742759891,0.17628
99.mat,Normal,366,0.0133718289230769,0.0732261806223627,0.0719949145411733,0.2248873846153846
99.mat,Normal,367,0.0150593187692307,0.0641644246501795,0.0623721917916571,0.1904658461538461
99.mat,Normal,368,0.0141399507692307,0.0714841691224729,0.0700717362948432,0.235944
99.mat,Normal,369,0.0162336147692307,0.0690875087720558,0.0671532100487617,0.2438713846153846
99.mat,Normal,370,0.0143178996923076,0.069455355800589,0.0679635505089855,0.2079895384615384
99.mat,Normal,371,0.0148740683076923,0.0647796652912252,0.0630489264557397,0.2188375384615384
99.mat,Normal,372,0.0132228775384615,0.0649872008357709,0.0636277595242177,0.1906744615384615
99.mat,Normal,373,0.016083203076923,0.0627340562670869,0.0606373844629572,0.1992276923076923
99.mat,Normal,374,0.0148219144615384,0.064374088717097,0.0626445061426101,0.2044430769230769
99.mat,Normal,375,0.013880016,0.0675212669983876,0.0660792452507388,0.2038172307692307
99.mat,Normal,376,0.0159826504615384,0.0654803679332348,0.0634998698336941,0.1869193846153846
99.mat,Normal,377,0.0164382664615384,0.0708628425210526,0.068929861786478,0.2117446153846153
99.mat,Normal,378,0.0136595095384615,0.0682711696958841,0.0668907348652479,0.1975587692307692
99.mat,Normal,379,0.0163619132307692,0.0639630115817697,0.0618348982859872,0.2238443076923077
99.mat,Normal,380,0.0159524012307692,0.0730257490841666,0.071262058097393,0.2209236923076923
99.mat,Normal,381,0.0144457809230769,0.0684798625779852,0.0669388601054888,0.2269735384615384
99.mat,Normal,382,0.0150874818461538,0.060702589734243,0.0587977235272405,0.1664750769230769
99.mat,Normal,383,0.0169514603076923,0.0712531558546068,0.0692073710863057,0.2401163076923076
99.mat,Normal,384,0.0135059686153846,0.0642853014468721,0.0628505273953645,0.1875452307692307
99.mat,Normal,385,0.0174206363076923,0.0730674090633016,0.070960324815061,0.2365698461538461
99.mat,Normal,386,0.015626544,0.0657979114043358,0.0639153836551803,0.2004793846153846
99.mat,Normal,387,0.0134133433846153,0.0627485347833012,0.061298130776538,0.2184203076923076
99.mat,Normal,388,0.0152756529230769,0.0702096153936753,0.0685276916399604,0.199644923076923
99.mat,Normal,389,0.0152946369230769,0.0676423966164227,0.0658905752092414,0.2029827692307692
99.mat,Normal,390,0.0129712873846153,0.0719755868095813,0.0707971101117078,0.2361526153846153
99.mat,Normal,391,0.0149798363076923,0.0686510390697635,0.0669967885017852,0.1877538461538461
99.mat,Normal,392,0.0151765606153846,0.0619941678925723,0.0601078103126374,0.1710646153846154
99.mat,Normal,393,0.0129009839999999,0.0632723125910455,0.0619431202996,0.1750283076923076
99.mat,Normal,394,0.0147292892307692,0.0678313585525883,0.0662128480118937,0.1921347692307692
99.mat,Normal,395,0.0162682449230769,0.064749458187666,0.0626724544175436,0.1990190769230769
99.mat,Normal,396,0.014080704,0.067990595923319,0.0665165761962567,0.1898399999999999
99.mat,Normal,397,0.0153922689230769,0.067426080463969,0.0656456730038874,0.2238443076923077
99.mat,Normal,398,0.013940723076923,0.0633360695059294,0.0617827964772757,0.2117446153846153
99.mat,Normal,399,0.0166508455384615,0.0699935680044303,0.0679841812839215,0.2044430769230769
99.mat,Normal,400,0.013129835076923,0.0607832483076547,0.0593482156908092,0.1746110769230769
99.mat,Normal,401,0.0160996836923076,0.0659358973766641,0.0639401497329622,0.2150824615384615
99.mat,Normal,402,0.0144603839999999,0.0688449879399095,0.0673092093180334,0.205068923076923
99.mat,Normal,403,0.0166533489230769,0.0621865959639649,0.0599152625566447,0.1896313846153846
99.mat,Normal,404,0.0162094153846153,0.0703303508748425,0.0684369279487869,0.2173772307692307
99.mat,Normal,405,0.0159813987692307,0.0633818264214111,0.0613339287335543,0.1802436923076923
99.mat,Normal,406,0.0154523501538461,0.0628859452277825,0.0609579115612944,0.1764886153846153
99.mat,Normal,407,0.0163047526153846,0.0671109068071848,0.0651001448126942,0.2052775384615384
99.mat,Normal,408,0.0159325827692307,0.0636126609907156,0.0615850910904686,0.1919261538461538
99.mat,Normal,409,0.0130246929230769,0.0639923705310129,0.0626528599541793,0.1783661538461538
99.mat,Normal,410,0.0158958664615384,0.0635179442823835,0.0614967533720026,0.2161255384615384
99.mat,Normal,411,0.014431595076923,0.0630850729300215,0.0614121770508248,0.1827470769230769
99.mat,Normal,412,0.0137871821538461,0.0678456377099362,0.0664299944642824,0.232188923076923
99.mat,Normal,413,0.0151302479999999,0.0626591228706589,0.0608049444895629,0.1965156923076922
99.mat,Normal,414,0.0164230375384615,0.0711883492447664,0.0692680655584167,0.2019396923076923
99.mat,Normal,415,0.0149752467692307,0.0695263875702595,0.0678944810184935,0.2056947692307692
99.mat,Normal,416,0.0168799052307692,0.0695164942761072,0.0674359827973189,0.1983932307692307
99.mat,Normal,417,0.0157617267692307,0.0602713631737687,0.0581739218901085,0.1704387692307692
99.mat,Normal,418,0.0146654529230769,0.064077425872186,0.0623766061674287,0.1837901538461538
99.mat,Normal,419,0.0150071649230769,0.057793919622024,0.0558114875831897,0.161676923076923
99.mat,Normal,420,0.0170797587692307,0.0658773885074148,0.0636247762820566,0.2275993846153846
99.mat,Normal,421,0.0149648159999999,0.0674280668169014,0.065746471211394,0.1965156923076922
99.mat,Normal,422,0.0150130061538461,0.0641603454446248,0.0623791597714987,0.1702301538461538
99.mat,Normal,423,0.0153006867692307,0.0755391047639579,0.0739732744505074,0.2584744615384615
99.mat,Normal,424,0.0144770732307692,0.0628479660262685,0.061157838290034,0.2073636923076923
99.mat,Normal,425,0.0153759969230769,0.0688203407294753,0.0670806828881654,0.2081981538461538
99.mat,Normal,426,0.0142450929230769,0.0687957220123502,0.0673047449650726,0.2111187692307692
99.mat,Normal,427,0.0135451883076923,0.0641872550030539,0.0627417849485989,0.2075723076923077
99.mat,Normal,428,0.0138180572307692,0.0680709458634073,0.0666536943095138,0.196932923076923
99.mat,Normal,429,0.0153613938461538,0.0695707770712513,0.0678536705079474,0.1900486153846153
99.mat,Normal,430,0.013769867076923,0.0663772711388269,0.0649332956542421,0.2021483076923077
99.mat,Normal,431,0.0121875193846153,0.0620347615314453,0.0608257840846537,0.1942209230769231
99.mat,Normal,432,0.0149437458461538,0.0688880438233577,0.0672476545456747,0.2029827692307692
99.mat,Normal,433,0.0125261021538461,0.0623404401278105,0.0610690366729371,0.1729421538461538
99.mat,Normal,434,0.013890864,0.0638399631291257,0.0623103907038115,0.2027741538461538
99.mat,Normal,435,0.013940723076923,0.0712397759576129,0.0698624499898438,0.2607692307692307
99.mat,Normal,436,0.0137663206153846,0.0688139009364279,0.0674228550181832,0.2129963076923076
99.mat,Normal,437,0.0099570036923076,0.0733256146348673,0.0726464303256012,0.1986018461538461
99.mat,Normal,438,0.0122079636923076,0.0687329704914921,0.0676401275506753,0.1975587692307692
99.mat,Normal,439,0.0086450215384615,0.0627027297428827,0.0621039122745784,0.2154996923076923
99.mat,Normal,440,0.0103900892307692,0.06714142273479,0.0663326216324097,0.2056947692307692
99.mat,Normal,441,0.0113684953846153,0.0640709712591275,0.0630543152431134,0.2113273846153845
99.mat,Normal,442,0.010284947076923,0.0673944949140415,0.0666050884568413,0.183372923076923
99.mat,Normal,443,0.0096499218461538,0.0678278065800218,0.0671378459128677,0.2081981538461538
99.mat,Normal,444,0.0100442049230769,0.0647563307396355,0.0639726216308531,0.1831643076923076
99.mat,Normal,445,0.0096908104615384,0.0631367570265737,0.0623886069762032,0.2236356923076923
99.mat,Normal,446,0.0110173956923076,0.0643627790255154,0.0634128087695731,0.1798264615384615
99.mat,Normal,447,0.0112646049230769,0.0646898140205792,0.0637014969521449,0.2171686153846153
99.mat,Normal,448,0.011054112,0.0607497621162188,0.0597355857514483,0.1773230769230769
99.mat,Normal,449,0.0093545224615384,0.0623661953529108,0.0616606457338391,0.1741938461538461
99.mat,Normal,450,0.0120154116923076,0.0653367152111948,0.0642223966887964,0.1965156923076922
99.mat,Normal,451,0.0127345089230769,0.0670025808433198,0.0657812900614884,0.207780923076923
99.mat,Normal,452,0.010971083076923,0.0631422357166166,0.0621818081709758,0.1973501538461538
99.mat,Normal,453,0.0100673612307692,0.0632838020348941,0.0624778987950208,0.1858763076923077
99.mat,Normal,454,0.0121253519999999,0.0649302443630078,0.0637880276534398,0.188796923076923
99.mat,Normal,455,0.011792819076923,0.0605753460814018,0.0594163443094622,0.2019396923076923
99.mat,Normal,456,0.0108223403076923,0.0662696330353253,0.0653799756263428,0.2154996923076923
99.mat,Normal,457,0.0124071913846153,0.059318268677117,0.0580061945036577,0.2013138461538461
99.mat,Normal,458,0.0129675323076923,0.0684863045495774,0.0672474313019198,0.2271821538461538
99.mat,Normal,459,0.0100016473846153,0.0674839153747629,0.0667386386128903,0.2100756923076923
99.mat,Normal,460,0.0127874972307692,0.0642397693868306,0.0629541728993897,0.1927606153846154
99.mat,Normal,461,0.009598811076923,0.06783544957085,0.0671528930455633,0.214248
99.mat,Normal,462,0.011486363076923,0.0636450474247825,0.062599964256922,0.1967243076923076
99.mat,Normal,463,0.0121142953846153,0.0640991177227845,0.0629439491942924,0.1696043076923077
99.mat,Normal,464,0.0124132412307692,0.069149130454494,0.0680258310111634,0.2065292307692307
99.mat,Normal,465,0.0108215058461538,0.0694219483729383,0.0685733324778413,0.2196719999999999
99.mat,Normal,466,0.0143984252307692,0.0667675267415112,0.0651965334818682,0.1927606153846154
99.mat,Normal,467,0.011627387076923,0.070578143258696,0.0696137786333166,0.2079895384615384
99.mat,Normal,468,0.0125016941538461,0.0654999264750999,0.0642957853325332,0.1950553846153846
99.mat,Normal,469,0.0140861279999999,0.0701031307320536,0.0686733568161847,0.224052923076923
99.mat,Normal,470,0.012432851076923,0.0663966523275789,0.0652222328229297,0.2472092307692307
99.mat,Normal,471,0.0112733667692307,0.061901115040466,0.0608659120110708,0.1983932307692307
99.mat,Normal,472,0.01303116,0.0662842801407028,0.0649907275142044,0.2079895384615384
99.mat,Normal,473,0.0114319144615384,0.0660470683750777,0.0650501850319141,0.2200892307692307
99.mat,Normal,474,0.0155199415384615,0.0666335783893543,0.0648009659157405,0.2096584615384615
99.mat,Normal,475,0.0134419236923076,0.0682691097015091,0.066932697740991,0.2027741538461538
99.mat,Normal,476,0.0170073692307692,0.069077984500405,0.066951604420555,0.2467919999999999
99.mat,Normal,477,0.0156380178461538,0.0632900264607879,0.0613276434183689,0.1666836923076923
99.mat,Normal,478,0.0170536818461538,0.0620336727189984,0.0596435116881792,0.1975587692307692
99.mat,Normal,479,0.0168373476923076,0.0643974485768801,0.0621573415285778,0.1885883076923076
99.mat,Normal,480,0.0176816141538461,0.0722009735966719,0.0700024364520394,0.2367784615384615
99.mat,Normal,481,0.0146222695384615,0.0808965434221224,0.0795640620581422,0.3458843076923076
99.mat,Normal,482,0.0173559655384615,0.0724321604056242,0.0703220329715646,0.1963070769230769
99.mat,Normal,483,0.0130432596923076,0.0627968211383471,0.0614273076219411,0.1817039999999999
105.mat,Inner_Race,1,0.0159964491417165,0.2924325992220279,0.2919947580053582,1.3829726946107783
105.mat,Inner_Race,2,0.0152766990818363,0.2867659164724414,0.2863587144045773,1.4827078642714573
105.mat,Inner_Race,3,0.015340698522954,0.2883855886067754,0.2879772745980213,1.181228263473054
105.mat,Inner_Race,4,0.0155401688622754,0.282948320355318,0.2825212472428006,1.203806746506986
105.mat,Inner_Race,5,0.015049614770459,0.2846038161482463,0.284205632001559,1.2941206786427144
105.mat,Inner_Race,6,0.0162769746107784,0.2926964744861197,0.2922435393197321,1.5645751696606789
105.mat,Inner_Race,7,0.0141466378842315,0.2876469132388315,0.2872988328072362,1.5657122155688623
105.mat,Inner_Race,8,0.0157747251896207,0.2936694240578107,0.2932454410074233,1.3212473453093814
105.mat,Inner_Race,9,0.0139281626347305,0.2896947900294327,0.2893597720067832,1.5558036726546904
105.mat,Inner_Race,10,0.0147249069461077,0.295886970432539,0.2955203485162648,1.3495110578842315
105.mat,Inner_Race,11,0.0150229754091816,0.2818490691397213,0.2814484108762786,1.5845546906187624
105.mat,Inner_Race,12,0.0145507764870259,0.2946313281792102,0.2942718036922159,1.4227693013972056
105.mat,Inner_Race,13,0.0143797322954091,0.2810879606846764,0.2807199047822982,1.5072355688622756
105.mat,Inner_Race,14,0.0145798523752495,0.2961677761501303,0.2958086873883687,1.511134011976048
105.mat,Inner_Race,15,0.0144216405588822,0.2868798496470083,0.2865171276155763,1.3893076646706586
105.mat,Inner_Race,16,0.014883768502994,0.2910547581478828,0.2906739508034248,1.4927788423153694
105.mat,Inner_Race,17,0.0140384560878243,0.2843176940446442,0.2839709014979073,1.3605566467065868
105.mat,Inner_Race,18,0.0140884861077844,0.2934767784360378,0.2931384212968098,1.3608815169660675
105.mat,Inner_Race,19,0.0144209908183632,0.2874202271649926,0.2870582205884246,1.4284545309381238
105.mat,Inner_Race,20,0.0130136528542914,0.2970271530647883,0.2967419324887555,1.4373884630738525
105.mat,Inner_Race,21,0.0146207860279441,0.285890431404038,0.2855163241993565,1.194385508982036
105.mat,Inner_Race,22,0.014120648263473,0.2933025183750541,0.2929624115441573,1.3126382834331338
105.mat,Inner_Race,23,0.0145660453892215,0.2904639227105506,0.2900984672798528,1.3054911377245508
105.mat,Inner_Race,24,0.0136638806786427,0.2863597956366262,0.2860336185168627,1.224436007984032
105.mat,Inner_Race,25,0.0152489226746507,0.3021760562761,0.3017910524582187,1.5044741716566867
105.mat,Inner_Race,26,0.0144575387225548,0.2858867871242881,0.2855209880662609,1.4734490618762477
105.mat,Inner_Race,27,0.014737252015968,0.2941350572411815,0.2937656298842513,1.3173489021956089
105.mat,Inner_Race,28,0.0134717199201596,0.2858264526912822,0.2855087981489792,1.2996434730538922
105.mat,Inner_Race,29,0.015465936007984,0.3090339029861526,0.3086466556084024,1.4872560479041916
105.mat,Inner_Race,30,0.013829564510978,0.2872699246537705,0.2869368445425224,1.2047813572854291
105.mat,Inner_Race,31,0.0148845806786427,0.3075145089254945,0.3071540695769942,1.3729017165668662
105.mat,Inner_Race,32,0.0145975578043912,0.2857904124691385,0.2854173631113352,1.297369381237525
105.mat,Inner_Race,33,0.0145741671457085,0.3043344889925989,0.3039853201100264,1.407662834331337
105.mat,Inner_Race,34,0.0149883767265469,0.2883001938476541,0.2879103164801464,1.6389704590818364
105.mat,Inner_Race,35,0.0144422698203592,0.3039666870945462,0.3036233978231415,1.5653873453093812
105.mat,Inner_Race,36,0.0151092284630738,0.2709493932105694,0.2705277895086314,1.4875809181636723
105.mat,Inner_Race,37,0.014647100518962,0.2977878432181908,0.2974274062942573,1.4430736926147705
105.mat,Inner_Race,38,0.0142458857485029,0.2877657613276638,0.2874129226943885,1.6258132135728545
105.mat,Inner_Race,39,0.0150073816367265,0.2973676808089423,0.2969887474065283,1.4585050299401197
105.mat,Inner_Race,40,0.0141159376447105,0.2831988129287264,0.2828467923605471,1.18626375249501
105.mat,Inner_Race,41,0.0142546572455089,0.298383267933095,0.29804257972519,1.601935249500998
105.mat,Inner_Race,42,0.0153048003592814,0.2886724437123594,0.2882664441880599,1.2205375648702594
105.mat,Inner_Race,43,0.0135776276247504,0.2959621156147309,0.2956505063537537,1.7026450299401197
105.mat,Inner_Race,44,0.0154217536526946,0.2867072822929447,0.2862922200027131,1.3413893013972056
105.mat,Inner_Race,45,0.0129379580838323,0.2907364422722435,0.2904484258964793,1.6513155289421158
105.mat,Inner_Race,46,0.0149573516167664,0.2876574234286779,0.2872682907775206,1.3290442315369262
105.mat,Inner_Race,47,0.0145241371257485,0.2903901862060862,0.290026739604399,1.61509249500998
105.mat,Inner_Race,48,0.0133908272255489,0.2951102629352313,0.2948062974834779,1.2042940518962075
105.mat,Inner_Race,49,0.0140802019161676,0.2947200109406008,0.2943834790928794,1.6638230339321358
105.mat,Inner_Race,50,0.0138659499800399,0.2967679975102615,0.2964438897622983,1.228496886227545
105.mat,Inner_Race,51,0.0140940089021956,0.2897579325965813,0.2894149588665206,1.4089623153692614
105.mat,Inner_Race,52,0.0141584956487025,0.2942603385935876,0.2939195193759313,1.200070738522954
105.mat,Inner_Race,53,0.013701240758483,0.2931842045882567,0.2928638827539627,1.5579153293413173
105.mat,Inner_Race,54,0.0147114248303393,0.2938910343565232,0.2935225954753882,1.1817155688622756
105.mat,Inner_Race,55,0.0134406948103792,0.2908211927981723,0.2905104368238187,1.3969421157684632
105.mat,Inner_Race,56,0.0137626412375249,0.2860876924137341,0.2857564652930577,1.5907272255489022
105.mat,Inner_Race,57,0.014659608023952,0.285219621135283,0.284842637561757,1.3985664670658684
105.mat,Inner_Race,58,0.0134916994411177,0.291820603890076,0.2915085571659246,1.1500407185628745
105.mat,Inner_Race,59,0.0145660453892215,0.2906293772147045,0.2902641300986502,1.3136128942115768
105.mat,Inner_Race,60,0.0130584849500998,0.2838148694774512,0.2835142961250996,1.5332251896207585
105.mat,Inner_Race,61,0.0143714481037924,0.292519826852038,0.2921665801917569,1.30208
105.mat,Inner_Race,62,0.0130591346906187,0.2854828734895535,0.2851840284044404,1.3504856686626747
105.mat,Inner_Race,63,0.0134122686626746,0.3014329975683284,0.30113446012097,1.4541192814371258
105.mat,Inner_Race,64,0.013092758762475,0.2796566453114747,0.2793499936188572,1.3548714171656688
105.mat,Inner_Race,65,0.0121524217964071,0.2935538494558153,0.2933022011080204,1.3763128542914171
105.mat,Inner_Race,66,0.0125654943313373,0.2884014288947325,0.2881275629660109,1.401652734530938
105.mat,Inner_Race,67,0.0130622209580838,0.2958953612388807,0.2956069065267757,1.309876886227545
105.mat,Inner_Race,68,0.0117591663473053,0.2829530195530045,0.2827085659844415,1.242303872255489
105.mat,Inner_Race,69,0.0133010005988023,0.2945493347773087,0.294248864060383,1.322709261477046
105.mat,Inner_Race,70,0.0122133349700598,0.2885787993869876,0.2883202349897495,1.3798864271457083
105.mat,Inner_Race,71,0.0129866886227544,0.3001162754376847,0.299835162549698,1.4987889421157683
105.mat,Inner_Race,72,0.0118142318562874,0.284960484399401,0.2847154748073717,1.4191957285429142
105.mat,Inner_Race,73,0.0123239532934131,0.2955083365156516,0.2952512440709935,1.2647199201596808
105.mat,Inner_Race,74,0.0124897995608782,0.292712942958142,0.2924463572728264,1.2868110978043912
105.mat,Inner_Race,75,0.0115709040319361,0.2891850876461502,0.2889535068082672,1.4380382035928143
105.mat,Inner_Race,76,0.0128994609580838,0.2937936428792037,0.293510320948385,1.3425263473053892
105.mat,Inner_Race,77,0.011902759001996,0.2990733310922392,0.2988363794767106,1.5135705389221557
105.mat,Inner_Race,78,0.0124659215968063,0.2997190117676345,0.2994596580738543,1.264232614770459
105.mat,Inner_Race,79,0.0128785068263473,0.2932954777923269,0.2930125958987993,1.4511954491017964
105.mat,Inner_Race,80,0.0125232611976047,0.2966799971421293,0.2964155674610063,1.245390139720559
105.mat,Inner_Race,81,0.0116608930938123,0.2894758384003466,0.2892408764159006,1.4848195209580837
105.mat,Inner_Race,82,0.0131920066267465,0.2863379974942068,0.2860339486322423,1.225085748502994
105.mat,Inner_Race,83,0.0124105312175648,0.2940852100941327,0.2938232283380741,1.3577952495009982
105.mat,Inner_Race,84,0.0124352213572854,0.2957633616042563,0.2955018296681857,1.447297005988024
105.mat,Inner_Race,85,0.0115975433932135,0.2870211190826148,0.2867867148015736,1.3241711776447105
105.mat,Inner_Race,86,0.0134910497005988,0.2974869825872753,0.2971809152466857,1.739030499001996
105.mat,Inner_Race,87,0.0121100262275449,0.291399874893865,0.2911481312887451,1.4851443912175648
105.mat,Inner_Race,88,0.0128252281037924,0.2969556559762245,0.2966785720950461,1.599661157684631
105.mat,Inner_Race,89,0.0120109407984031,0.2881961687034791,0.2879457743334697,1.4031146506986028
105.mat,Inner_Race,90,0.0131796615568862,0.2913619998709938,0.2910637584620781,1.5554788023952095
105.mat,Inner_Race,91,0.0118298256287425,0.2914287513393068,0.2911885511705107,1.4089623153692614
105.mat,Inner_Race,92,0.0126494732934131,0.2959199857050828,0.2956495032383712,1.6963100598802394
105.mat,Inner_Race,93,0.0121444624750498,0.2848803323329998,0.2846213551042025,1.4463223952095807
105.mat,Inner_Race,94,0.0127111986427145,0.2921432169782319,0.2918665528207296,1.5666868263473055
105.mat,Inner_Race,95,0.0123837294211576,0.291115539912503,0.2908520256490776,1.4970021556886228
105.mat,Inner_Race,96,0.0120130524550898,0.2913352408244855,0.2910874595666605,1.33960251497006
105.mat,Inner_Race,97,0.0128718469860279,0.2897537581323535,0.2894677113375353,1.3802112974051897
105.mat,Inner_Race,98,0.0110444517764471,0.2889270336207974,0.2887158652410206,1.3383030339321358
105.mat,Inner_Race,99,0.0138627012774451,0.3018714773338826,0.3015530041983219,1.4474594411177644
105.mat,Inner_Race,100,0.0119992454690618,0.2874687125138888,0.2872181727930286,1.4049014371257484
105.mat,Inner_Race,101,0.0131993162075848,0.2930763588931439,0.2927789784013105,1.46792626746507
105.mat,Inner_Race,102,0.0116071270658682,0.2789554857092777,0.2787138992023465,1.5018752095808383
105.mat,Inner_Race,103,0.0131088398403193,0.3023824606512104,0.302098180774929,1.3701403193612776
105.mat,Inner_Race,104,0.0131408395608782,0.2831530329537247,0.2828479421995648,1.3992162075848302
105.mat,Inner_Race,105,0.0118827794810379,0.2901189909753604,0.2898755396310049,1.275440638722555
105.mat,Inner_Race,106,0.0121202596407185,0.2813249737348416,0.2810637652796085,1.462078602794411
105.mat,Inner_Race,107,0.0125447026347305,0.2923644082745902,0.2920951517255249,1.5481692215568863
105.mat,Inner_Race,108,0.0115592087025948,0.2839685114165182,0.283733149579465,1.4092871856287426
105.mat,Inner_Race,109,0.0128643749700598,0.3001484700065492,0.2998726594804902,1.3681910978043912
105.mat,Inner_Race,110,0.011215983273453,0.2893242860292403,0.2891068041495033,1.4869311776447105
105.mat,Inner_Race,111,0.0136021553293413,0.2994721568412223,0.2991630894571223,1.3241711776447105
105.mat,Inner_Race,112,0.0118967489021956,0.2872443344283183,0.2869978658922845,1.608432654690619
105.mat,Inner_Race,113,0.0121935178842315,0.2936685530395763,0.2934152981116789,1.3798864271457083
105.mat,Inner_Race,114,0.0126891074650698,0.285471691479094,0.2851895390572294,1.4723120159680638
105.mat,Inner_Race,115,0.0116574819560878,0.3011152351415451,0.3008894945803052,1.423419041916168
105.mat,Inner_Race,116,0.0125659816367265,0.2841825474906339,0.2839045903182473,1.1601116966067864
105.mat,Inner_Race,117,0.0116857456686626,0.298092337647462,0.2978631986538381,1.344638003992016
105.mat,Inner_Race,118,0.0121584318962075,0.289550954692085,0.2892955718584769,1.4373884630738525
105.mat,Inner_Race,119,0.0106788102994011,0.2908056022664456,0.2906094652968818,1.4001908183632734
105.mat,Inner_Race,120,0.0127038890618762,0.2929443543142626,0.2926687648644859,1.3896325349301395
105.mat,Inner_Race,121,0.0123554657085828,0.2945656516491088,0.2943064144706808,1.340252255489022
106.mat,Inner_Race,1,0.0055653524151696,0.2910132529125671,0.2909600320031064,1.3974294211576843
106.mat,Inner_Race,2,0.0054831602395209,0.2991138844500269,0.2990636233723048,1.528677005988024
106.mat,Inner_Race,3,0.0060075008383233,0.2900618287633961,0.2899996111018827,1.2317455888223554
106.mat,Inner_Race,4,0.0059845974850299,0.2930727154245033,0.2930116057756656,1.5808186826347306
106.mat,Inner_Race,5,0.005142533772455,0.2925566793656065,0.2925114783864548,1.3563333333333334
106.mat,Inner_Race,6,0.00614102251497,0.2965836856380036,0.2965201012226536,1.294283113772455
106.mat,Inner_Race,7,0.0055841948902195,0.2848785327973767,0.284823796787091,1.2104665868263471
106.mat,Inner_Race,8,0.0057812287025948,0.3077536952525078,0.3076993895610807,1.402464910179641
106.mat,Inner_Race,9,0.0062776304590818,0.288977088294341,0.2889088937968067,1.1883754091816368
106.mat,Inner_Race,10,0.0051618635528942,0.2886723077521993,0.288626153402012,1.1948728143712577
106.mat,Inner_Race,11,0.0063635586427145,0.295561509522098,0.2954929965877059,1.232557764471058
106.mat,Inner_Race,12,0.0058967200798403,0.2887009902260161,0.2886407636661569,1.3444755688622754
106.mat,Inner_Race,13,0.005489332774451,0.2884270745354726,0.2883748334213345,1.4084750099800398
106.mat,Inner_Race,14,0.0056626510578842,0.2890703582445355,0.2890148895794484,1.2668315768463074
106.mat,Inner_Race,15,0.0059751762475049,0.2943055034743376,0.2942448413211259,1.2871359680638723
106.mat,Inner_Race,16,0.0056473821556886,0.2913237425193346,0.2912689994322416,1.4107491017964071
106.mat,Inner_Race,17,0.0061601898602794,0.2906624634494113,0.2905971777553348,1.322059520958084
106.mat,Inner_Race,18,0.0061020380838323,0.2765085103805971,0.2764411717601418,1.3043540918163672
106.mat,Inner_Race,19,0.0057815535728542,0.3021421650803816,0.3020868443970124,1.4851443912175648
106.mat,Inner_Race,20,0.0060679267065868,0.2792150682765617,0.2791491261282551,1.2790142115768464
106.mat,Inner_Race,21,0.0058960703393213,0.2929418758332336,0.2928825344250617,1.5411845109780438
106.mat,Inner_Race,22,0.0059719275449101,0.288195330902424,0.2881334496988436,1.324983353293413
106.mat,Inner_Race,23,0.0059522728942115,0.2865403842314926,0.2864785545951464,1.469225748502994
106.mat,Inner_Race,24,0.0061661999600798,0.2841115334045419,0.2840446116220698,1.1968220359281436
106.mat,Inner_Race,25,0.0066156579640718,0.2991863081279674,0.2991131559141882,1.3373284231536926
106.mat,Inner_Race,26,0.0058695934131736,0.290238444051819,0.290179086563427,1.1688831936127746
106.mat,Inner_Race,27,0.0056246412375249,0.2961726052026545,0.2961191913461142,1.2405170858283432
106.mat,Inner_Race,28,0.0059561713373253,0.294865105031846,0.2948049426119616,1.4086374451097805
106.mat,Inner_Race,29,0.0074320569261477,0.2986239644280752,0.298531466784637,1.391906626746507
106.mat,Inner_Race,30,0.0056788945708582,0.2875680468384963,0.287511967957789,1.2271974051896208
106.mat,Inner_Race,31,0.0062459556087824,0.2800016960248479,0.2799320235616576,1.396617245508982
106.mat,Inner_Race,32,0.0069730152495009,0.3077828171384598,0.3077038179548911,1.409124750499002
106.mat,Inner_Race,33,0.0053920341317365,0.2859921908771982,0.2859413562440067,1.3470745309381238
106.mat,Inner_Race,34,0.0058978571257485,0.2935825745234132,0.2935233267478408,1.4737739321357284
106.mat,Inner_Race,35,0.0065579934930139,0.2903606550291432,0.2902865872035749,1.1375332135728542
106.mat,Inner_Race,36,0.005952597764471,0.3000468262939269,0.2999877739990621,1.5767578043912174
106.mat,Inner_Race,37,0.0053155271856287,0.2882929260327451,0.288243918186075,1.3863838323353292
106.mat,Inner_Race,38,0.0061522305389221,0.2915461618504757,0.2914812421908823,1.4107491017964071
106.mat,Inner_Race,39,0.006617444750499,0.28823025747782,0.2881542828949528,1.4804337724550898
106.mat,Inner_Race,40,0.0057108942914171,0.3036824117119405,0.3036287089021274,1.4809210778443114
106.mat,Inner_Race,41,0.0056200930538922,0.293350588291165,0.293296747688818,1.2096544111776448
106.mat,Inner_Race,42,0.0075480356087824,0.2894522042838937,0.2893537726093328,1.4362514171656686
106.mat,Inner_Race,43,0.0052976593213572,0.2891120032281956,0.2890634622644913,1.4362514171656686
106.mat,Inner_Race,44,0.0057774926946107,0.2856105279112635,0.2855520867230957,1.5047990419161676
106.mat,Inner_Race,45,0.0052162793213572,0.2960915006545515,0.2960455491810438,1.4419366467065868
106.mat,Inner_Race,46,0.0073675701796407,0.2908111416773282,0.2907177996499684,1.4555811976047903
106.mat,Inner_Race,47,0.0055487840319361,0.2825465308660311,0.2824920407731801,1.3460999201596806
106.mat,Inner_Race,48,0.0056862041516966,0.2869240536590199,0.2868677040910485,1.4650024351297406
106.mat,Inner_Race,49,0.0067137687824351,0.2904457164268263,0.2903681103348444,1.478646986027944
106.mat,Inner_Race,50,0.0060580181636726,0.2917240584644761,0.2916611504861655,1.2674813173652697
106.mat,Inner_Race,51,0.0050986762874251,0.2964705196596268,0.2964266731037631,1.3524348902195609
106.mat,Inner_Race,52,0.0070758366866267,0.2996625858701326,0.2995790344893294,1.5788694610778442
106.mat,Inner_Race,53,0.0065074761676646,0.2984601083640469,0.2983891570392696,1.3564957684630738
106.mat,Inner_Race,54,0.0054612314970059,0.2893286412362044,0.2892770948245374,1.459804510978044
106.mat,Inner_Race,55,0.0060372264670658,0.2855108691100977,0.2854470323485404,1.3558460279441118
106.mat,Inner_Race,56,0.0066705610379241,0.3035114353725057,0.3034381238692957,1.5579153293413173
106.mat,Inner_Race,57,0.006808955768463,0.2892466482997557,0.2891664947292229,1.426667744510978
106.mat,Inner_Race,58,0.0056935137325349,0.2854339378554636,0.2853771483161434,1.4308910578842315
106.mat,Inner_Race,59,0.0070180097804391,0.2995856374560514,0.2995034252035697,1.2950952894211576
106.mat,Inner_Race,60,0.006711332255489,0.2931844675541156,0.2931076424018089,1.2181010379241517
106.mat,Inner_Race,61,0.0055564184830339,0.292893752576847,0.2928410430800107,1.455093892215569
106.mat,Inner_Race,62,0.0056967624351297,0.2964212871599317,0.2963665405866668,1.4719871457085827
106.mat,Inner_Race,63,0.0071149835528942,0.3023838433321661,0.3023001252354588,1.3337548502994012
106.mat,Inner_Race,64,0.0061527178443113,0.2940337478374643,0.2939693673335264,1.5127583632734531
106.mat,Inner_Race,65,0.0059508109780439,0.297450651497845,0.2973911194457494,1.330831017964072
106.mat,Inner_Race,66,0.0055905298602794,0.2928789578148257,0.2928255963992557,1.5143827145708584
106.mat,Inner_Race,67,0.0071234301796407,0.3009509393716185,0.3008666226937368,1.200720479041916
106.mat,Inner_Race,68,0.0057744064271457,0.2852008397671381,0.2851423771281549,1.3475618363273454
106.mat,Inner_Race,69,0.0061564538522954,0.3022097635558386,0.30214704907452,1.415459720558882
106.mat,Inner_Race,70,0.0068362448702594,0.2958111641291078,0.2957321602049594,1.2665067065868263
106.mat,Inner_Race,71,0.0056140829540918,0.2978684136886214,0.2978155031994812,1.4869311776447105
106.mat,Inner_Race,72,0.0055560936127744,0.2882933134912565,0.2882397689902175,1.4840073453093812
106.mat,Inner_Race,73,0.0059912573253493,0.2958401751313064,0.2957795024294001,1.494890499001996
106.mat,Inner_Race,74,0.0061468701796407,0.2895634067170606,0.2894981562922025,1.3426887824351297
106.mat,Inner_Race,75,0.0049245458283433,0.2963345097060546,0.2962935883395257,1.2164766866267465
106.mat,Inner_Race,76,0.0050294789221556,0.288910443912972,0.2888666629151972,1.4282920958083831
106.mat,Inner_Race,77,0.0068823764471057,0.2943921242300221,0.2943116642321624,1.1963347305389225
106.mat,Inner_Race,78,0.0050150221956087,0.2937625328640044,0.2937197222984061,1.4559060678642717
106.mat,Inner_Race,79,0.0059067910578842,0.2886563573301126,0.2885959155055527,1.378749381237525
106.mat,Inner_Race,80,0.0052019850299401,0.3040160930781508,0.3039715845309413,1.4822205588822357
106.mat,Inner_Race,81,0.0059902827145708,0.2829752360262292,0.2829118249863367,1.1372083433133733
106.mat,Inner_Race,82,0.0052318730938123,0.2945947524811629,0.2945482909360839,1.3477242714570858
106.mat,Inner_Race,83,0.0057960102994012,0.2934775194810419,0.2934202799830893,1.2190756487025949
106.mat,Inner_Race,84,0.0060304041916167,0.2890837412708115,0.2890208360869769,1.2962323353293412
106.mat,Inner_Race,85,0.0051909394411177,0.2830696141327728,0.2830220143257332,1.1277871057884232
106.mat,Inner_Race,86,0.0050127481037924,0.2973343860949379,0.2972921282356826,1.331480758483034
106.mat,Inner_Race,87,0.0061553168063872,0.2858749635339977,0.2858086892496054,1.3556835928143711
106.mat,Inner_Race,88,0.0058769029940119,0.2980525982720033,0.2979946532203073,1.438525508982036
106.mat,Inner_Race,89,0.0051628381636726,0.2878806249294836,0.2878343261528856,1.320597604790419
106.mat,Inner_Race,90,0.0058890856287425,0.3008837630827141,0.3008261251242521,1.480758642714571
106.mat,Inner_Race,91,0.0057836652295409,0.2898643183397357,0.2898066118346375,1.1591370858283432
106.mat,Inner_Race,92,0.005121904510978,0.2842251412337696,0.2841789876179036,1.1874007984031936
106.mat,Inner_Race,93,0.00523333500998,0.2939439565022995,0.2938973660462085,1.1237262275449102
106.mat,Inner_Race,94,0.0059592576047904,0.2967425364273897,0.2966826927445557,1.3448004391217565
106.mat,Inner_Race,95,0.0052935984431137,0.293475670258968,0.2934279244541555,1.3977542914171657
106.mat,Inner_Race,96,0.0064970803193612,0.2828979573369003,0.282823340997016,1.2345069860279445
106.mat,Inner_Race,97,0.0041292634331337,0.3037159753984432,0.3036879037691944,1.476372894211577
106.mat,Inner_Race,98,0.0062357221956087,0.283084140398015,0.2830154524289836,1.261958522954092
106.mat,Inner_Race,99,0.0048595717764471,0.2928133539663682,0.2927730261195236,1.3901198403193613
106.mat,Inner_Race,100,0.0054755257884231,0.298701246041045,0.2986510555879775,1.409774491017964
106.mat,Inner_Race,101,0.0054802364071856,0.2960254736226248,0.2959747422372739,1.4451853493013973
106.mat,Inner_Race,102,0.0051215796407185,0.2901796482758808,0.2901344476195435,1.5069106986027945
106.mat,Inner_Race,103,0.0050452351297405,0.2871819651090944,0.2871376441472046,1.327744750499002
106.mat,Inner_Race,104,0.0055622661477045,0.3022863137855091,0.3022351347830582,1.4029522155688623
106.mat,Inner_Race,105,0.0048611961277445,0.295514932057724,0.2954749462158997,1.499601117764471
106.mat,Inner_Race,106,0.0055033021956087,0.2865839026809921,0.2865310575501584,1.243928223552894
106.mat,Inner_Race,107,0.0046654617964071,0.2952693761899653,0.2952325151162004,1.4102617964071855
106.mat,Inner_Race,108,0.0054373535329341,0.3018620709333163,0.3018130962279609,1.2600093013972056
106.mat,Inner_Race,109,0.0050077126147704,0.2879789687996609,0.2879354255476112,1.386871137724551
106.mat,Inner_Race,110,0.0052918116566866,0.2984632730461292,0.2984163569357391,1.2293090618762474
106.mat,Inner_Race,111,0.0051085848303393,0.3006298603594169,0.3005864522907739,1.366566746506986
106.mat,Inner_Race,112,0.0053402173253493,0.2958705743811012,0.2958223772190346,1.5419966866267465
106.mat,Inner_Race,113,0.0055370887025948,0.2994463614528551,0.2993951636818029,1.3360289421157685
106.mat,Inner_Race,114,0.004980423512974,0.2923505181248011,0.2923080923092467,1.1854515768463072
106.mat,Inner_Race,115,0.005113782754491,0.2927226866243396,0.2926780150447095,1.426342874251497
106.mat,Inner_Race,116,0.0050808084231536,0.2982884530333173,0.2982451786681165,1.423419041916168
106.mat,Inner_Race,117,0.0057713201596806,0.2938648430206158,0.2938081650110248,1.2455525748502996
106.mat,Inner_Race,118,0.0050427986027944,0.2991897599878942,0.2991472591615464,1.5361490219560878
106.mat,Inner_Race,119,0.0057812287025948,0.2893368740644046,0.2892791110468391,1.4762104590818363
106.mat,Inner_Race,120,0.0052190407185628,0.289252515804788,0.2892054278767553,1.4900174451097803
106.mat,Inner_Race,121,0.0054942058283433,0.2966731147106606,0.2966222356709634,1.3826478243512974
108.mat,Inner_Race,1,0.0046562029940119,0.3297184064461884,0.3296855279248581,1.5354992814371258
108.mat,Inner_Race,2,0.0044781740918163,0.31734242447259,0.3173108260474969,1.3936934131736527
108.mat,Inner_Race,3,0.0052209899401197,0.3231523046517318,0.3231101256008094,1.41789624750499
108.mat,Inner_Race,4,0.0037049828742514,0.3173065150528577,0.3172848839716303,1.2444155289421155
108.mat,Inner_Race,5,0.0048244857884231,0.3180912703387394,0.3180546817806496,1.396292375249501
108.mat,Inner_Race,6,0.0039515594011976,0.3160228972088326,0.3159981910368526,1.2343445508982036
108.mat,Inner_Race,7,0.0052911619161676,0.2999652172777158,0.2999185475792456,1.3222219560878246
108.mat,Inner_Race,8,0.0047102938922155,0.3090343461483186,0.3089984469714496,1.2598468662674651
108.mat,Inner_Race,9,0.0039798231137724,0.3047708897222467,0.3047449035342067,1.2991561676646708
108.mat,Inner_Race,10,0.0046719592015968,0.3098287353834833,0.309793508754698,1.2665067065868263
108.mat,Inner_Race,11,0.004753176766467,0.3003285739866744,0.300290958344563,1.2931460678642714
108.mat,Inner_Race,12,0.0044296059880239,0.3009628460486087,0.3009302465563562,1.331155888223553
108.mat,Inner_Race,13,0.0038940573652694,0.3042463962573836,0.3042214751670909,1.3303437125748503
108.mat,Inner_Race,14,0.0046609136127744,0.3055578389867416,0.3055222886313563,1.2380805588822357
108.mat,Inner_Race,15,0.0045689753293413,0.3087011207804858,0.3086673070403925,1.313937764471058
108.mat,Inner_Race,16,0.0037329217165668,0.3004586649111324,0.3004354749619927,1.3694905788423155
108.mat,Inner_Race,17,0.0048457647904191,0.3008850160706863,0.3008459929257046,1.2489637125748505
108.mat,Inner_Race,18,0.0045554932135728,0.3096641669907205,0.309630657073291,1.3054911377245508
108.mat,Inner_Race,19,0.0052801163273453,0.3142788163779348,0.3142344583197161,1.2962323353293412
108.mat,Inner_Race,20,0.00431314,0.2958595187226991,0.2958280778461834,1.398891337325349
108.mat,Inner_Race,21,0.0046558781237524,0.3106892831481346,0.3106543955298211,1.2483139720558882
108.mat,Inner_Race,22,0.0047242633133732,0.3037765488097921,0.3037398112578164,1.2556235528942117
108.mat,Inner_Race,23,0.004453971257485,0.3161189730661999,0.3160875943033297,1.3551962874251495
108.mat,Inner_Race,24,0.0042070698602794,0.31477374665519,0.314745630861711,1.2665067065868263
108.mat,Inner_Race,25,0.0042252625948103,0.29642651823924,0.2963964032700859,1.2354815968063872
108.mat,Inner_Race,26,0.0047921611976047,0.3160056103157591,0.3159692721485612,1.35211001996008
108.mat,Inner_Race,27,0.0047221516566866,0.3046771598729191,0.3046405636680046,1.2260603592814372
108.mat,Inner_Race,28,0.0036720085429141,0.321056585213697,0.3210355856635533,1.483032734530938
108.mat,Inner_Race,29,0.0047647096606786,0.3129041453020959,0.3128678661816911,1.4659770459081836
108.mat,Inner_Race,30,0.0043251601996007,0.3052463663862543,0.305215722369047,1.4320281037924152
108.mat,Inner_Race,31,0.0050278545708582,0.3259965592015781,0.3259577845207602,1.3755006786427146
108.mat,Inner_Race,32,0.0042272118163672,0.318366218747218,0.3183381534149827,1.267318882235529
108.mat,Inner_Race,33,0.0043786013572854,0.3209241499546776,0.3208942783445763,1.345612614770459
108.mat,Inner_Race,34,0.0045525693812375,0.3186671634658807,0.3186346421584122,1.3188108183632734
108.mat,Inner_Race,35,0.0047435930938123,0.3037998129159878,0.3037627769367891,1.477672375249501
108.mat,Inner_Race,36,0.0042925107385229,0.3229474993038436,0.3229189707313055,1.41480998003992
108.mat,Inner_Race,37,0.0045158590419161,0.3245903886407651,0.3245589737090572,1.4221195608782435
108.mat,Inner_Race,38,0.0041070098203592,0.3187207777492744,0.3186943153547578,1.4578552894211578
108.mat,Inner_Race,39,0.0048015824351297,0.3078757231959591,0.3078382785482557,1.2232989620758483
108.mat,Inner_Race,40,0.0059170244710578,0.3144609815078038,0.3144053080217639,1.2668315768463074
108.mat,Inner_Race,41,0.0039630922954091,0.3208527106580765,0.3208282341629138,1.3832975648702597
108.mat,Inner_Race,42,0.0048724041516966,0.3146016380115851,0.3145639049817302,1.221674610778443
108.mat,Inner_Race,43,0.0046436954890219,0.3056493716580775,0.3056140940584757,1.4541192814371258
108.mat,Inner_Race,44,0.0052276497804391,0.3085575303088682,0.3085132431324159,1.3210849101796407
108.mat,Inner_Race,45,0.0041880649500998,0.3153404974997495,0.3153126852433363,1.3191356886227543
108.mat,Inner_Race,46,0.0043064801596806,0.3217041794032293,0.3216753538494042,1.3910944510978045
108.mat,Inner_Race,47,0.0048201000399201,0.3108840843092519,0.3108467154602204,1.507073133732535
108.mat,Inner_Race,48,0.0058557864271457,0.2966132757896196,0.2965554672231968,1.2361313373253493
108.mat,Inner_Race,49,0.0044994530938123,0.3067872028227072,0.3067542057374885,1.222161916167665
108.mat,Inner_Race,50,0.0032712810778443,0.3184014000326809,0.31838459488939,1.314912375249501
108.mat,Inner_Race,51,0.0055928039520958,0.3069744056302854,0.3069234534147243,1.23629377245509
108.mat,Inner_Race,52,0.0043920834730538,0.3058906607455078,0.3058591275964951,1.3823229540918165
108.mat,Inner_Race,53,0.00496418,0.3133845812000653,0.3133452610952779,1.4960275449101796
108.mat,Inner_Race,54,0.0041138320958083,0.3243963924938919,0.3243703066689962,1.2536743313373255
108.mat,Inner_Race,55,0.004679918522954,0.3067613990510974,0.3067256988098733,1.204131616766467
108.mat,Inner_Race,56,0.004842678522954,0.3080646340851598,0.308026569046806,1.3038667864271458
108.mat,Inner_Race,57,0.0047749430738522,0.3127683396138808,0.3127318886577852,1.329369101796407
108.mat,Inner_Race,58,0.0037720685828343,0.2950614305910154,0.2950373185226286,1.211603632734531
108.mat,Inner_Race,59,0.0047720192415169,0.3248701503246124,0.3248351003267579,1.2913592814371258
108.mat,Inner_Race,60,0.0047088319760479,0.3182482907024643,0.3182134526327597,1.5091847904191618
108.mat,Inner_Race,61,0.0037797030339321,0.3140694153674456,0.3140466709172768,1.3449628742514972
108.mat,Inner_Race,62,0.0051188182435129,0.3173505401540502,0.317309254570139,1.3579576846307384
108.mat,Inner_Race,63,0.0050070628742514,0.3199051647292025,0.3198659777809942,1.2806385628742514
108.mat,Inner_Race,64,0.0048805259081836,0.3239565152633177,0.3239197497041693,1.4146475449101796
108.mat,Inner_Race,65,0.0053592222355289,0.3191987191254538,0.3191537263269232,1.2678061876247504
108.mat,Inner_Race,66,0.0047254003592814,0.3128833637610471,0.3128476784473112,1.5075604391217563
108.mat,Inner_Race,67,0.0052609489820359,0.3200619300194413,0.3200186892410788,1.322709261477046
108.mat,Inner_Race,68,0.0047296236726546,0.3093448967698781,0.309308738669766,1.2440906586826348
108.mat,Inner_Race,69,0.0049329924550898,0.3137653820791431,0.3137266016401999,1.2840497005988023
108.mat,Inner_Race,70,0.0040821572455089,0.3054401100728874,0.3054128301718193,1.431703233532934
108.mat,Inner_Race,71,0.005722264750499,0.2975809471040796,0.2975259245267313,1.2067305788423153
108.mat,Inner_Race,72,0.0048761401596806,0.3079333963074429,0.3078947869298534,1.3987289021956089
108.mat,Inner_Race,73,0.0053701053892215,0.3148739907200897,0.3148281944173739,1.328069620758483
108.mat,Inner_Race,74,0.0048676935329341,0.3026904525276824,0.3026513102748484,1.3184859481037925
108.mat,Inner_Race,75,0.0053280346906187,0.3158665848265867,0.3158216450092471,1.2647199201596808
108.mat,Inner_Race,76,0.005219528023952,0.307782419238235,0.307738158373881,1.3758255489021958
108.mat,Inner_Race,77,0.0049128504990019,0.3144121226731778,0.314373737427012,1.4848195209580837
108.mat,Inner_Race,78,0.0049742509780439,0.3160360020699278,0.3159968535152698,1.4328402794411177
108.mat,Inner_Race,79,0.0042160037924151,0.3111770799209161,0.3111485182033341,1.3893076646706586
108.mat,Inner_Race,80,0.004904079001996,0.3268949431828976,0.3268581556083496,1.2769025548902195
108.mat,Inner_Race,81,0.0049833473453093,0.3070489821524214,0.3070085400930631,1.3418766067864272
108.mat,Inner_Race,82,0.0045447724950099,0.3100151236386069,0.3099818090269642,1.343988263473054
108.mat,Inner_Race,83,0.0043441651097804,0.3178236659676504,0.3177939755228465,1.2283344510978045
108.mat,Inner_Race,84,0.0046765073852295,0.3094355707725325,0.309400230668949,1.4258555688622754
108.mat,Inner_Race,85,0.0055333526946107,0.3228755000528807,0.3228280820225447,1.313937764471058
108.mat,Inner_Race,86,0.0046821926147704,0.3082031378331077,0.3081675700694214,1.2785269061876248
108.mat,Inner_Race,87,0.0043761648303393,0.3207754200115047,0.3207455678024795,1.3300188423153694
108.mat,Inner_Race,88,0.0051348993213572,0.3185491106859065,0.3185077216140001,1.4201703393213572
108.mat,Inner_Race,89,0.0045598789620758,0.3099979281460585,0.3099643898235732,1.3054911377245508
108.mat,Inner_Race,90,0.0046675734530938,0.3296146237550796,0.3295815740469461,1.4320281037924152
108.mat,Inner_Race,91,0.0040535686626746,0.3200626651568427,0.3200369950621306,1.2954201596806387
108.mat,Inner_Race,92,0.0048789015568862,0.3287531074091668,0.3287169024415711,1.50544878243513
108.mat,Inner_Race,93,0.0048956323752495,0.3239695074123681,0.3239325153742039,1.3332675449101796
108.mat,Inner_Race,94,0.0047777044710578,0.3273376984685497,0.3273028297749264,1.3920690618762477
108.mat,Inner_Race,95,0.0039504223552894,0.3341834369744401,0.3341600869512462,1.4005156886227546
108.mat,Inner_Race,96,0.0047171161676646,0.3247701982445769,0.3247359396230768,1.517468982035928
108.mat,Inner_Race,97,0.0045936654690618,0.303718084920993,0.3036833438725836,1.220050259481038
108.mat,Inner_Race,98,0.0046004877445109,0.3172647135330143,0.3172313571601934,1.353734371257485
108.mat,Inner_Race,99,0.0043880225948103,0.3080274664052532,0.3079962099080877,1.3470745309381238
108.mat,Inner_Race,100,0.004179780758483,0.3153913269486262,0.315363629081139,1.4177338123752496
108.mat,Inner_Race,101,0.004632974770459,0.3090082583918048,0.3089735252398054,1.2819380439121757
108.mat,Inner_Race,102,0.0055123985628742,0.3097266417757722,0.3096775840899394,1.2263852295409183
108.mat,Inner_Race,103,0.0042439426347305,0.3104505226322828,0.3104215133549391,1.380048862275449
108.mat,Inner_Race,104,0.0031718707784431,0.299864023993375,0.2998472479801411,1.2080300598802396
108.mat,Inner_Race,105,0.0059945060279441,0.3071221607092997,0.3070636538182757,1.201045349301397
108.mat,Inner_Race,106,0.0048332572854291,0.3151405258626232,0.3151034602554905,1.3430136526946108
108.mat,Inner_Race,107,0.0054534346107784,0.3325866782004659,0.3325419651222477,1.6714574850299402
108.mat,Inner_Race,108,0.0047916738922155,0.3308179317728378,0.3307832278755509,1.2920090219560878
108.mat,Inner_Race,109,0.0055323780838323,0.3330204575804513,0.3329745004648715,1.464190259481038
108.mat,Inner_Race,110,0.0053536994411177,0.3248783455229916,0.3248342304807954,1.3514602794411177
108.mat,Inner_Race,111,0.0053200753692614,0.3368619861488243,0.3368199734430784,1.3810234730538922
108.mat,Inner_Race,112,0.0049107388423153,0.3186781280790298,0.3186402892918237,1.3501607984031936
108.mat,Inner_Race,113,0.00527085752495,0.3338881519177641,0.3338465456643389,1.4575304191616767
108.mat,Inner_Race,114,0.0048853989620758,0.3091472550799924,0.3091086511252561,1.2293090618762474
108.mat,Inner_Race,115,0.0045374629141716,0.3012354491047627,0.3012012736155852,1.3485364471057886
108.mat,Inner_Race,116,0.00542111001996,0.3107667832122162,0.3107194958708257,1.3979167265469064
108.mat,Inner_Race,117,0.0051245034730538,0.3124010300729722,0.312358997076775,1.29899373253493
108.mat,Inner_Race,118,0.0053205626746506,0.3111838012705318,0.3111383129510137,1.315237245508982
108.mat,Inner_Race,119,0.0050302910978043,0.3140104856608047,0.3139701917004317,1.4034395209580837
108.mat,Inner_Race,120,0.0047226389620758,0.2917517520142783,0.291713526399848,1.2195629540918165
108.mat,Inner_Race,121,0.0049703525349301,0.3093539302645234,0.3093139986579755,1.3126382834331338
108.mat,Inner_Race,122,0.0054522975648702,0.2958683834457851,0.2958181413877219,1.2168015568862276
118.mat,Ball,1,0.0156722286227544,0.1389022977101104,0.1380153236388781,0.4817825948103792
118.mat,Ball,2,0.0159196173253493,0.1313990172802193,0.1304310834365099,0.4429605988023952
118.mat,Ball,3,0.0150939595608782,0.1503953027135296,0.1496359564512112,0.5090716966067864
118.mat,Ball,4,0.0154063223153692,0.1247512625368834,0.1237962953293085,0.3997528542914171
118.mat,Ball,5,0.0153155210778443,0.1313689522913252,0.1304731253562763,0.4060878243512973
118.mat,Ball,6,0.0150369448303393,0.1392928415843644,0.1384788287313846,0.432239880239521
118.mat,Ball,7,0.0149833412375249,0.1439854108568157,0.1432036941735998,0.5204421556886227
118.mat,Ball,8,0.0153372873852295,0.1341631473698192,0.1332835988703738,0.4567675848303393
118.mat,Ball,9,0.0149370472255489,0.1397503328792196,0.1389497756746459,0.4876302594810379
118.mat,Ball,10,0.0151620198802395,0.1414533442172957,0.1406384077818288,0.4293160479041916
118.mat,Ball,11,0.0147718506986027,0.1429854409305829,0.142220352780646,0.5258025149700598
118.mat,Ball,12,0.0155236004790419,0.138894480941214,0.1380242538979883,0.4502701796407186
118.mat,Ball,13,0.0148295151696606,0.147016898012626,0.1462670632134511,0.475447624750499
118.mat,Ball,14,0.0153504446307385,0.1470359289813448,0.1462324459928292,0.3887072654690619
118.mat,Ball,15,0.0146628567265469,0.130259326051827,0.1294314206678306,0.4099862674650698
118.mat,Ball,16,0.0152752371656686,0.1350015537977134,0.1341345841210591,0.4081994810379241
118.mat,Ball,17,0.0147569066666666,0.1331778252822382,0.1323577230558824,0.4655390818363273
118.mat,Ball,18,0.0148343882235528,0.1270848391928518,0.1262160737731368,0.3904940518962076
118.mat,Ball,19,0.0148212309780439,0.1288545026719371,0.1279992733226549,0.436950499001996
118.mat,Ball,20,0.0150163155688622,0.1401969550762677,0.1393904461553709,0.4250927345309381
118.mat,Ball,21,0.0151477255888223,0.1476329074142782,0.146853742754751,0.5579646706586827
118.mat,Ball,22,0.0145567865868263,0.1266274015689535,0.1257879119485278,0.3672658283433134
118.mat,Ball,23,0.0151225481437125,0.1353400253354337,0.1344924941973972,0.4736608383233533
118.mat,Ball,24,0.0144767060678642,0.1441284964763404,0.1433996111499439,0.4306155289421158
118.mat,Ball,25,0.0143573162475049,0.1433416639737642,0.1426208263225839,0.445721996007984
118.mat,Ball,26,0.0143643009580838,0.1328466064427497,0.1320677390634837,0.4819450299401198
118.mat,Ball,27,0.0146613948103792,0.1392348418478358,0.1384607694858223,0.5157315369261477
118.mat,Ball,28,0.0141443637924151,0.1529301701272052,0.1522746660086429,0.4226562075848303
118.mat,Ball,29,0.0148637889820359,0.1398988977952033,0.1391070428893168,0.4476712175648702
118.mat,Ball,30,0.0135831504191616,0.1343917869146905,0.1337035916301952,0.5670610379241517
118.mat,Ball,31,0.014386717005988,0.1463399333308664,0.1456310353635929,0.4246054291417165
118.mat,Ball,32,0.0136391905389221,0.1385394032103502,0.1378663799601736,0.5024118562874251
118.mat,Ball,33,0.0135240240319361,0.1375940169248151,0.1369277702567668,0.5193051097804391
118.mat,Ball,34,0.0132214073852295,0.1408773407728131,0.1402555507991506,0.4618030738522954
118.mat,Ball,35,0.0136841850698602,0.1399534441667289,0.1392828403397328,0.5920760479041917
118.mat,Ball,36,0.013169103273453,0.1366347922322111,0.1359986807557802,0.4177831536926147
118.mat,Ball,37,0.0136265205988023,0.1367354204507782,0.1360547431816381,0.4954271457085829
118.mat,Ball,38,0.0132498335329341,0.1448658450750191,0.1442586391889546,0.4080370459081836
118.mat,Ball,39,0.0136313936526946,0.1343725274035519,0.133679322364768,0.4492955688622754
118.mat,Ball,40,0.0136179115369261,0.1365450587440208,0.1358642909405579,0.4756100598802395
118.mat,Ball,41,0.0134190909381237,0.1386893516607372,0.1380386332244347,0.4224937724550898
118.mat,Ball,42,0.0138510059481037,0.1370607872704304,0.136359117925483,0.4642396007984031
118.mat,Ball,43,0.0136115765668662,0.1435003351239177,0.1428533204515773,0.4436103393213573
118.mat,Ball,44,0.0131504232335329,0.1371292248341129,0.1364972185518213,0.4642396007984031
118.mat,Ball,45,0.0131457126147704,0.1402565010031048,0.1396390930702567,0.3971538922155688
118.mat,Ball,46,0.0136252211177644,0.1498610061791425,0.149240324719953,0.4419859880239521
118.mat,Ball,47,0.0126231588023952,0.1292005537989467,0.1285824208972752,0.4337017964071856
118.mat,Ball,48,0.0130872359680638,0.1353009505818006,0.1346665195327148,0.4163212375249501
118.mat,Ball,49,0.0127038890618762,0.1242409239294339,0.1235897179442648,0.4423108582834331
118.mat,Ball,50,0.0128382229141716,0.1404226326809984,0.139834530075617,0.6070200798403194
118.mat,Ball,51,0.0118986981237524,0.139065592662131,0.138555620764477,0.3908189221556886
118.mat,Ball,52,0.0126928434730538,0.1434037710091782,0.1428409369341344,0.4627776846307385
118.mat,Ball,53,0.0124331097005988,0.1265299651077658,0.1259176312251199,0.5297009580838323
118.mat,Ball,54,0.0120320573652694,0.1399200472182442,0.1394017546844893,0.5386348902195609
118.mat,Ball,55,0.0121941676247504,0.1365941987235565,0.1360488052166205,0.4361383233532934
118.mat,Ball,56,0.0120343314570858,0.1474108760574734,0.1469188253642561,0.4479960878243513
118.mat,Ball,57,0.0126493108582834,0.1448542532531629,0.1443008995825805,0.423793253493014
118.mat,Ball,58,0.0120471638323353,0.1455430029555671,0.1450435505388678,0.5495180439121756
118.mat,Ball,59,0.0124048459880239,0.1240090225090728,0.1233870230602438,0.4172958483033932
118.mat,Ball,60,0.0122115481836327,0.1443273830118463,0.1438098452054205,0.4294784830339321
118.mat,Ball,61,0.0123700848702594,0.1344698879486025,0.1338997078608176,0.4189201996007984
118.mat,Ball,62,0.0116933801197604,0.1330644814190652,0.1325496928578091,0.432889620758483
118.mat,Ball,63,0.0128669739321357,0.1424989730101865,0.1419168710576286,0.4644020359281437
118.mat,Ball,64,0.0113826417165668,0.136732387197889,0.1362577747373915,0.4231435129740519
118.mat,Ball,65,0.0119607483433133,0.126784910681731,0.1262194678947841,0.3854585628742515
118.mat,Ball,66,0.0122191826347305,0.1444942889465026,0.1439767033720889,0.4699248303393213
118.mat,Ball,67,0.0119217639121756,0.1258167559277133,0.1252506591495475,0.3503725748502994
118.mat,Ball,68,0.0117849935329341,0.1328305595627355,0.1323067325617942,0.4484833932135728
118.mat,Ball,69,0.0122545934930139,0.136201824614024,0.1356494082792488,0.4184328942115768
118.mat,Ball,70,0.0117570546906187,0.1371992982171938,0.1366946198513031,0.4650517764471058
118.mat,Ball,71,0.0124214143712574,0.1349760185508344,0.1344032516305045,0.4229810778443114
118.mat,Ball,72,0.0115981931337325,0.143129631385392,0.14265894047185,0.5790812375249501
118.mat,Ball,73,0.0116271065868263,0.1263753316280326,0.1258393215037089,0.3935803193612774
118.mat,Ball,74,0.0117354508183632,0.1393207472299455,0.1388256093190308,0.4853561676646706
118.mat,Ball,75,0.0114248748502994,0.1348422983292209,0.1343574250027202,0.4088492215568862
118.mat,Ball,76,0.0119136421556886,0.1291421979875129,0.1285914943984717,0.3965041516966067
118.mat,Ball,77,0.0113594134930139,0.1379725982772361,0.1375041875742929,0.423793253493014
118.mat,Ball,78,0.0122609284630738,0.1580783507994279,0.1576021402922256,0.5105336127744511
118.mat,Ball,79,0.011670476766467,0.1279621770432492,0.1274288771263846,0.3766870658682634
118.mat,Ball,80,0.0115244475848303,0.1508185603363988,0.1503776088711629,0.470737005988024
118.mat,Ball,81,0.0114331590419161,0.1237703301118926,0.1232411355446269,0.3770119361277445
118.mat,Ball,82,0.0114890367265469,0.1468270166537948,0.1463768248547214,0.5160564071856288
118.mat,Ball,83,0.0117166083433133,0.1316199360370015,0.1310974013903928,0.4548183632734531
118.mat,Ball,84,0.0110066043912175,0.1406526762020603,0.1402213606501408,0.4661888223552894
118.mat,Ball,85,0.0114932600399201,0.1302499730703452,0.1297418993944532,0.4137222754491018
118.mat,Ball,86,0.0113834538922155,0.1529675116811156,0.1525433597617282,0.4523818363273453
118.mat,Ball,87,0.0109835386027944,0.1352059600513931,0.1347590943616787,0.4007274650698603
118.mat,Ball,88,0.0111852830339321,0.1493005833011855,0.1488810048915746,0.5391221956087824
118.mat,Ball,89,0.0108807171656686,0.1278682896101328,0.1274045112301033,0.3890321357285429
118.mat,Ball,90,0.0107579162075848,0.138900463493534,0.138483233633495,0.441661117764471
118.mat,Ball,91,0.0110717408782435,0.1373525186947941,0.1369055548388333,0.4695999600798403
118.mat,Ball,92,0.0111017913772455,0.147735562225925,0.1473178420098063,0.4718740518962075
118.mat,Ball,93,0.0111914555688622,0.1284374786561928,0.1279489634417183,0.5236908582834332
118.mat,Ball,94,0.0113087337325349,0.1577026606849353,0.1572966678873855,0.5313253093812376
118.mat,Ball,95,0.0111497097405189,0.1282516888877224,0.1277661131726848,0.3620679041916168
118.mat,Ball,96,0.0110991924151696,0.1462154675172606,0.1457935899449017,0.4460468662674651
118.mat,Ball,97,0.0112807948902195,0.131244912262764,0.1307592087063294,0.3901691816367265
118.mat,Ball,98,0.010890463273453,0.1444899606295234,0.1440789593674621,0.4720364870259481
118.mat,Ball,99,0.0113308249101796,0.1282962332388694,0.1277948976686363,0.3519969261477045
118.mat,Ball,100,0.0108768187225548,0.1508402419030798,0.1504475768892816,0.5576398003992016
118.mat,Ball,101,0.0111739125748503,0.1364686383642629,0.1360104148025642,0.565923992015968
118.mat,Ball,102,0.0112182573652694,0.1422879362286563,0.1418450122418717,0.4437727744510978
118.mat,Ball,103,0.0111729379640718,0.1365681869156759,0.1361103784973284,0.4267170858283433
118.mat,Ball,104,0.01143072251497,0.1475647965856922,0.1471214048810113,0.4942900998003992
118.mat,Ball,105,0.0115739902994011,0.1471205759238524,0.1466646058485665,0.4863307784431137
118.mat,Ball,106,0.0107985249900199,0.1547641309409755,0.1543869427249446,0.5582895409181636
118.mat,Ball,107,0.0118192673453093,0.1467907181168307,0.1463141136209181,0.4043010379241517
118.mat,Ball,108,0.0116262944111776,0.1501682104733832,0.149717469638793,0.5313253093812376
118.mat,Ball,109,0.0108373469860279,0.1420552351419876,0.1416412430810666,0.411610618762475
118.mat,Ball,110,0.01168737001996,0.1507638524449645,0.1503101612867991,0.4900667864271457
118.mat,Ball,111,0.0111890190419161,0.132436349448435,0.1319628451804053,0.35995624750499
118.mat,Ball,112,0.0113579515768463,0.1365983528594748,0.1361253354078498,0.5191426746506986
118.mat,Ball,113,0.0107626268263473,0.1371544481737648,0.1367315198395993,0.3922808383233533
118.mat,Ball,114,0.0109929598403193,0.1493461216144111,0.1489409912522929,0.483894251497006
118.mat,Ball,115,0.010874219760479,0.1260136810815047,0.1255436145899583,0.4330520558882235
118.mat,Ball,116,0.0110746647105788,0.1416445792095268,0.1412109720276444,0.4530315768463073
118.mat,Ball,117,0.0101445611576846,0.1362442586226989,0.1358660586260117,0.4507574850299401
118.mat,Ball,118,0.0107933270658682,0.1500460400971527,0.1496573360703896,0.4931530538922156
118.mat,Ball,119,0.009614697764471,0.1365328358457181,0.1361938796384466,0.4803206786427146
118.mat,Ball,120,0.0100842977245508,0.153013582519403,0.1526809201400907,0.522391377245509
118.mat,Ball,121,0.0096699257085828,0.1418182631223348,0.1414882054866281,0.517680758483034
118.mat,Ball,122,0.009902045508982,0.1546801547987641,0.1543628834380457,0.6039338123752496
120.mat,Ball,1,0.0049943929341317,0.1487465496591052,0.1486626788225886,0.4385748502994012
120.mat,Ball,2,0.0050676511776447,0.1322327321203613,0.1321355907980773,0.3755500199600798
120.mat,Ball,3,0.0046693602395209,0.1478912568506757,0.1478175257803556,0.4712243113772455
120.mat,Ball,4,0.0047976839920159,0.1416075982425496,0.1415263018252653,0.4211942914171657
120.mat,Ball,5,0.0050533568862275,0.1493703349247261,0.1492848302397308,0.4546559281437125
120.mat,Ball,6,0.0047981712974051,0.1379066991641621,0.1378232027873226,0.4291536127744511
120.mat,Ball,7,0.0047000604790419,0.1399222274846228,0.1398432664655395,0.4283414371257485
120.mat,Ball,8,0.0048897847105788,0.1547350492047766,0.1546577688248762,0.4655390818363273
120.mat,Ball,9,0.0047988210379241,0.1377513270470858,0.1376677137889606,0.4483209580838323
120.mat,Ball,10,0.0047007102195608,0.1489265633051035,0.1488523583330163,0.4996504590818363
120.mat,Ball,11,0.0048673686626746,0.1419826634006648,0.1418992086963422,0.4661888223552894
120.mat,Ball,12,0.004847064271457,0.1492509403694021,0.1491722131266382,0.402514251497006
120.mat,Ball,13,0.0043872104191616,0.140388592754406,0.1403200248015245,0.4400367664670658
120.mat,Ball,14,0.0049682408782435,0.1521065901725257,0.1520254299664646,0.4145344510978044
120.mat,Ball,15,0.0046318377245508,0.1459777987377663,0.1459042967277428,0.4824323353293413
120.mat,Ball,16,0.0047439179640718,0.1524857707929839,0.1524119599528875,0.4187577644710579
120.mat,Ball,17,0.0045554932135728,0.1452597024351381,0.1451882523936629,0.4060878243512973
120.mat,Ball,18,0.00498919500998,0.1520237136798649,0.151941822597236,0.4098238323353293
120.mat,Ball,19,0.0047616233932135,0.1460921840227593,0.146014564941998,0.4517320958083832
120.mat,Ball,20,0.0050512452295409,0.1404549392955096,0.140364079785878,0.4358134530938123
120.mat,Ball,21,0.0047629228742514,0.1545353438187013,0.1544619275253878,0.4257424750499002
120.mat,Ball,22,0.0051311633133732,0.1499403311972444,0.149852507762102,0.5667361676646706
120.mat,Ball,23,0.0045270670658682,0.1349820306133254,0.1349060941999207,0.4168085429141716
120.mat,Ball,24,0.0052637103792415,0.1547793304163514,0.1546898008182102,0.5581271057884232
120.mat,Ball,25,0.0045827823153692,0.1445363787799102,0.1444637078890737,0.4302906586826347
120.mat,Ball,26,0.0046378478243512,0.1405423662254666,0.1404658217211979,0.4259049101796407
120.mat,Ball,27,0.0048163640319361,0.1476192328900757,0.1475406403556873,0.466676127744511
120.mat,Ball,28,0.0051108589221556,0.1460815323768758,0.1459920998638421,0.4484833932135728
120.mat,Ball,29,0.0047635726147704,0.1511182862202905,0.1510431885458641,0.4764222355289421
120.mat,Ball,30,0.004522194011976,0.1544962215946353,0.1544300237918026,0.4700872654690619
120.mat,Ball,31,0.00518947752495,0.151105935946522,0.1510167977454577,0.4150217564870259
120.mat,Ball,32,0.0043582969660678,0.1373907883530959,0.1373216442220263,0.4168085429141716
120.mat,Ball,33,0.0046389848702594,0.1539632192097188,0.1538933159328027,0.454493493013972
120.mat,Ball,34,0.0046732586826347,0.1372679059372457,0.1371883327899341,0.4372753692614771
120.mat,Ball,35,0.0049107388423153,0.1592514229020117,0.1591756901676193,0.4393870259481038
120.mat,Ball,36,0.0046575024750499,0.1332153291420782,0.1331338859536787,0.5522794411177645
120.mat,Ball,37,0.0048992059481037,0.1540511108082766,0.1539731876735102,0.5020869860279441
120.mat,Ball,38,0.0050728491017964,0.150727670312885,0.1506422809172118,0.5165437125748502
120.mat,Ball,39,0.0046268022355289,0.1523018433523342,0.1522315479445449,0.4122603592814371
120.mat,Ball,40,0.0047039589221556,0.146345092360044,0.1462694733303175,0.4518945309381237
120.mat,Ball,41,0.0047853389221556,0.1548026909162481,0.1547287098321173,0.4514072255489022
120.mat,Ball,42,0.0045951273852295,0.1507762053648736,0.1507061674535719,0.5160564071856288
120.mat,Ball,43,0.0049339670658682,0.1446445311822306,0.1445603554572284,0.4401992015968064
120.mat,Ball,44,0.0049412766467065,0.151311189787401,0.1512304861460796,0.4770719760479042
120.mat,Ball,45,0.0049947178043912,0.1508242018164582,0.1507414762022258,0.5191426746506986
120.mat,Ball,46,0.0046159190818363,0.153534021891204,0.1534646186230515,0.4528691417165668
120.mat,Ball,47,0.0046300509381237,0.1490201824932943,0.1489482373801218,0.4509199201596806
120.mat,Ball,48,0.0048920588023952,0.1442828394537763,0.1441998804490424,0.4933154890219561
120.mat,Ball,49,0.0045842442315369,0.1666207436089797,0.1665576684083773,0.5214167664670659
120.mat,Ball,50,0.0045048134530938,0.145542984373566,0.145473251686064,0.4746354491017964
120.mat,Ball,51,0.0047091568463073,0.1529842753731564,0.1529117796418792,0.5488683033932136
120.mat,Ball,52,0.004946637005988,0.1464651875322937,0.1463816311604737,0.4471839121756487
120.mat,Ball,53,0.0044905191616766,0.1427639345551253,0.1426932943319997,0.4466966067864271
120.mat,Ball,54,0.0043956570459081,0.1519527608934822,0.1518891692724881,0.4812952894211577
120.mat,Ball,55,0.0049542714570858,0.1539593798020964,0.1538796472031817,0.5303506986027944
120.mat,Ball,56,0.0045340517764471,0.1453523292555111,0.1452815955119264,0.3870829141716567
120.mat,Ball,57,0.0047135425948103,0.1524952189168926,0.1524223550163095,0.5387973253493015
120.mat,Ball,58,0.004371941516966,0.1426081018141741,0.1425410706793452,0.4026766866267465
120.mat,Ball,59,0.0047596741716566,0.1492371859440034,0.1491612656498487,0.5043610778443114
120.mat,Ball,60,0.0047829023952095,0.143689189833825,0.1436095648617421,0.4038137325349301
120.mat,Ball,61,0.0048272471856287,0.1505569315763197,0.1504795246214097,0.6045835528942115
120.mat,Ball,62,0.0046877154091816,0.1520429109338903,0.1519706290356575,0.4111233133732535
120.mat,Ball,63,0.0051154071057884,0.1465712637066668,0.146481971432362,0.5082595209580839
120.mat,Ball,64,0.0046901519361277,0.1448592889697179,0.1447833418443858,0.4069
120.mat,Ball,65,0.0050286667465069,0.1557197734630588,0.1556385567850683,0.5295385229540919
120.mat,Ball,66,0.0044692401596806,0.1408197707732889,0.1407488320840948,0.4198948103792415
120.mat,Ball,67,0.0047007102195608,0.153796765772567,0.1537249117271938,0.4916911377245509
120.mat,Ball,68,0.00500170251497,0.1341181581571143,0.1340248608259246,0.4307779640718563
120.mat,Ball,69,0.0045114732934131,0.155761942745521,0.1556965941071987,0.5033864670658682
120.mat,Ball,70,0.0048251355289421,0.1394979293891432,0.1394144553874731,0.4288287425149701
120.mat,Ball,71,0.0045308030738522,0.1484009421085227,0.1483317614073368,0.4773968463073852
120.mat,Ball,72,0.0047858262275449,0.1418654981658989,0.1417847503689251,0.4150217564870259
120.mat,Ball,73,0.0047967093812375,0.1500777586067674,0.1500010840212266,0.5519545708582835
120.mat,Ball,74,0.0045675134131736,0.1436556876442939,0.1435830575443197,0.4908789620758483
120.mat,Ball,75,0.0046479188023952,0.1530014592153158,0.1529308450667238,0.5102087425149701
120.mat,Ball,76,0.0043199622754491,0.1380607155476473,0.1379931125218469,0.4246054291417165
120.mat,Ball,77,0.0046125079441117,0.1575222606467884,0.1574547152985272,0.4306155289421158
120.mat,Ball,78,0.0046951874251497,0.1298585103389204,0.1297736025641817,0.4155090618762475
120.mat,Ball,79,0.0043136273053892,0.1539701714068984,0.1539097342683038,0.518005628742515
120.mat,Ball,80,0.0046870656686626,0.1391729291223017,0.1390939812353463,0.4718740518962075
120.mat,Ball,81,0.004890921756487,0.1531830201121026,0.1531049200223061,0.4598538522954092
120.mat,Ball,82,0.0039439249500998,0.1404142499126493,0.1403588509304629,0.4299657884231537
120.mat,Ball,83,0.0049609312974051,0.1547239821655335,0.1546444302838701,0.4530315768463073
120.mat,Ball,84,0.0042613231936127,0.154840940785724,0.1547822924886683,0.535548622754491
120.mat,Ball,85,0.0043758399600798,0.1575328926793899,0.1574721064207244,0.5129701397205588
120.mat,Ball,86,0.0044133624750498,0.1557732617636044,0.1557107295986253,0.5111833532934131
120.mat,Ball,87,0.0043816876247505,0.1492755078697475,0.1492111861199762,0.3739256686626746
120.mat,Ball,88,0.0042424807185628,0.1431585207954351,0.1430956443561077,0.4533564471057884
120.mat,Ball,89,0.0048637950898203,0.1521779125848621,0.1521001662589826,0.4596914171656686
120.mat,Ball,90,0.0043129775648702,0.1451637887386367,0.1450997029131365,0.5677107784431138
120.mat,Ball,91,0.0040166958882235,0.1465251255469067,0.1464700603218224,0.497051497005988
120.mat,Ball,92,0.0044728137325349,0.1438969574696567,0.1438274254317939,0.4665136926147704
120.mat,Ball,93,0.0037322719760479,0.1509911609201816,0.1509450258270241,0.5241781636726547
120.mat,Ball,94,0.0044434129740518,0.1433044899763519,0.1432355854127192,0.5141071856287426
120.mat,Ball,95,0.0039205342914171,0.1399435304370909,0.1398886025452639,0.4847064271457086
120.mat,Ball,96,0.0044299308582834,0.1476865250231315,0.1476200710811334,0.4406865069860279
120.mat,Ball,97,0.0038058550898203,0.1414942758466913,0.1414430824198018,0.4873053892215568
120.mat,Ball,98,0.0042242879840319,0.145083560176542,0.1450220494425873,0.4985134131736527
120.mat,Ball,99,0.003798545508982,0.1444066747610824,0.1443567066941098,0.5241781636726547
120.mat,Ball,100,0.0042268869461077,0.1503934799810757,0.1503340688186249,0.4411738123752495
120.mat,Ball,101,0.0042588866666666,0.1379876653277478,0.137921925983373,0.4559554091816367
120.mat,Ball,102,0.0037254497005988,0.1487572070052135,0.1487105499301252,0.4720364870259481
120.mat,Ball,103,0.0036694095808383,0.1297594731002633,0.1297075799349676,0.4208694211576846
120.mat,Ball,104,0.0041740955289421,0.1569148385087113,0.1568593110743835,0.5171934530938124
120.mat,Ball,105,0.0042559628343313,0.1412521468669916,0.1411880156914423,0.5491931736526946
120.mat,Ball,106,0.0041388471057884,0.1489476024988616,0.1488900877654177,0.4450722554890219
120.mat,Ball,107,0.004398256007984,0.141420793654423,0.1413523831491183,0.5340867065868263
120.mat,Ball,108,0.0040225435528942,0.1596670586746178,0.1596163800152382,0.5548784031936127
120.mat,Ball,109,0.0040712740918163,0.1326377244276521,0.132575226451306,0.4769095409181637
120.mat,Ball,110,0.0040844313373253,0.1557075984629665,0.1556540190285978,0.4564427145708583
120.mat,Ball,111,0.0041997602794411,0.1343892274311834,0.1343235886326209,0.475122754491018
120.mat,Ball,112,0.0041537911377245,0.1553672285875854,0.1553116922133397,0.4923408782435129
120.mat,Ball,113,0.0041445323353293,0.1285423860008688,0.1284755535131791,0.3503725748502994
120.mat,Ball,114,0.0045996755688622,0.1532163219038799,0.1531472633853264,0.4817825948103792
120.mat,Ball,115,0.0041265020359281,0.1399364723943925,0.1398756172001899,0.4127476646706586
120.mat,Ball,116,0.0044203471856287,0.1557060323673965,0.1556432749795353,0.5220665069860279
120.mat,Ball,117,0.0042470289021956,0.1375034527076245,0.137437848688132,0.4255800399201597
120.mat,Ball,118,0.0038456516966067,0.1513024080006768,0.1512535276607843,0.4224937724550898
120.mat,Ball,119,0.0039447371257485,0.1447577513024645,0.1447039930725994,0.5236908582834332
120.mat,Ball,120,0.004059578762475,0.1484464454413601,0.1483909262200556,0.466676127744511
120.mat,Ball,121,0.0037382820758483,0.1542128528420012,0.1541675362350651,0.4887673053892216
121.mat,Ball,1,0.003250164510978,0.1503763562350198,0.1503412283612621,0.4559554091816367
121.mat,Ball,2,0.0029626543313373,0.1532866815566266,0.153258048473663,0.6239133333333333
121.mat,Ball,3,0.0032625095808383,0.1642097278589319,0.1641773149821236,0.5123203992015969
121.mat,Ball,4,0.0030351003992015,0.1486582404274466,0.1486272539359834,0.4379251097804391
121.mat,Ball,5,0.0033204989221556,0.1503521205870344,0.1503154498111426,0.4595289820359281
121.mat,Ball,6,0.0032152409580838,0.1598160234487329,0.1597836774409308,0.5009499401197605
121.mat,Ball,7,0.0034181224351297,0.150170320664886,0.1501314145927266,0.4384124151696607
121.mat,Ball,8,0.0036997849500998,0.1633078322867107,0.1632659170724479,0.5037113373253493
121.mat,Ball,9,0.003267057764471,0.1483933884088366,0.1483574199594325,0.4051132135728543
121.mat,Ball,10,0.00390624,0.1603761592087982,0.1603285805202184,0.5366856686626746
121.mat,Ball,11,0.0038450019560878,0.1546804388976689,0.1546326425355693,0.4723613572854291
121.mat,Ball,12,0.0039557827145708,0.1528558709939204,0.1528046762387367,0.6096190419161677
121.mat,Ball,13,0.003930605269461,0.1531746879991777,0.1531242481968846,0.4293160479041916
121.mat,Ball,14,0.003973813013972,0.1589843935643825,0.1589347231009147,0.5873654291417165
121.mat,Ball,15,0.0039033161676646,0.1546960708680791,0.1546468184765435,0.4907165269461078
121.mat,Ball,16,0.0042606734530938,0.1470270817935909,0.1469653341521917,0.4962393213572854
121.mat,Ball,17,0.0034827716167664,0.156605294764542,0.1565665630016656,0.500462634730539
121.mat,Ball,18,0.0041607758483033,0.1487577242173037,0.1486995240700238,0.4272043912175648
121.mat,Ball,19,0.0036931251097804,0.1545150751169565,0.1544709333995305,0.5150817964071857
121.mat,Ball,20,0.0041074971257485,0.1503406885235532,0.1502845670489755,0.4483209580838323
121.mat,Ball,21,0.0039639044710578,0.1533483185766642,0.1532970784836894,0.5157315369261477
121.mat,Ball,22,0.0041183802794411,0.1512331314708202,0.1511770452097285,0.4587168063872255
121.mat,Ball,23,0.0038701794011976,0.1629570124906915,0.1629110482174059,0.548705868263473
121.mat,Ball,24,0.004166623512974,0.1574407420846536,0.157385598186961,0.4499453093812375
121.mat,Ball,25,0.0039858332135728,0.1568227279464669,0.1567720674551597,0.4944525349301397
121.mat,Ball,26,0.0039764119760479,0.1561519820832642,0.1561013441848878,0.4062502594810379
121.mat,Ball,27,0.0036166181636726,0.156607860050279,0.1565660943582165,0.4540061876247505
121.mat,Ball,28,0.0039794982435129,0.1517817281261211,0.1517295508023458,0.4657015169660679
121.mat,Ball,29,0.0042960843113772,0.161884088035363,0.1618270731942918,0.4793460678642715
121.mat,Ball,30,0.0036184049500998,0.142170283469621,0.1421242296283413,0.5236908582834332
121.mat,Ball,31,0.0040084116966067,0.1669204215161812,0.1668722857601288,0.4767471057884231
121.mat,Ball,32,0.0035722733732534,0.146572869080488,0.1465293308980582,0.4172958483033932
121.mat,Ball,33,0.0038737529740518,0.1565404396101363,0.1564925022843931,0.5124828343313372
121.mat,Ball,34,0.0039874575648702,0.1453220248419151,0.1452673090764833,0.4967266267465069
121.mat,Ball,35,0.0043007949301397,0.1585360933879112,0.1584777462916146,0.4678131736526946
121.mat,Ball,36,0.0036822419560878,0.1565784962538815,0.1565351927947949,0.4293160479041916
121.mat,Ball,37,0.0039023415568862,0.1509123376417435,0.1508618751801428,0.5940252694610779
121.mat,Ball,38,0.0037361704191616,0.159359194453985,0.159315391245234,0.4442600798403193
121.mat,Ball,39,0.004072086267465,0.1474471279498476,0.1473908872830646,0.5046859481037924
121.mat,Ball,40,0.0037249623952095,0.1500730383855443,0.1500268026234756,0.4462093013972055
121.mat,Ball,41,0.0039252449101796,0.1590335993737696,0.1589851508228732,0.5459444710578842
121.mat,Ball,42,0.0037113178443113,0.1558396182348206,0.1557954194815532,0.4980261077844311
121.mat,Ball,43,0.004196674011976,0.1448948785253673,0.1448340904280417,0.454493493013972
121.mat,Ball,44,0.0041399841516966,0.1658608757218032,0.1658091994625966,0.5110209181636727
121.mat,Ball,45,0.0042710693013972,0.1555078082547614,0.1554491440800569,0.5280766067864271
121.mat,Ball,46,0.0034847208383233,0.1416465196469871,0.1416036484303398,0.4650517764471058
121.mat,Ball,47,0.0045452598003992,0.1529496118235872,0.1528820603286497,0.4702497005988024
121.mat,Ball,48,0.0040920657884231,0.1566702237820205,0.1566167743809443,0.4957520159680638
121.mat,Ball,49,0.0044375653093812,0.1633272716899279,0.1632669767338163,0.4601787225548902
121.mat,Ball,50,0.0037278862275449,0.1670691446006652,0.1670275484519618,0.4902292215568862
121.mat,Ball,51,0.0040313150499001,0.1448493268373267,0.1447932180186459,0.5074473453093812
121.mat,Ball,52,0.004017020758483,0.1612981656224101,0.1612481372834439,0.6258625548902196
121.mat,Ball,53,0.0038009820359281,0.1550567946906589,0.1550102000363321,0.540259241516966
121.mat,Ball,54,0.004132837005988,0.1642580986636884,0.164206098044171,0.4864932135728543
121.mat,Ball,55,0.0044248953692614,0.1575174868733361,0.1574553237329964,0.583142115768463
121.mat,Ball,56,0.003665186267465,0.1544485990421028,0.1544051040467672,0.5327872255489022
121.mat,Ball,57,0.004406377764471,0.1586877137284679,0.1586265246526095,0.5246654690618763
121.mat,Ball,58,0.004324348023952,0.1594469947040819,0.1593883437843911,0.432239880239521
121.mat,Ball,59,0.0041169183632734,0.165504302456374,0.1654530903753722,0.5344115768463074
121.mat,Ball,60,0.004247353772455,0.154765222816935,0.1547069299660075,0.4938027944111776
121.mat,Ball,61,0.0040834567265469,0.1542403845747655,0.1541863211018863,0.4790211976047904
121.mat,Ball,62,0.0047180907784431,0.1458791223450239,0.1458028050332394,0.4954271457085829
121.mat,Ball,63,0.0040384621956087,0.1639267624034979,0.1638770095382128,0.522391377245509
121.mat,Ball,64,0.0046266398003992,0.1597429414229772,0.1596759266095616,0.5534164870259481
121.mat,Ball,65,0.0041688976047904,0.1675988874851588,0.1675470303497609,0.530513133732535
121.mat,Ball,66,0.003759723512974,0.1607328619135965,0.1606888838035826,0.5815177644710579
121.mat,Ball,67,0.0042504400399201,0.1563472727537007,0.1562894860730789,0.4874678243512974
121.mat,Ball,68,0.0043867231137724,0.1428225513033349,0.142755167406006,0.5482185628742515
121.mat,Ball,69,0.0042122677844311,0.1547827804270093,0.1547254533579657,0.4387372854291417
121.mat,Ball,70,0.0041771817964071,0.1596927321836143,0.159638090268292,0.470737005988024
121.mat,Ball,71,0.0044125502994011,0.1644378114498912,0.1643785972512396,0.5157315369261477
121.mat,Ball,72,0.0042702571257485,0.1470818469008325,0.147019844211045,0.5150817964071857
121.mat,Ball,73,0.0046823550499002,0.1608047683950812,0.160736582923062,0.5686853892215569
121.mat,Ball,74,0.0050603415968063,0.1488039239034742,0.1487178560630651,0.5901268263473054
121.mat,Ball,75,0.004038299760479,0.1343936539041109,0.1343329681974699,0.4965641916167665
121.mat,Ball,76,0.004393870259481,0.1645573036454227,0.1644986324781902,0.720562235528942
121.mat,Ball,77,0.0042951097005988,0.1457941094271386,0.1457308285034855,0.608481996007984
121.mat,Ball,78,0.0048368308582834,0.1626719993497879,0.1626000751528293,0.6006851097804391
121.mat,Ball,79,0.0044361033932135,0.1414096551425693,0.1413400564391606,0.4741481437125748
121.mat,Ball,80,0.0044122254291417,0.1622165009436312,0.1621564844375874,0.6222889820359282
121.mat,Ball,81,0.0042777291417165,0.152480518957858,0.1524205028696855,0.5282390419161677
121.mat,Ball,82,0.004414499520958,0.1532525229396989,0.1531889290430689,0.4051132135728543
121.mat,Ball,83,0.0046839794011976,0.1458138333437192,0.1457385821646384,0.5129701397205588
121.mat,Ball,84,0.0044497479441117,0.1426053554620558,0.1425359152974896,0.5526043113772454
121.mat,Ball,85,0.00458229500998,0.1654574734132342,0.1653940085998662,0.5301882634730539
121.mat,Ball,86,0.0042333843512974,0.1510280727346305,0.1509687292483812,0.4657015169660679
121.mat,Ball,87,0.0044632300598802,0.1482664476124404,0.1481992546035409,0.530513133732535
121.mat,Ball,88,0.0046090968063872,0.1631909849097481,0.1631258832388135,0.5566651896207585
121.mat,Ball,89,0.0041697097804391,0.1483312831286724,0.1482726646248232,0.4663512574850299
121.mat,Ball,90,0.0046448325349301,0.1458007547889356,0.1457267498702479,0.4593665469061876
121.mat,Ball,91,0.0043027441516966,0.1539679481808732,0.1539078148106622,0.4262297804391217
121.mat,Ball,92,0.0043649568063872,0.1474699033272559,0.1474052900659558,0.5435079441117764
121.mat,Ball,93,0.0046942128143712,0.1487157585644808,0.1486416536892077,0.4294784830339321
121.mat,Ball,94,0.0049195103393213,0.145885200900686,0.1458022299550141,0.5805431536926148
121.mat,Ball,95,0.0039931427944111,0.1474625818684528,0.1474085067488766,0.4723613572854291
121.mat,Ball,96,0.0049282818363273,0.1535186564116552,0.1534395317530054,0.5946750099800399
121.mat,Ball,97,0.0045452598003992,0.1449449546672493,0.1448736708199176,0.4574173253493014
121.mat,Ball,98,0.0042533638722554,0.1466310131471833,0.1465693109499381,0.4871429540918163
121.mat,Ball,99,0.0041786437125748,0.1526610728660419,0.1526038731662284,0.4492955688622754
121.mat,Ball,100,0.0043784389221556,0.1423451403453039,0.1422777855201901,0.5051732534930139
121.mat,Ball,101,0.0045421735329341,0.1568448755258767,0.1567790918404762,0.5383100199600799
121.mat,Ball,102,0.0042886122954091,0.1490910066276246,0.1490293127603361,0.4380875449101796
121.mat,Ball,103,0.0043126526946107,0.1464589861325566,0.1463954768622039,0.4847064271457086
121.mat,Ball,104,0.0045636149700598,0.1545439342147546,0.1544765387396398,0.5188178043912175
121.mat,Ball,105,0.0039601684630738,0.1541899646849347,0.1541391004102641,0.4302906586826347
121.mat,Ball,106,0.0050603415968063,0.1594232626322687,0.1593429308480327,0.4635898602794411
121.mat,Ball,107,0.0041505424351297,0.1548377908768476,0.154782151687837,0.5565027544910179
121.mat,Ball,108,0.0048444653093812,0.1457742917987689,0.1456937723627844,0.44133624750499
121.mat,Ball,109,0.0043495254690618,0.1618683717204751,0.1618099236500404,0.4869805189620759
121.mat,Ball,110,0.0051188182435129,0.1611093572015379,0.1610280183001785,0.5465942115768464
121.mat,Ball,111,0.0045213818363273,0.1539301965060831,0.1538637790472192,0.4793460678642715
121.mat,Ball,112,0.004453971257485,0.1357820101323742,0.1357089400725894,0.4171334131736527
121.mat,Ball,113,0.0051707974850299,0.1471462433502596,0.1470553629945628,0.4621279441117765
121.mat,Ball,114,0.0050752856287425,0.1474753077457661,0.1473879502214991,0.5335994011976047
121.mat,Ball,115,0.0046219291816367,0.1324942798652701,0.1324136396586713,0.4393870259481038
121.mat,Ball,116,0.004873378762475,0.1364864299237401,0.1363993978460516,0.4272043912175648
121.mat,Ball,117,0.0050588796806387,0.1573051736922182,0.1572238067428586,0.4674883033932135
121.mat,Ball,118,0.004577909261477,0.1629485979599231,0.1628842789341511,0.4902292215568862
121.mat,Ball,119,0.0052705326546906,0.1430558087977973,0.1429586860471506,0.4590416766467066
121.mat,Ball,120,0.0050775597205588,0.1489808358737551,0.1488942841244314,0.480158243512974
121.mat,Ball,121,0.0045247929740518,0.1508196708923598,0.1507517806747957,0.4708994411177644
131.mat,Outer_Race,1,0.0042529577844311,0.6042991117189787,0.6042841457248654,2.851954790419162
131.mat,Outer_Race,2,0.0025944951097804,0.5764773056003925,0.576471467175448,2.7873868263473054
131.mat,Outer_Race,3,0.004837724251497,0.5776530999733365,0.5776328421522376,2.61033253493014
131.mat,Outer_Race,4,0.0033002757485029,0.6196099860849944,0.6196011967679136,2.868604391217565
131.mat,Outer_Race,5,0.0036653487025948,0.6331183729082982,0.6331077628120977,2.7410928143712576
131.mat,Outer_Race,6,0.0039008796407185,0.6187653048513434,0.6187530085791944,2.8186555888223555
131.mat,Outer_Race,7,0.0033900211576846,0.5782230763051698,0.5782131386680561,2.5660689620758483
131.mat,Outer_Race,8,0.0037567184630738,0.5828878741117579,0.5828757679410886,2.9546950099800395
131.mat,Outer_Race,9,0.0032893113772455,0.5795611976061443,0.5795518632541283,2.9051522954091817
131.mat,Outer_Race,10,0.0046651369261477,0.6208460649521005,0.6208285374110699,3.010329041916168
131.mat,Outer_Race,11,0.0027053570858283,0.5899282522635262,0.5899220489706558,3.011953393213573
131.mat,Outer_Race,12,0.0039142805389221,0.6207787128919765,0.6207663721463025,3.0712422155688626
131.mat,Outer_Race,13,0.002827589520958,0.5781854169917512,0.578178502851348,2.877132235528942
131.mat,Outer_Race,14,0.0036166181636726,0.604098826905138,0.6040880008253948,2.966065469061876
131.mat,Outer_Race,15,0.0033157070858283,0.551725523950451,0.5517155606514291,2.79835119760479
131.mat,Outer_Race,16,0.0050143724550898,0.6096912118291108,0.6096705912626353,2.9352027944111776
131.mat,Outer_Race,17,0.0015496311377245,0.5816106672218634,0.5816086028160159,2.542515868263473
131.mat,Outer_Race,18,0.0038830117764471,0.6001889195744573,0.6001763585809577,2.77642245508982
131.mat,Outer_Race,19,0.0032673826347305,0.6039423908923071,0.6039335524107221,2.9510402195608783
131.mat,Outer_Race,20,0.003580070259481,0.5691099636808644,0.5690987030891671,2.875507884231537
131.mat,Outer_Race,21,0.0030627143712574,0.5850320882877347,0.5850240713910735,3.0111412175648704
131.mat,Outer_Race,22,0.0041051418163672,0.5894377230054082,0.5894234276922389,2.995709880239521
131.mat,Outer_Race,23,0.0038302203592814,0.6062479403869571,0.6062358407710869,2.7520571856287424
131.mat,Outer_Race,24,0.0019865816367265,0.5720747016152405,0.572071252311779,2.860076546906188
131.mat,Outer_Race,25,0.0040105233532934,0.6216269436298647,0.621614006236217,2.793072055888224
131.mat,Outer_Race,26,0.003143119760479,0.5740556799877272,0.5740470751814202,2.9368271457085826
131.mat,Outer_Race,27,0.0027553058882235,0.6023175508832719,0.6023112487671846,3.0143899201596804
131.mat,Outer_Race,28,0.0030923587824351,0.5536105281543248,0.5536018914350557,2.9043401197604792
131.mat,Outer_Race,29,0.0032856565868263,0.61562956856401,0.6156208006160144,2.6805857285429138
131.mat,Outer_Race,30,0.0034139803393213,0.5731425794918931,0.5731324115462881,2.862513073852296
131.mat,Outer_Race,31,0.0009997882235528,0.5975191291557891,0.597518292716299,2.727691916167665
131.mat,Outer_Race,32,0.0046050359281437,0.5934506518238145,0.5934327845630125,2.926268862275449
131.mat,Outer_Race,33,0.0031585510978043,0.565315080811253,0.5653062569506869,2.7122605788423155
131.mat,Outer_Race,34,0.0024803844311377,0.5901653464268859,0.5901601340451929,2.7463719560878244
131.mat,Outer_Race,35,0.0038866665668662,0.575149180372284,0.5751360478233893,2.424344311377246
131.mat,Outer_Race,36,0.0031333736526946,0.6164950328466735,0.6164870700137787,2.913680139720559
131.mat,Outer_Race,37,0.0037867689620758,0.5687561487545523,0.5687435424925177,2.6895196606786427
131.mat,Outer_Race,38,0.0022696248502994,0.6248319798375881,0.6248278577582781,3.0960135728542912
131.mat,Outer_Race,39,0.0040267668662674,0.5391147666219316,0.5390997280081159,2.4288112774451096
131.mat,Outer_Race,40,0.0041883898203592,0.6221669834040967,0.6221528852531878,2.9965220558882235
131.mat,Outer_Race,41,0.0028811931137724,0.5407637442203151,0.5407560686570384,2.796320758483034
131.mat,Outer_Race,42,0.0051313257485029,0.6280139383353824,0.627992974673746,2.8820052894211576
131.mat,Outer_Race,43,0.0034736752495009,0.5680471623427814,0.5680365412770091,2.6659665668662678
131.mat,Outer_Race,44,0.0036446382235528,0.6357655406591328,0.6357550938072136,2.8381478043912174
131.mat,Outer_Race,45,0.0033709350299401,0.5492374975631893,0.5492271529399273,2.640789121756487
131.mat,Outer_Race,46,0.0052141676646706,0.5890570661098438,0.5890339884841125,2.750026746506986
131.mat,Outer_Race,47,0.0035492075848303,0.5749823239984676,0.5749713697534848,2.8125642714570858
131.mat,Outer_Race,48,0.0046553908183632,0.5938785644724848,0.5938603174789737,3.063526546906188
131.mat,Outer_Race,49,0.0040011833333333,0.5930958548078016,0.5930823581275454,2.773579840319361
131.mat,Outer_Race,50,0.004235496007984,0.6171376851383842,0.617123150587895,2.8275895209580835
131.mat,Outer_Race,51,0.0033607828343313,0.5913975456634923,0.5913879962896973,2.7752041916167665
131.mat,Outer_Race,52,0.0053883793413173,0.5848086201417786,0.584783795569102,2.793072055888224
131.mat,Outer_Race,53,0.0039942798403193,0.5843453498479229,0.5843316982822757,2.8718530938123754
131.mat,Outer_Race,54,0.0036600695608782,0.5771149382822716,0.5771033320639898,2.518150598802395
131.mat,Outer_Race,55,0.005011123752495,0.6012755834569885,0.6012547013539928,2.9347967065868263
131.mat,Outer_Race,56,0.0045083870259481,0.6012952650318378,0.6012783633194633,2.936421057884232
131.mat,Outer_Race,57,0.0047390449101796,0.6240226265117363,0.6240046312744363,2.838553892215569
131.mat,Outer_Race,58,0.0029713446107784,0.5796280145716983,0.5796203985260809,2.925050598802396
131.mat,Outer_Race,59,0.0062293872255489,0.5859410374622324,0.5859079229001016,2.948197604790419
131.mat,Outer_Race,60,0.0040730608782435,0.5760417830636303,0.5760273830385224,2.733377145708583
131.mat,Outer_Race,61,0.0042395568862275,0.5737149639554737,0.5736992993056893,2.783732035928144
131.mat,Outer_Race,62,0.0046050359281437,0.5913854560040993,0.5913675263465834,2.8673861277445107
131.mat,Outer_Race,63,0.004747572754491,0.6063942275137183,0.6063756424155738,2.7329710578842312
131.mat,Outer_Race,64,0.0044836156686626,0.613584801252912,0.6135684195907668,3.080988323353293
131.mat,Outer_Race,65,0.0053205626746506,0.600915649410908,0.6008920945725268,2.83895998003992
131.mat,Outer_Race,66,0.0035654510978043,0.5807143554255714,0.5807034098021174,2.849518263473054
131.mat,Outer_Race,67,0.004740669261477,0.5486261530110879,0.5486056706074945,2.629824750499002
131.mat,Outer_Race,68,0.004371941516966,0.6088925571736428,0.6088768613675757,2.961192415169661
131.mat,Outer_Race,69,0.0042708256487025,0.5892362582500081,0.5892207804250871,2.390639021956088
131.mat,Outer_Race,70,0.0050407681636726,0.6242956514661574,0.6242753007254684,2.940888023952096
131.mat,Outer_Race,71,0.0037611854291417,0.5861129791892097,0.5861009109856583,2.659469161676647
131.mat,Outer_Race,72,0.0059134508982035,0.6035035495180896,0.6034745772436547,2.786168562874252
131.mat,Outer_Race,73,0.0017031323353293,0.5778252514567624,0.5778227414712224,2.8308382235528944
131.mat,Outer_Race,74,0.0054383281437125,0.5711169982797216,0.571091105088357,2.808503393213573
131.mat,Outer_Race,75,0.004597320259481,0.5975718274545468,0.5975541428304205,2.835305189620758
131.mat,Outer_Race,76,0.0048348816367265,0.6047784739046698,0.6047591474446832,2.895000099800399
131.mat,Outer_Race,77,0.0042212829341317,0.6165189184589681,0.6165044668031253,2.780483333333333
131.mat,Outer_Race,78,0.0045177270459081,0.6048267214950794,0.6048098487763117,2.866573952095808
131.mat,Outer_Race,79,0.0036649426147704,0.5893014973302445,0.5892901008427841,2.854797405189621
131.mat,Outer_Race,80,0.0042013846307385,0.5678690327462462,0.5678534905407748,2.938045409181637
131.mat,Outer_Race,81,0.0045351888223552,0.5792834436401882,0.5792656904547177,2.8271834331337327
131.mat,Outer_Race,82,0.0048474703592814,0.6015192241074508,0.6014996916058607,2.871040918163673
131.mat,Outer_Race,83,0.0043410788423153,0.6087267648335505,0.6087112856348282,2.786168562874252
131.mat,Outer_Race,84,0.0039670719560878,0.6163908495241751,0.6163780834173369,2.9388575848303398
131.mat,Outer_Race,85,0.0051333561876247,0.5981032626773646,0.5980812331778681,2.8645435129740515
131.mat,Outer_Race,86,0.0033242349301397,0.5876054907404886,0.5875960876405659,2.9035279441117763
131.mat,Outer_Race,87,0.0053238113772455,0.56491469924529,0.5648896126287117,2.8438330339321354
131.mat,Outer_Race,88,0.0037213888223552,0.6076186460910166,0.6076072500741848,2.665560479041916
131.mat,Outer_Race,89,0.0048669625748502,0.5863506898043137,0.5863304905164745,2.7942903193612776
131.mat,Outer_Race,90,0.0044844278443113,0.6401967095002916,0.6401810031248272,3.011953393213573
131.mat,Outer_Race,91,0.004363819760479,0.5849305509030858,0.5849142727416434,2.8409904191616766
131.mat,Outer_Race,92,0.0043309266467065,0.6044014682674466,0.6043859511257903,2.7252553892215565
131.mat,Outer_Race,93,0.0036324555888223,0.5654591824356244,0.5654475150419888,2.89215748502994
131.mat,Outer_Race,94,0.0058521316367265,0.5964968797543343,0.5964681719186391,2.952258483033932
131.mat,Outer_Race,95,0.0037587489021956,0.5585518357266462,0.5585391884194848,2.711448403193613
131.mat,Outer_Race,96,0.0047995519960079,0.6118362137046075,0.6118173883611251,2.918147105788423
131.mat,Outer_Race,97,0.0045717367265469,0.6154611521934609,0.6154441721899766,3.112257085828343
131.mat,Outer_Race,98,0.0045843254491017,0.6050671335744845,0.6050497666243826,2.8190616766467063
131.mat,Outer_Race,99,0.004922190518962,0.583149189034553,0.5831284152844483,2.9047462075848305
131.mat,Outer_Race,100,0.0043861545908183,0.5623188674402096,0.5623017609141426,2.782107684630738
131.mat,Outer_Race,101,0.0041770193612774,0.594855433519286,0.5948407680183607,2.9461671656686623
131.mat,Outer_Race,102,0.0049465557884231,0.5677848600921652,0.5677633124249151,2.82961996007984
131.mat,Outer_Race,103,0.0043768145708582,0.6347502294642584,0.6347351394866532,2.853579141716567
131.mat,Outer_Race,104,0.0043906215568862,0.5716398270541014,0.5716229651761614,2.86698003992016
131.mat,Outer_Race,105,0.0048604651696606,0.6257980047554583,0.625779129273458,3.098450099800399
131.mat,Outer_Race,106,0.0040097111776447,0.530443125901216,0.5304279706351515,3.0485012974051897
131.mat,Outer_Race,107,0.0040222999001995,0.6327928215873349,0.6327800377350516,2.741498902195609
131.mat,Outer_Race,108,0.0048576225548902,0.5423643158071737,0.5423425620067983,3.094795309381237
131.mat,Outer_Race,109,0.0042261559880239,0.6001233981978603,0.6001085174117367,2.601398602794412
131.mat,Outer_Race,110,0.0045022957085828,0.5942040271155716,0.594186969878771,3.0907344311377245
131.mat,Outer_Race,111,0.0044925496007984,0.6167555346790884,0.6167391722238604,2.6891135728542914
131.mat,Outer_Race,112,0.004115294011976,0.559218420422047,0.5592032779719055,2.9404819361277443
131.mat,Outer_Race,113,0.0044141746506986,0.5987537440884303,0.5987374726222392,2.896218363273453
131.mat,Outer_Race,114,0.0037741802395209,0.5681142070971539,0.5681016703629267,2.968908083832335
131.mat,Outer_Race,115,0.0052438120758483,0.6110214988656038,0.610998997143925,2.9620045908183634
131.mat,Outer_Race,116,0.0038919457085828,0.5864898538081857,0.5864769401933452,3.0387551896207587
131.mat,Outer_Race,117,0.0044235146706586,0.6011618112298949,0.6011455362881489,2.814188622754491
131.mat,Outer_Race,118,0.0039398640718562,0.6059799390963281,0.6059671311699049,2.994491616766467
131.mat,Outer_Race,119,0.005026149001996,0.576700326628971,0.5766784238725873,2.6850526946107784
131.mat,Outer_Race,120,0.0041709280439121,0.5788180235393343,0.5788029956152904,2.9510402195608783
131.mat,Outer_Race,121,0.0043471701596806,0.5820759712468135,0.5820597378401327,3.001395109780439
131.mat,Outer_Race,122,0.0054756882235528,0.5862687318294191,0.586243160096008,2.910025349301397
132.mat,Outer_Race,1,0.0035374310379241,0.5733476640953055,0.5733367513993806,2.7207884231536927
132.mat,Outer_Race,2,0.0046375229540918,0.5331515069567092,0.5331313372435166,2.7264736526946107
132.mat,Outer_Race,3,0.0039922494011976,0.583758504637733,0.583744853237783,2.702108383233533
132.mat,Outer_Race,4,0.0046363046906187,0.5670136165216589,0.5669946613503399,2.7329710578842312
132.mat,Outer_Race,5,0.003452964770459,0.5753381718299685,0.5753278100343701,2.6643422155688623
132.mat,Outer_Race,6,0.0047374205588822,0.5804012925190621,0.5803819580278544,2.717945808383233
132.mat,Outer_Race,7,0.0046115333333333,0.5386343930189192,0.5386146517717236,2.752869361277445
132.mat,Outer_Race,8,0.0044206720558882,0.5637188703479388,0.5637015366707193,2.662311776447106
132.mat,Outer_Race,9,0.0046375229540918,0.5434260810908343,0.543406292741069,2.827995608782435
132.mat,Outer_Race,10,0.0033875846307385,0.5473622725011699,0.547351789645393,2.928705389221557
132.mat,Outer_Race,11,0.0044698086826347,0.5661978437380135,0.5661802001694484,2.6330734530938127
132.mat,Outer_Race,12,0.0047772171656686,0.570595246760332,0.5705752481677033,2.5798759481037927
132.mat,Outer_Race,13,0.0046533603792415,0.5757027123753246,0.5756839056926001,2.743529341317365
132.mat,Outer_Race,14,0.0047110248502994,0.5514510798806271,0.5514309564636081,2.851954790419162
132.mat,Outer_Race,15,0.0042598612774451,0.5908694581546003,0.5908541022636704,2.561601996007984
132.mat,Outer_Race,16,0.004665543013972,0.5541759894085058,0.5541563497292809,2.745965868263473
132.mat,Outer_Race,17,0.0050119359281437,0.5829625486629809,0.5829410035688779,2.87632005988024
132.mat,Outer_Race,18,0.0038610830339321,0.5357688339367677,0.53575492107471,2.655002195608782
132.mat,Outer_Race,19,0.0039991528942115,0.5398365201475038,0.5398217069191411,2.572160279441118
132.mat,Outer_Race,20,0.0045169148702594,0.5880472515465226,0.5880299036031026,2.985557684630739
132.mat,Outer_Race,21,0.0039370214570858,0.5491586816785639,0.5491445688750685,2.6781492015968063
132.mat,Outer_Race,22,0.0042797595808383,0.5730617260036801,0.5730457446559106,2.647286526946108
132.mat,Outer_Race,23,0.0038956004990019,0.5530296686545795,0.5530159479698087,2.6363221556886227
132.mat,Outer_Race,24,0.0041721463073852,0.6045217427204049,0.6045073453787847,2.6708396207584832
132.mat,Outer_Race,25,0.002269218762475,0.5234138057686972,0.5234088867372043,2.711854491017964
132.mat,Outer_Race,26,0.0050590421157684,0.5546132540086743,0.5545901798760606,2.6716517964071858
132.mat,Outer_Race,27,0.0037526575848303,0.5623136109695316,0.5623010889573706,2.8133764471057883
132.mat,Outer_Race,28,0.0042765108782435,0.578897002252599,0.5788812060101398,2.498252295409182
132.mat,Outer_Race,29,0.0036811861277445,0.544924130360186,0.544911696256832,2.7691128742514968
132.mat,Outer_Race,30,0.0031869772455089,0.5434565016611773,0.5434471569286584,2.5827185628742515
132.mat,Outer_Race,31,0.0038635195608782,0.6084950503556781,0.6084827849035351,3.0822065868263477
132.mat,Outer_Race,32,0.003904940518962,0.5674176151070335,0.567404178142263,2.938451497005988
132.mat,Outer_Race,33,0.0022359195608782,0.5342442023372685,0.5342395234299888,2.7890111776447104
132.mat,Outer_Race,34,0.0041554967065868,0.5756096720153008,0.5755946719391032,2.65419001996008
132.mat,Outer_Race,35,0.0037437236526946,0.5951447799915269,0.5951330050370045,2.7585545908183637
132.mat,Outer_Race,36,0.0039597623752495,0.5686013295858539,0.5685875414469898,2.7289101796407182
132.mat,Outer_Race,37,0.0039451432135728,0.5406514904878353,0.540637096407324,2.470232235528942
132.mat,Outer_Race,38,0.0026964231536926,0.5774134568999599,0.5774071609456694,2.650535229540918
132.mat,Outer_Race,39,0.0038030124750499,0.5945585035785497,0.5945463407285246,2.736625848303393
132.mat,Outer_Race,40,0.0033725593812375,0.5633753245349626,0.5633652297915576,2.61967255489022
132.mat,Outer_Race,41,0.0034964161676646,0.580287080943214,0.5802765473320276,2.778452894211577
132.mat,Outer_Race,42,0.0033542854291417,0.5597092626052386,0.5596992115550635,2.667184830339321
132.mat,Outer_Race,43,0.0042602673652694,0.6127419532168712,0.6127271426613994,2.808097305389221
132.mat,Outer_Race,44,0.00295469500998,0.5265918138619706,0.5265835244325807,2.756118063872256
132.mat,Outer_Race,45,0.0046334620758483,0.580486793772731,0.5804683012652258,2.860076546906188
132.mat,Outer_Race,46,0.0040113355289421,0.5717300784728863,0.5717160062635005,2.612362974051896
132.mat,Outer_Race,47,0.00346799001996,0.587417862498646,0.5874076252720078,2.815406886227545
132.mat,Outer_Race,48,0.0040966139720558,0.5620299328144214,0.5620150025874282,2.650129141716567
132.mat,Outer_Race,49,0.0035366188622754,0.5835519331174739,0.5835412161725715,2.7041388223552896
132.mat,Outer_Race,50,0.0045104174650698,0.5928193666684674,0.5928022078497123,2.7752041916167665
132.mat,Outer_Race,51,0.0037425053892215,0.5548473956316826,0.5548347736873317,2.9116497005988027
132.mat,Outer_Race,52,0.0046249342315369,0.5710153137953597,0.5709965836781925,2.866167864271457
132.mat,Outer_Race,53,0.0028483,0.5406526231633317,0.5406451203150746,2.884847904191617
132.mat,Outer_Race,54,0.0037449419161676,0.5696665234792733,0.569654213872772,2.637946506986028
132.mat,Outer_Race,55,0.0038529612774451,0.5672407134993307,0.5672276278008893,2.804036427145709
132.mat,Outer_Race,56,0.0037299166666666,0.5795143602930343,0.5795023567747628,2.810533832335329
132.mat,Outer_Race,57,0.004010117265469,0.5809784102156251,0.5809645704310998,2.998146407185629
132.mat,Outer_Race,58,0.0035577354291417,0.5472778063157372,0.5472662421567602,2.523023652694611
132.mat,Outer_Race,59,0.0043630075848303,0.6023039841241142,0.6022881814020561,2.7642398203592813
132.mat,Outer_Race,60,0.0041896080838323,0.5651833045758357,0.5651677759350454,2.439775648702595
132.mat,Outer_Race,61,0.0034192594810379,0.5380225000237285,0.5380116348150701,2.736625848303393
132.mat,Outer_Race,62,0.0039816911177644,0.5717512240184248,0.5717373595475546,2.717945808383233
132.mat,Outer_Race,63,0.0032381443113772,0.5621015904516982,0.5620922632537717,3.0095168662674654
132.mat,Outer_Race,64,0.0040645330339321,0.5825114626782183,0.5824972821590959,2.7618032934131738
132.mat,Outer_Race,65,0.0038407786427145,0.538324457083159,0.538310755524442,2.715509281437126
132.mat,Outer_Race,66,0.0043443275449101,0.6143143317994539,0.6142989704308417,2.650535229540918
132.mat,Outer_Race,67,0.0039370214570858,0.571550352379486,0.5715367924877287,2.794696407185629
132.mat,Outer_Race,68,0.0028734774451097,0.5708039998597997,0.5707967671451184,2.665154391217565
132.mat,Outer_Race,69,0.0048892974051896,0.5563832272581898,0.5563617441423538,2.9189592814371257
132.mat,Outer_Race,70,0.0037018966067864,0.578698176559397,0.5786863360359253,2.609114271457086
132.mat,Outer_Race,71,0.0040015894211576,0.5856821245743465,0.5856684542708654,2.677337025948104
132.mat,Outer_Race,72,0.0024154103792415,0.52892586782886,0.5289203526536036,2.647286526946108
132.mat,Outer_Race,73,0.0056003571856287,0.5857008138267619,0.5856740384520425,2.786980738522954
132.mat,Outer_Race,74,0.0036174303393213,0.5558503643672902,0.5558385932669568,2.714291017964072
132.mat,Outer_Race,75,0.0049299061876247,0.6078808511463949,0.60786086007856,2.805660778443114
132.mat,Outer_Race,76,0.0036450443113772,0.5187243754367182,0.5187115685274251,2.573784630738523
132.mat,Outer_Race,77,0.0029713446107784,0.5803995117542124,0.5803919058323713,2.5912464071856287
132.mat,Outer_Race,78,0.0040815887225548,0.5834125272165998,0.5833982495232221,2.7959146706586826
132.mat,Outer_Race,79,0.0035760093812375,0.5820177952419308,0.582006809354653,2.6480987025948104
132.mat,Outer_Race,80,0.0037806776447105,0.5334193376203633,0.5334059394343992,3.005455988023952
132.mat,Outer_Race,81,0.0036409834331337,0.5751853635617474,0.5751738395435759,2.818249500998004
132.mat,Outer_Race,82,0.0038017942115768,0.5847598334144278,0.5847474746723086,2.975405489021956
132.mat,Outer_Race,83,0.0036145877245508,0.5606379869731313,0.5606263347300645,2.7796711576846307
132.mat,Outer_Race,84,0.003911844011976,0.5530506020153295,0.5530367671917884,2.687083133732535
132.mat,Outer_Race,85,0.0040657512974051,0.6030657224143652,0.6030520170081084,2.7658641716566867
132.mat,Outer_Race,86,0.0036239277445109,0.5720147809421307,0.5720033013575851,2.745965868263473
132.mat,Outer_Race,87,0.0039727571856287,0.5845277854981727,0.5845142848722706,2.858858283433133
132.mat,Outer_Race,88,0.003196317265469,0.5535764903003221,0.5535672625518611,2.9977403193612773
132.mat,Outer_Race,89,0.0042501151696606,0.594557743747697,0.5945425528685031,2.780889421157685
132.mat,Outer_Race,90,0.0037148914171656,0.5683087644901972,0.568296622705197,2.459267864271457
132.mat,Outer_Race,91,0.0042476786427145,0.5527127707664268,0.5526964485089884,2.77642245508982
132.mat,Outer_Race,92,0.0039467675648702,0.5838898146379339,0.5838764755183323,2.525054091816367
132.mat,Outer_Race,93,0.0035252484031936,0.5602391261466534,0.5602280349012013,2.929923652694611
132.mat,Outer_Race,94,0.0046294011976047,0.5985330762985418,0.5985151727967702,2.933984530938124
132.mat,Outer_Race,95,0.0040218938123752,0.5550276088179027,0.5550130367120044,3.1012927145708584
132.mat,Outer_Race,96,0.0041177305389221,0.593266346804616,0.5932520565038976,2.7325649700598804
132.mat,Outer_Race,97,0.003965041516966,0.5629470400436923,0.5629330762530509,3.010329041916168
132.mat,Outer_Race,98,0.0044592503992015,0.5795468739165873,0.5795297180924943,2.883629640718562
132.mat,Outer_Race,99,0.0036694095808383,0.5840636549167361,0.5840521281769497,2.878350499001996
132.mat,Outer_Race,100,0.0043524493013972,0.5858117777358244,0.585795608654662,2.9043401197604792
132.mat,Outer_Race,101,0.0035788519960079,0.5896596453148144,0.5896487845583872,2.7268797405189624
132.mat,Outer_Race,102,0.004191638522954,0.5622359035209191,0.5622202783380169,2.649316966067864
132.mat,Outer_Race,103,0.0039366153692614,0.5809530823922543,0.5809397447244387,2.8803809381237526
132.mat,Outer_Race,104,0.0033741837325349,0.5717536167868451,0.5717436603872207,2.9023096806387225
132.mat,Outer_Race,105,0.0039707267465069,0.5760719944793257,0.5760583096809669,2.91408622754491
132.mat,Outer_Race,106,0.0039922494011976,0.5866259260318948,0.5866123413613942,2.82312255489022
132.mat,Outer_Race,107,0.004417017265469,0.564641629697744,0.5646243529517663,2.6497230538922154
132.mat,Outer_Race,108,0.0031658606786427,0.5866094303149948,0.5866008873677624,2.656626546906188
132.mat,Outer_Race,109,0.003963823253493,0.5492689746349777,0.5492546718979956,3.030227345309381
132.mat,Outer_Race,110,0.0035552989021956,0.6216303033026486,0.6216201362840966,2.76058502994012
132.mat,Outer_Race,111,0.0040296094810379,0.5456265566250337,0.5456116765080468,2.8487060878243518
132.mat,Outer_Race,112,0.003685247005988,0.563619108217355,0.5636070600180868,2.810533832335329
132.mat,Outer_Race,113,0.0036231155688622,0.6006411209957918,0.6006301934340765,2.936421057884232
132.mat,Outer_Race,114,0.0033364175648702,0.5870339632889938,0.587024481919295,2.739468463073852
132.mat,Outer_Race,115,0.0046984361277445,0.568080677145531,0.5680612470887965,2.7752041916167665
132.mat,Outer_Race,116,0.0040377312375249,0.5480740140024926,0.5480591405599015,2.6789613772455088
132.mat,Outer_Race,117,0.0037542819361277,0.6095517200529186,0.6095401584691658,2.891751397205589
132.mat,Outer_Race,118,0.0029494158682634,0.5580862282604702,0.5580784345591878,2.87022874251497
132.mat,Outer_Race,119,0.0040450408183632,0.5570682566443814,0.5570535703193977,2.5888098802395207
132.mat,Outer_Race,120,0.0037295105788423,0.5716626656513994,0.5716504999127578,2.872665269461078
132.mat,Outer_Race,121,0.0042903178642714,0.5999326417674564,0.5999173008262911,2.551449800399202
133.mat,Outer_Race,1,0.0043333631736526,0.5660864846796693,0.5660698985996259,2.759772854291417
133.mat,Outer_Race,2,0.004694375249501,0.5386570442673057,0.5386365882297701,2.792259880239521
133.mat,Outer_Race,3,0.0046001628742514,0.6086905683680293,0.6086731853151779,2.9599741516966067
133.mat,Outer_Race,4,0.0044783365269461,0.533059478112397,0.5330406660916336,2.631043013972056
133.mat,Outer_Race,5,0.0048486886227544,0.5627252228780717,0.5627043332708707,2.821904291417165
133.mat,Outer_Race,6,0.0046200611776447,0.5995421847292324,0.5995243834112303,2.8137825349301395
133.mat,Outer_Race,7,0.0043889972055888,0.5404505286178499,0.5404327068070943,2.351248502994012
133.mat,Outer_Race,8,0.0047459484031936,0.5919183326629301,0.5918993060616117,2.9705324351297406
133.mat,Outer_Race,9,0.0040263607784431,0.5734489095553096,0.5734347742237608,2.896218363273453
133.mat,Outer_Race,10,0.0052190407185628,0.5467026154151089,0.5466777033277453,2.61358123752495
133.mat,Outer_Race,11,0.004590416766467,0.5979985354494397,0.5979809164794349,2.657032634730539
133.mat,Outer_Race,12,0.0044482860279441,0.5365688715971483,0.5365504325955301,3.0862674650698603
133.mat,Outer_Race,13,0.0051443205588822,0.6106716062638364,0.6106499379045588,2.731752794411177
133.mat,Outer_Race,14,0.0047349840319361,0.5616109581275638,0.5615909972704135,2.524648003992016
133.mat,Outer_Race,15,0.0046476751497005,0.5857952771095452,0.5857768395895757,2.821092115768463
133.mat,Outer_Race,16,0.0048153894211576,0.6054341547593812,0.6054150045827482,2.9388575848303398
133.mat,Outer_Race,17,0.0051081787425149,0.5214204814932618,0.5213954593498101,2.65419001996008
133.mat,Outer_Race,18,0.0045883863273453,0.5859895378617251,0.5859715737084088,3.163018063872256
133.mat,Outer_Race,19,0.0047240196606786,0.5731856399154006,0.5731661726266413,2.7504328343313373
133.mat,Outer_Race,20,0.0051366048902195,0.5586387010838413,0.5586150854021426,2.933172355289421
133.mat,Outer_Race,21,0.0047045274451097,0.6058024112891748,0.6057841438543079,2.7122605788423155
133.mat,Outer_Race,22,0.004996098502994,0.5610606647775166,0.5610384198611867,2.814594710578842
133.mat,Outer_Race,23,0.0052775173652694,0.5497903211836989,0.5497649907712696,2.969720259481038
133.mat,Outer_Race,24,0.004914068762475,0.5963695332673411,0.5963492870270777,3.1841346307385225
133.mat,Outer_Race,25,0.0056141641716566,0.5555900156729562,0.5555616497528689,2.838553892215569
133.mat,Outer_Race,26,0.0043902154690618,0.6091173133349305,0.6091014918816888,2.8438330339321354
133.mat,Outer_Race,27,0.0047435118762475,0.5690556128900246,0.5690358421547113,2.7752041916167665
133.mat,Outer_Race,28,0.0058362942115768,0.5668827215127312,0.5668526771741991,2.791041616766467
133.mat,Outer_Race,29,0.0051309196606786,0.5776972837305686,0.5776744977001432,2.7252553892215565
133.mat,Outer_Race,30,0.0044637173652694,0.5844602008743036,0.5844431551770577,2.696017065868263
133.mat,Outer_Race,31,0.0059906075848303,0.5802425029627306,0.5802115776725064,2.978248103792416
133.mat,Outer_Race,32,0.0056852295409181,0.5796559587332987,0.5796280778741544,2.5372367265469062
133.mat,Outer_Race,33,0.0045514323353293,0.5414342783921734,0.5414151478133489,2.9879942115768463
133.mat,Outer_Race,34,0.0054050289421157,0.6011366529214901,0.6011123531818215,3.134998003992016
133.mat,Outer_Race,35,0.0053043191616766,0.5807523316253861,0.5807281075396244,2.924644510978044
133.mat,Outer_Race,36,0.0058821821357285,0.5710800089595892,0.5710497146191447,2.7833259481037924
133.mat,Outer_Race,37,0.0055609666666666,0.6074483402850475,0.6074228854470262,2.6456621756487024
133.mat,Outer_Race,38,0.0037307288423153,0.5526395267654584,0.5526269340213658,2.895000099800399
133.mat,Outer_Race,39,0.0059499988023952,0.6126734055719758,0.6126445130819456,2.9741872255489024
133.mat,Outer_Race,40,0.0059495927145708,0.5628631635030501,0.5628317183450059,3.1301249500998
133.mat,Outer_Race,41,0.004974169760479,0.5932179376297403,0.5931970828998373,2.9404819361277443
133.mat,Outer_Race,42,0.0050363011976047,0.5812641189342038,0.5812423002764021,3.0444404191616767
133.mat,Outer_Race,43,0.005110615269461,0.5915458964400263,0.5915238196443164,2.661093512974052
133.mat,Outer_Race,44,0.0052641164670658,0.5971582154549097,0.5971350126756204,2.5782515968063877
133.mat,Outer_Race,45,0.0051028996007984,0.5646983718399743,0.5646753151806638,2.74190499001996
133.mat,Outer_Race,46,0.0050667577844311,0.5829643385712258,0.5829423196263424,3.033476047904192
133.mat,Outer_Race,47,0.0054362977045908,0.5999890814067027,0.5999644526757615,2.977842015968064
133.mat,Outer_Race,48,0.004048289520958,0.5741755571102942,0.5741612854720102,2.527084530938124
133.mat,Outer_Race,49,0.0057741627744511,0.5951465735777547,0.5951185622089064,2.8584521956087823
133.mat,Outer_Race,50,0.005169498003992,0.5646085005983839,0.5645848344034242,3.003019461077844
133.mat,Outer_Race,51,0.0023138884231536,0.5786915588357376,0.5786869327953598,2.905558383233533
133.mat,Outer_Race,52,0.0066651194610778,0.5979786156157421,0.597941469473634,3.236113872255489
133.mat,Outer_Race,53,0.0049177235528942,0.5833631287547745,0.5833424002981584,2.8937818363273453
133.mat,Outer_Race,54,0.0037490027944111,0.5797510590746944,0.5797389373470418,2.839772155688623
133.mat,Outer_Race,55,0.0044446312375249,0.5583868359330443,0.5583691465298551,2.6931744510978044
133.mat,Outer_Race,56,0.0043077796407185,0.627679964258503,0.6276651818972616,2.943730638722555
133.mat,Outer_Race,57,0.0039634171656686,0.5419754179734194,0.5419609257242015,2.9035279441117763
133.mat,Outer_Race,58,0.0041782376247504,0.6146311059906292,0.614616904080595,2.52586626746507
133.mat,Outer_Race,59,0.0045360009980039,0.5626280008866802,0.56260971559038,3.156926746506986
133.mat,Outer_Race,60,0.0034533708582834,0.5816405939165156,0.5816303419881671,2.8937818363273453
133.mat,Outer_Race,61,0.0028539852295409,0.6025418070844288,0.6025350479871513,2.949009780439121
133.mat,Outer_Race,62,0.0050671638722554,0.5553790134711611,0.5553558971096749,2.555104590818363
133.mat,Outer_Race,63,0.0043833119760479,0.5845289496676096,0.5845125144730774,2.7991633732534926
133.mat,Outer_Race,64,0.0027995694610778,0.5846596071353535,0.5846529044026878,3.019262974051896
133.mat,Outer_Race,65,0.005102493512974,0.5796249660879335,0.579602506785804,2.947791516966068
133.mat,Outer_Race,66,0.0040174268463073,0.5950810391940602,0.5950674780979189,2.851954790419162
133.mat,Outer_Race,67,0.0039954981037924,0.573823808163461,0.5738098977972749,3.127688423153693
133.mat,Outer_Race,68,0.0038257533932135,0.5802805491182289,0.5802679375046734,3.0452525948103792
133.mat,Outer_Race,69,0.0043374240518962,0.5958119547260695,0.5957961666099354,2.799975548902196
133.mat,Outer_Race,70,0.0039317423153692,0.5530276241184521,0.5530136476077833,2.822310379241517
133.mat,Outer_Race,71,0.0039528588822355,0.6098523176238749,0.6098395069342989,2.606271656686627
133.mat,Outer_Race,72,0.0036592573852295,0.5752676252175467,0.5752559868952469,2.5583532934131736
133.mat,Outer_Race,73,0.0043012822355289,0.5794829406086779,0.5794669769949025,2.609114271457086
133.mat,Outer_Race,74,0.0043167135728542,0.5945774513297252,0.5945617811579227,2.592058582834331
133.mat,Outer_Race,75,0.0042606734530938,0.5576151495072103,0.5575988716108333,2.862513073852296
133.mat,Outer_Race,76,0.0037814898203592,0.5761637480587632,0.5761513385490487,2.6704335329341315
133.mat,Outer_Race,77,0.0046602638722554,0.6030289506949291,0.6030109429495192,2.704544910179641
133.mat,Outer_Race,78,0.0044653417165668,0.5692377185487609,0.569220204263651,2.7979451097804398
133.mat,Outer_Race,79,0.004250521257485,0.6154848646555348,0.615470187490086,3.144744111776447
133.mat,Outer_Race,80,0.0043260535928143,0.5580540455291978,0.558037277421335,3.091546606786427
133.mat,Outer_Race,81,0.0044385399201596,0.5907849001494714,0.5907682266405312,2.83571127744511
133.mat,Outer_Race,82,0.0044222964071856,0.5923871948640792,0.5923706879424568,3.159769361277445
133.mat,Outer_Race,83,0.0041863593812375,0.5556957248035206,0.5556799555140002,2.63550998003992
133.mat,Outer_Race,84,0.0048669625748503,0.6177060406375562,0.6176868667176122,3.003831636726547
133.mat,Outer_Race,85,0.0029148984031936,0.5461009344173068,0.5460931550008246,2.663936127744511
133.mat,Outer_Race,86,0.0059126387225548,0.5807246950821646,0.5806945945861814,2.568911576846307
133.mat,Outer_Race,87,0.0043829058882235,0.6005485300639613,0.6005325362525826,2.7833259481037924
133.mat,Outer_Race,88,0.0042038211576846,0.5498266629205915,0.5498105920642744,2.5607898203592816
133.mat,Outer_Race,89,0.00422859251497,0.6017885071383533,0.6017736504111412,2.872259181636726
133.mat,Outer_Race,90,0.004415799001996,0.5822173242484409,0.5822005783011454,2.88281746506986
133.mat,Outer_Race,91,0.0038545856287425,0.5614440560122803,0.561430824056848,2.964847205588822
133.mat,Outer_Race,92,0.0049599566866267,0.6078252587899459,0.6078050214112511,2.5953072854291417
133.mat,Outer_Race,93,0.0041238218562874,0.5569502545382101,0.5569349873400617,2.6330734530938127
133.mat,Outer_Race,94,0.0042168159680638,0.5945767951142295,0.5945618418225305,2.869010479041916
133.mat,Outer_Race,95,0.0048474703592814,0.5724561883045954,0.5724356641224778,2.9721567864271456
133.mat,Outer_Race,96,0.0037839263473053,0.5528032550192045,0.5527903044204246,2.9774359281437124
133.mat,Outer_Race,97,0.0049429009980039,0.6221303920052582,0.6221107557230787,2.9104314371257485
133.mat,Outer_Race,98,0.0032775348303393,0.529603658829545,0.5295935169647349,2.4446487025948103
133.mat,Outer_Race,99,0.0053506131736526,0.6079701650992793,0.6079466198520317,2.913680139720559
133.mat,Outer_Race,100,0.0045697062874251,0.5792060919419225,0.5791880650765187,2.876726147704591
133.mat,Outer_Race,101,0.003896818762475,0.5760259715000919,0.576012790349448,2.727691916167665
133.mat,Outer_Race,102,0.0044316364271457,0.6097806996749737,0.6097645958029033,2.9741872255489024
133.mat,Outer_Race,103,0.004650517764471,0.5849847819925514,0.5849662963345796,2.988806387225549
133.mat,Outer_Race,104,0.0043325509980039,0.572368285996369,0.5723518881040499,2.527084530938124
133.mat,Outer_Race,105,0.0037591549900199,0.5976419760001536,0.5976301533817794,2.890127045908184
133.mat,Outer_Race,106,0.0032336773453093,0.5729476651779061,0.5729385397786052,2.923832335329341
133.mat,Outer_Race,107,0.0044807730538922,0.5980027634700098,0.5979859762491158,2.7220066866267465
133.mat,Outer_Race,108,0.0046488934131736,0.5789734046177946,0.5789547400658823,3.013577744510978
133.mat,Outer_Race,109,0.0039252449101796,0.5825938396742366,0.5825806162916557,2.6420073852295407
133.mat,Outer_Race,110,0.0038062611776447,0.5952730411681773,0.5952608721539305,2.8170312375249504
133.mat,Outer_Race,111,0.0040767156686626,0.5810382562393,0.5810239544140701,2.961192415169661
133.mat,Outer_Race,112,0.004430824251497,0.6036629057537886,0.6036466446353859,3.110632734530938
133.mat,Outer_Race,113,0.003859864770459,0.56410350458372,0.5640902989128502,2.687489221556886
133.mat,Outer_Race,114,0.0041169183632734,0.5773025742254183,0.5772878945469798,2.573378542914172
133.mat,Outer_Race,115,0.0044153929141716,0.5876509633776131,0.5876343753253807,3.0992622754491017
133.mat,Outer_Race,116,0.0035751972055888,0.5945754369178108,0.5945646879448415,2.8815992015968064
133.mat,Outer_Race,117,0.0048600590818363,0.5570494874676397,0.5570282859188401,2.933172355289421
133.mat,Outer_Race,118,0.0045871680638722,0.5991499004055247,0.5991323401762786,2.957131536926148
133.mat,Outer_Race,119,0.0017855681636726,0.5479819591917751,0.5479790500977105,2.783732035928144
133.mat,Outer_Race,120,0.0058736542914171,0.6047150346244483,0.6046865082719414,2.550637624750499
133.mat,Outer_Race,121,0.0045843254491018,0.5853552880020076,0.5853373362020315,3.147586726546906
133.mat,Outer_Race,122,0.0037818959081836,0.577915791164682,0.5779034166198016,2.5644446107784438
